"chrom","start","end","percent_methylation","methylated_reads","unmethylated_reads"
"phage_lambda",133,134,0,0,1
"phage_lambda",137,138,0,0,1
"phage_lambda",138,139,0,0,1
"phage_lambda",139,140,0,0,1
"phage_lambda",145,146,0,0,1
"phage_lambda",146,147,100,1,0
"phage_lambda",147,148,0,0,1
"phage_lambda",148,149,0,0,1
"phage_lambda",159,160,0,0,1
"phage_lambda",160,161,0,0,1
"phage_lambda",164,165,0,0,1
"phage_lambda",174,175,0,0,1
"phage_lambda",180,181,0,0,1
"phage_lambda",181,182,0,0,1
"phage_lambda",185,186,0,0,1
"phage_lambda",192,193,0,0,1
"phage_lambda",193,194,0,0,1
"phage_lambda",196,197,0,0,1
"phage_lambda",198,199,0,0,1
"phage_lambda",201,202,0,0,1
"phage_lambda",207,208,0,0,1
"phage_lambda",214,215,0,0,1
"phage_lambda",219,220,0,0,1
"phage_lambda",229,230,0,0,1
"phage_lambda",233,234,0,0,1
"phage_lambda",242,243,0,0,1
"phage_lambda",243,244,0,0,1
"phage_lambda",255,256,0,0,1
"phage_lambda",259,260,0,0,1
"phage_lambda",265,266,0,0,1
"phage_lambda",266,267,0,0,1
"phage_lambda",270,271,0,0,1
"phage_lambda",271,272,0,0,2
"phage_lambda",283,284,0,0,1
"phage_lambda",284,285,0,0,1
"phage_lambda",289,290,0,0,1
"phage_lambda",290,291,0,0,1
"phage_lambda",291,292,0,0,2
"phage_lambda",294,295,0,0,1
"phage_lambda",295,296,0,0,1
"phage_lambda",296,297,100,1,0
"phage_lambda",301,302,0,0,1
"phage_lambda",303,304,0,0,1
"phage_lambda",304,305,0,0,1
"phage_lambda",306,307,0,0,1
"phage_lambda",307,308,0,0,2
"phage_lambda",313,314,0,0,1
"phage_lambda",315,316,0,0,2
"phage_lambda",327,328,0,0,2
"phage_lambda",335,336,0,0,1
"phage_lambda",336,337,0,0,1
"phage_lambda",340,341,0,0,1
"phage_lambda",347,348,0,0,1
"phage_lambda",348,349,0,0,1
"phage_lambda",349,350,0,0,1
"phage_lambda",352,353,0,0,1
"phage_lambda",382,383,0,0,1
"phage_lambda",384,385,0,0,1
"phage_lambda",385,386,0,0,1
"phage_lambda",388,389,0,0,1
"phage_lambda",391,392,0,0,1
"phage_lambda",403,404,0,0,1
"phage_lambda",404,405,0,0,1
"phage_lambda",411,412,0,0,1
"phage_lambda",412,413,0,0,1
"phage_lambda",428,429,0,0,1
"phage_lambda",436,437,0,0,1
"phage_lambda",438,439,0,0,1
"phage_lambda",447,448,0,0,1
"phage_lambda",448,449,0,0,1
"phage_lambda",454,455,0,0,1
"phage_lambda",463,464,0,0,1
"phage_lambda",469,470,0,0,1
"phage_lambda",476,477,0,0,1
"phage_lambda",481,482,0,0,1
"phage_lambda",489,490,0,0,1
"phage_lambda",493,494,0,0,1
"phage_lambda",494,495,0,0,1
"phage_lambda",499,500,0,0,1
"phage_lambda",501,502,100,1,0
"phage_lambda",511,512,0,0,1
"phage_lambda",513,514,0,0,1
"phage_lambda",514,515,0,0,1
"phage_lambda",516,517,0,0,1
"phage_lambda",517,518,0,0,1
"phage_lambda",524,525,0,0,2
"phage_lambda",533,534,0,0,2
"phage_lambda",566,567,0,0,2
"phage_lambda",574,575,0,0,2
"phage_lambda",583,584,0,0,2
"phage_lambda",585,586,0,0,2
"phage_lambda",586,587,0,0,2
"phage_lambda",587,588,0,0,2
"phage_lambda",588,589,0,0,1
"phage_lambda",628,629,0,0,1
"phage_lambda",639,640,0,0,1
"phage_lambda",654,655,0,0,1
"phage_lambda",657,658,0,0,1
"phage_lambda",662,663,0,0,1
"phage_lambda",663,664,0,0,1
"phage_lambda",666,667,0,0,1
"phage_lambda",669,670,0,0,1
"phage_lambda",673,674,0,0,1
"phage_lambda",685,686,0,0,1
"phage_lambda",688,689,0,0,1
"phage_lambda",701,702,0,0,1
"phage_lambda",702,703,100,1,0
"phage_lambda",705,706,0,0,1
"phage_lambda",710,711,100,1,0
"phage_lambda",712,713,0,0,1
"phage_lambda",731,732,0,0,1
"phage_lambda",739,740,0,0,1
"phage_lambda",752,753,0,0,1
"phage_lambda",763,764,0,0,1
"phage_lambda",764,765,0,0,1
"phage_lambda",769,770,0,0,1
"phage_lambda",771,772,0,0,1
"phage_lambda",781,782,0,0,1
"phage_lambda",787,788,0,0,1
"phage_lambda",788,789,0,0,2
"phage_lambda",789,790,0,0,2
"phage_lambda",803,804,0,0,1
"phage_lambda",807,808,0,0,1
"phage_lambda",808,809,0,0,1
"phage_lambda",809,810,0,0,1
"phage_lambda",816,817,0,0,2
"phage_lambda",823,824,50,1,1
"phage_lambda",827,828,0,0,2
"phage_lambda",829,830,0,0,2
"phage_lambda",843,844,0,0,2
"phage_lambda",847,848,0,0,2
"phage_lambda",867,868,0,0,2
"phage_lambda",872,873,0,0,2
"phage_lambda",873,874,0,0,2
"phage_lambda",874,875,0,0,2
"phage_lambda",885,886,50,1,1
"phage_lambda",886,887,0,0,2
"phage_lambda",889,890,0,0,2
"phage_lambda",910,911,0,0,1
"phage_lambda",913,914,0,0,1
"phage_lambda",942,943,0,0,1
"phage_lambda",957,958,0,0,1
"phage_lambda",958,959,0,0,1
"phage_lambda",1717,1718,0,0,1
"phage_lambda",1718,1719,0,0,1
"phage_lambda",1720,1721,0,0,1
"phage_lambda",1727,1728,0,0,1
"phage_lambda",1733,1734,0,0,1
"phage_lambda",1738,1739,0,0,1
"phage_lambda",1741,1742,0,0,1
"phage_lambda",1751,1752,0,0,1
"phage_lambda",1752,1753,0,0,1
"phage_lambda",1753,1754,0,0,1
"phage_lambda",1754,1755,0,0,1
"phage_lambda",1761,1762,0,0,1
"phage_lambda",1796,1797,0,0,1
"phage_lambda",1798,1799,0,0,1
"phage_lambda",1803,1804,0,0,1
"phage_lambda",1804,1805,0,0,1
"phage_lambda",1805,1806,0,0,1
"phage_lambda",1807,1808,0,0,1
"phage_lambda",1808,1809,0,0,1
"phage_lambda",1817,1818,0,0,1
"phage_lambda",1818,1819,0,0,1
"phage_lambda",1832,1833,0,0,1
"phage_lambda",1838,1839,0,0,1
"phage_lambda",1840,1841,0,0,1
"phage_lambda",2928,2929,0,0,1
"phage_lambda",2929,2930,0,0,1
"phage_lambda",2931,2932,0,0,1
"phage_lambda",2932,2933,0,0,1
"phage_lambda",2933,2934,0,0,1
"phage_lambda",2939,2940,0,0,1
"phage_lambda",2947,2948,0,0,1
"phage_lambda",2948,2949,0,0,1
"phage_lambda",2959,2960,0,0,1
"phage_lambda",2961,2962,0,0,1
"phage_lambda",2965,2966,0,0,1
"phage_lambda",2967,2968,0,0,1
"phage_lambda",2969,2970,0,0,1
"phage_lambda",2970,2971,0,0,1
"phage_lambda",2973,2974,0,0,1
"phage_lambda",2977,2978,0,0,1
"phage_lambda",2978,2979,0,0,1
"phage_lambda",2984,2985,0,0,1
"phage_lambda",2985,2986,0,0,1
"phage_lambda",2986,2987,0,0,1
"phage_lambda",2987,2988,0,0,1
"phage_lambda",2990,2991,0,0,1
"phage_lambda",2995,2996,0,0,1
"phage_lambda",3000,3001,0,0,1
"phage_lambda",3001,3002,0,0,1
"phage_lambda",3002,3003,0,0,1
"phage_lambda",3006,3007,0,0,1
"phage_lambda",3007,3008,0,0,1
"phage_lambda",3024,3025,0,0,1
"phage_lambda",3029,3030,0,0,1
"phage_lambda",3038,3039,0,0,1
"phage_lambda",3042,3043,0,0,1
"phage_lambda",3046,3047,0,0,1
"phage_lambda",3047,3048,0,0,1
"phage_lambda",3052,3053,0,0,1
"phage_lambda",3053,3054,0,0,1
"phage_lambda",3056,3057,0,0,1
"phage_lambda",3063,3064,0,0,1
"phage_lambda",3069,3070,0,0,1
"phage_lambda",3072,3073,0,0,1
"phage_lambda",3083,3084,0,0,1
"phage_lambda",3085,3086,0,0,1
"phage_lambda",3096,3097,0,0,1
"phage_lambda",3102,3103,0,0,1
"phage_lambda",3107,3108,0,0,1
"phage_lambda",3108,3109,0,0,1
"phage_lambda",3109,3110,0,0,1
"phage_lambda",3112,3113,0,0,1
"phage_lambda",3116,3117,0,0,1
"phage_lambda",3119,3120,0,0,1
"phage_lambda",3126,3127,0,0,1
"phage_lambda",3127,3128,0,0,1
"phage_lambda",3128,3129,0,0,1
"phage_lambda",3134,3135,0,0,1
"phage_lambda",3135,3136,0,0,1
"phage_lambda",3137,3138,0,0,1
"phage_lambda",3138,3139,0,0,1
"phage_lambda",3145,3146,0,0,1
"phage_lambda",3151,3152,0,0,1
"phage_lambda",3152,3153,0,0,1
"phage_lambda",3157,3158,0,0,1
"phage_lambda",3405,3406,0,0,1
"phage_lambda",3411,3412,0,0,1
"phage_lambda",3413,3414,0,0,1
"phage_lambda",3423,3424,0,0,1
"phage_lambda",3432,3433,0,0,1
"phage_lambda",3441,3442,0,0,1
"phage_lambda",3442,3443,0,0,1
"phage_lambda",3458,3459,0,0,1
"phage_lambda",3459,3460,0,0,1
"phage_lambda",3464,3465,0,0,1
"phage_lambda",3472,3473,0,0,1
"phage_lambda",3476,3477,0,0,1
"phage_lambda",3479,3480,0,0,1
"phage_lambda",3490,3491,0,0,1
"phage_lambda",3491,3492,0,0,1
"phage_lambda",3496,3497,0,0,1
"phage_lambda",3497,3498,0,0,1
"phage_lambda",3507,3508,0,0,1
"phage_lambda",3509,3510,0,0,1
"phage_lambda",3576,3577,0,0,1
"phage_lambda",3582,3583,0,0,1
"phage_lambda",3584,3585,0,0,1
"phage_lambda",3596,3597,0,0,1
"phage_lambda",3599,3600,0,0,1
"phage_lambda",3600,3601,0,0,1
"phage_lambda",3602,3603,0,0,1
"phage_lambda",3608,3609,0,0,1
"phage_lambda",3611,3612,0,0,1
"phage_lambda",3614,3615,0,0,1
"phage_lambda",3646,3647,0,0,1
"phage_lambda",3654,3655,0,0,1
"phage_lambda",3656,3657,0,0,1
"phage_lambda",3659,3660,0,0,1
"phage_lambda",3660,3661,0,0,1
"phage_lambda",3665,3666,0,0,1
"phage_lambda",3669,3670,0,0,1
"phage_lambda",3681,3682,0,0,1
"phage_lambda",3683,3684,0,0,1
"phage_lambda",3685,3686,0,0,1
"phage_lambda",3687,3688,0,0,1
"phage_lambda",3689,3690,0,0,1
"phage_lambda",3693,3694,0,0,1
"phage_lambda",3710,3711,0,0,1
"phage_lambda",3711,3712,0,0,1
"phage_lambda",3884,3885,0,0,1
"phage_lambda",3887,3888,0,0,1
"phage_lambda",3904,3905,0,0,1
"phage_lambda",3938,3939,0,0,1
"phage_lambda",3951,3952,0,0,1
"phage_lambda",3955,3956,0,0,1
"phage_lambda",3967,3968,0,0,1
"phage_lambda",3968,3969,0,0,1
"phage_lambda",4705,4706,0,0,1
"phage_lambda",4724,4725,0,0,1
"phage_lambda",4725,4726,0,0,1
"phage_lambda",4728,4729,0,0,1
"phage_lambda",4765,4766,0,0,1
"phage_lambda",4782,4783,0,0,1
"phage_lambda",4783,4784,0,0,1
"phage_lambda",4785,4786,0,0,1
"phage_lambda",4786,4787,0,0,1
"phage_lambda",4806,4807,0,0,1
"phage_lambda",4807,4808,0,0,1
"phage_lambda",4821,4822,0,0,1
"phage_lambda",4824,4825,0,0,1
"phage_lambda",4825,4826,0,0,1
"phage_lambda",4827,4828,0,0,1
"phage_lambda",4828,4829,0,0,1
"phage_lambda",4832,4833,0,0,1
"phage_lambda",4833,4834,0,0,1
"phage_lambda",4834,4835,0,0,1
"phage_lambda",4840,4841,0,0,1
"phage_lambda",4891,4892,0,0,1
"phage_lambda",4895,4896,0,0,1
"phage_lambda",4896,4897,0,0,1
"phage_lambda",4902,4903,0,0,1
"phage_lambda",4905,4906,0,0,1
"phage_lambda",4915,4916,0,0,1
"phage_lambda",4919,4920,0,0,1
"phage_lambda",4926,4927,0,0,1
"phage_lambda",4927,4928,0,0,1
"phage_lambda",4930,4931,0,0,1
"phage_lambda",4931,4932,0,0,1
"phage_lambda",4936,4937,0,0,1
"phage_lambda",4940,4941,0,0,1
"phage_lambda",4941,4942,0,0,1
"phage_lambda",4943,4944,0,0,1
"phage_lambda",4954,4955,0,0,1
"phage_lambda",4976,4977,0,0,1
"phage_lambda",4992,4993,0,0,1
"phage_lambda",4995,4996,0,0,1
"phage_lambda",4996,4997,0,0,1
"phage_lambda",5014,5015,0,0,1
"phage_lambda",5023,5024,0,0,1
"phage_lambda",5025,5026,0,0,1
"phage_lambda",5032,5033,0,0,1
"phage_lambda",5033,5034,0,0,1
"phage_lambda",5035,5036,0,0,1
"phage_lambda",5037,5038,0,0,1
"phage_lambda",5038,5039,0,0,1
"phage_lambda",5138,5139,0,0,1
"phage_lambda",5141,5142,0,0,1
"phage_lambda",5145,5146,0,0,1
"phage_lambda",5151,5152,0,0,1
"phage_lambda",5155,5156,0,0,1
"phage_lambda",5163,5164,0,0,1
"phage_lambda",5164,5165,0,0,1
"phage_lambda",5166,5167,0,0,1
"phage_lambda",5171,5172,0,0,1
"phage_lambda",5181,5182,0,0,1
"phage_lambda",5190,5191,0,0,1
"phage_lambda",5194,5195,0,0,1
"phage_lambda",5197,5198,0,0,1
"phage_lambda",5199,5200,0,0,1
"phage_lambda",5203,5204,0,0,1
"phage_lambda",5211,5212,0,0,1
"phage_lambda",5212,5213,0,0,1
"phage_lambda",5220,5221,0,0,1
"phage_lambda",5233,5234,0,0,1
"phage_lambda",5235,5236,0,0,1
"phage_lambda",5236,5237,0,0,1
"phage_lambda",5242,5243,0,0,1
"phage_lambda",5245,5246,0,0,1
"phage_lambda",5254,5255,0,0,2
"phage_lambda",5260,5261,0,0,2
"phage_lambda",5266,5267,0,0,2
"phage_lambda",5281,5282,0,0,2
"phage_lambda",5295,5296,0,0,2
"phage_lambda",5299,5300,0,0,2
"phage_lambda",5302,5303,0,0,2
"phage_lambda",5308,5309,0,0,2
"phage_lambda",5311,5312,0,0,1
"phage_lambda",5333,5334,0,0,1
"phage_lambda",5335,5336,0,0,1
"phage_lambda",5336,5337,0,0,1
"phage_lambda",5337,5338,0,0,1
"phage_lambda",5343,5344,0,0,1
"phage_lambda",5350,5351,0,0,1
"phage_lambda",5352,5353,0,0,1
"phage_lambda",6422,6423,0,0,1
"phage_lambda",6437,6438,0,0,1
"phage_lambda",7353,7354,100,1,0
"phage_lambda",7355,7356,100,1,0
"phage_lambda",7356,7357,100,1,0
"phage_lambda",7357,7358,100,1,0
"phage_lambda",7358,7359,100,1,0
"phage_lambda",7360,7361,0,0,1
"phage_lambda",7387,7388,0,0,1
"phage_lambda",7449,7450,0,0,1
"phage_lambda",7460,7461,0,0,1
"phage_lambda",7474,7475,0,0,1
"phage_lambda",7484,7485,0,0,2
"phage_lambda",7486,7487,50,1,1
"phage_lambda",7489,7490,0,0,2
"phage_lambda",7493,7494,0,0,2
"phage_lambda",7494,7495,0,0,2
"phage_lambda",7507,7508,0,0,2
"phage_lambda",7514,7515,0,0,2
"phage_lambda",7545,7546,0,0,2
"phage_lambda",7581,7582,0,0,1
"phage_lambda",7586,7587,0,0,1
"phage_lambda",7594,7595,0,0,1
"phage_lambda",7628,7629,0,0,1
"phage_lambda",9215,9216,0,0,1
"phage_lambda",9267,9268,0,0,1
"phage_lambda",9273,9274,0,0,1
"phage_lambda",9274,9275,0,0,1
"phage_lambda",9286,9287,0,0,1
"phage_lambda",9289,9290,0,0,1
"phage_lambda",9298,9299,0,0,1
"phage_lambda",9364,9365,0,0,1
"phage_lambda",9366,9367,0,0,1
"phage_lambda",9370,9371,0,0,1
"phage_lambda",9382,9383,0,0,1
"phage_lambda",9384,9385,0,0,1
"phage_lambda",9385,9386,0,0,1
"phage_lambda",9421,9422,100,1,0
"phage_lambda",9435,9436,100,1,0
"phage_lambda",9442,9443,0,0,1
"phage_lambda",9455,9456,0,0,1
"phage_lambda",9459,9460,0,0,1
"phage_lambda",9463,9464,0,0,1
"phage_lambda",9465,9466,0,0,1
"phage_lambda",9466,9467,0,0,1
"phage_lambda",9487,9488,0,0,1
"phage_lambda",9489,9490,0,0,1
"phage_lambda",9490,9491,0,0,1
"phage_lambda",9504,9505,0,0,1
"phage_lambda",9505,9506,0,0,1
"phage_lambda",9508,9509,0,0,1
"phage_lambda",9618,9619,0,0,1
"phage_lambda",9622,9623,0,0,1
"phage_lambda",9623,9624,100,1,0
"phage_lambda",9638,9639,0,0,1
"phage_lambda",9650,9651,0,0,1
"phage_lambda",9651,9652,0,0,1
"phage_lambda",9653,9654,0,0,1
"phage_lambda",9655,9656,0,0,1
"phage_lambda",9659,9660,0,0,1
"phage_lambda",9668,9669,0,0,1
"phage_lambda",9701,9702,0,0,1
"phage_lambda",9703,9704,0,0,1
"phage_lambda",9712,9713,0,0,1
"phage_lambda",9734,9735,0,0,1
"phage_lambda",9746,9747,0,0,1
"phage_lambda",9748,9749,0,0,1
"phage_lambda",9788,9789,0,0,1
"phage_lambda",9790,9791,0,0,1
"phage_lambda",9805,9806,0,0,1
"phage_lambda",9815,9816,0,0,1
"phage_lambda",9824,9825,0,0,1
"phage_lambda",9829,9830,0,0,1
"phage_lambda",9847,9848,100,1,0
"phage_lambda",9856,9857,0,0,1
"phage_lambda",9857,9858,0,0,1
"phage_lambda",9860,9861,0,0,1
"phage_lambda",9887,9888,100,1,0
"phage_lambda",9889,9890,100,1,0
"phage_lambda",9890,9891,100,1,0
"phage_lambda",9895,9896,0,0,1
"phage_lambda",9903,9904,0,0,1
"phage_lambda",9904,9905,0,0,1
"phage_lambda",10428,10429,0,0,1
"phage_lambda",10434,10435,0,0,1
"phage_lambda",10450,10451,0,0,1
"phage_lambda",10455,10456,0,0,1
"phage_lambda",10456,10457,0,0,1
"phage_lambda",10460,10461,0,0,1
"phage_lambda",10463,10464,0,0,1
"phage_lambda",10464,10465,0,0,1
"phage_lambda",10471,10472,0,0,1
"phage_lambda",10473,10474,0,0,1
"phage_lambda",10474,10475,0,0,1
"phage_lambda",10479,10480,0,0,1
"phage_lambda",10482,10483,0,0,1
"phage_lambda",10488,10489,0,0,1
"phage_lambda",10489,10490,0,0,1
"phage_lambda",10492,10493,0,0,1
"phage_lambda",10500,10501,0,0,1
"phage_lambda",10506,10507,0,0,1
"phage_lambda",10519,10520,0,0,1
"phage_lambda",10520,10521,0,0,1
"phage_lambda",10521,10522,0,0,1
"phage_lambda",10529,10530,0,0,1
"phage_lambda",10531,10532,0,0,1
"phage_lambda",10532,10533,0,0,1
"phage_lambda",10534,10535,0,0,1
"phage_lambda",10543,10544,0,0,1
"phage_lambda",10544,10545,0,0,1
"phage_lambda",10556,10557,0,0,1
"phage_lambda",10557,10558,0,0,1
"phage_lambda",10565,10566,0,0,1
"phage_lambda",10571,10572,0,0,1
"phage_lambda",10576,10577,0,0,1
"phage_lambda",10578,10579,0,0,1
"phage_lambda",10583,10584,0,0,1
"phage_lambda",10586,10587,0,0,1
"phage_lambda",10598,10599,0,0,1
"phage_lambda",10603,10604,0,0,1
"phage_lambda",10609,10610,0,0,1
"phage_lambda",10610,10611,0,0,1
"phage_lambda",10616,10617,0,0,1
"phage_lambda",10621,10622,0,0,1
"phage_lambda",10635,10636,0,0,1
"phage_lambda",10644,10645,0,0,1
"phage_lambda",10646,10647,0,0,1
"phage_lambda",10649,10650,0,0,1
"phage_lambda",11310,11311,0,0,1
"phage_lambda",11343,11344,0,0,1
"phage_lambda",11367,11368,100,1,0
"phage_lambda",11386,11387,0,0,1
"phage_lambda",11391,11392,0,0,1
"phage_lambda",11398,11399,0,0,1
"phage_lambda",11410,11411,0,0,1
"phage_lambda",11416,11417,0,0,1
"phage_lambda",11427,11428,0,0,1
"phage_lambda",11450,11451,0,0,1
"phage_lambda",11451,11452,0,0,1
"phage_lambda",11455,11456,0,0,1
"phage_lambda",11460,11461,0,0,1
"phage_lambda",11461,11462,0,0,1
"phage_lambda",11464,11465,0,0,1
"phage_lambda",11466,11467,0,0,1
"phage_lambda",11467,11468,0,0,1
"phage_lambda",11468,11469,0,0,1
"phage_lambda",11471,11472,0,0,1
"phage_lambda",11476,11477,0,0,1
"phage_lambda",11480,11481,0,0,1
"phage_lambda",11486,11487,0,0,1
"phage_lambda",11487,11488,0,0,1
"phage_lambda",11492,11493,0,0,1
"phage_lambda",11507,11508,0,0,1
"phage_lambda",11509,11510,0,0,1
"phage_lambda",11512,11513,0,0,1
"phage_lambda",11521,11522,0,0,1
"phage_lambda",11522,11523,0,0,1
"phage_lambda",11527,11528,0,0,1
"phage_lambda",11528,11529,0,0,1
"phage_lambda",11539,11540,0,0,1
"phage_lambda",11543,11544,0,0,1
"phage_lambda",11551,11552,0,0,1
"phage_lambda",11557,11558,0,0,1
"phage_lambda",11566,11567,0,0,1
"phage_lambda",11636,11637,0,0,1
"phage_lambda",11642,11643,0,0,1
"phage_lambda",11645,11646,0,0,1
"phage_lambda",11656,11657,0,0,1
"phage_lambda",11659,11660,0,0,1
"phage_lambda",11660,11661,0,0,1
"phage_lambda",11665,11666,0,0,1
"phage_lambda",11673,11674,0,0,1
"phage_lambda",11675,11676,0,0,1
"phage_lambda",11681,11682,0,0,1
"phage_lambda",11683,11684,0,0,1
"phage_lambda",11690,11691,0,0,1
"phage_lambda",11703,11704,0,0,1
"phage_lambda",11714,11715,0,0,1
"phage_lambda",11718,11719,0,0,1
"phage_lambda",11738,11739,0,0,1
"phage_lambda",11740,11741,0,0,1
"phage_lambda",11741,11742,0,0,1
"phage_lambda",11749,11750,0,0,1
"phage_lambda",11750,11751,0,0,1
"phage_lambda",11751,11752,0,0,1
"phage_lambda",11777,11778,0,0,1
"phage_lambda",11779,11780,0,0,1
"phage_lambda",11790,11791,0,0,1
"phage_lambda",11798,11799,0,0,1
"phage_lambda",11801,11802,0,0,1
"phage_lambda",11809,11810,0,0,1
"phage_lambda",11812,11813,0,0,1
"phage_lambda",11813,11814,0,0,1
"phage_lambda",11814,11815,0,0,1
"phage_lambda",11822,11823,0,0,1
"phage_lambda",11827,11828,0,0,1
"phage_lambda",11833,11834,0,0,1
"phage_lambda",11840,11841,0,0,1
"phage_lambda",12154,12155,0,0,1
"phage_lambda",12160,12161,0,0,1
"phage_lambda",12171,12172,0,0,1
"phage_lambda",12173,12174,0,0,1
"phage_lambda",12181,12182,0,0,1
"phage_lambda",12202,12203,0,0,1
"phage_lambda",12237,12238,0,0,1
"phage_lambda",12409,12410,0,0,1
"phage_lambda",12413,12414,0,0,1
"phage_lambda",12436,12437,0,0,1
"phage_lambda",12471,12472,0,0,1
"phage_lambda",12472,12473,0,0,1
"phage_lambda",12504,12505,0,0,1
"phage_lambda",12505,12506,0,0,1
"phage_lambda",12513,12514,0,0,1
"phage_lambda",12514,12515,0,0,1
"phage_lambda",12528,12529,0,0,1
"phage_lambda",12562,12563,0,0,1
"phage_lambda",12571,12572,0,0,1
"phage_lambda",12577,12578,100,1,0
"phage_lambda",12580,12581,100,1,0
"phage_lambda",12582,12583,100,1,0
"phage_lambda",12592,12593,0,0,1
"phage_lambda",12597,12598,100,1,0
"phage_lambda",12598,12599,100,1,0
"phage_lambda",12601,12602,0,0,1
"phage_lambda",12604,12605,0,0,1
"phage_lambda",12617,12618,0,0,1
"phage_lambda",12622,12623,0,0,1
"phage_lambda",12626,12627,0,0,1
"phage_lambda",12627,12628,0,0,1
"phage_lambda",12631,12632,0,0,1
"phage_lambda",12632,12633,0,0,1
"phage_lambda",12634,12635,0,0,1
"phage_lambda",12635,12636,0,0,1
"phage_lambda",12636,12637,0,0,1
"phage_lambda",12637,12638,0,0,1
"phage_lambda",12641,12642,0,0,1
"phage_lambda",12646,12647,0,0,1
"phage_lambda",12648,12649,0,0,1
"phage_lambda",12660,12661,0,0,1
"phage_lambda",12661,12662,0,0,1
"phage_lambda",12665,12666,0,0,1
"phage_lambda",12666,12667,0,0,1
"phage_lambda",12670,12671,0,0,1
"phage_lambda",12671,12672,0,0,1
"phage_lambda",12677,12678,0,0,1
"phage_lambda",12678,12679,0,0,1
"phage_lambda",12680,12681,0,0,1
"phage_lambda",12681,12682,0,0,1
"phage_lambda",12687,12688,0,0,1
"phage_lambda",12699,12700,0,0,1
"phage_lambda",12716,12717,0,0,1
"phage_lambda",12740,12741,0,0,1
"phage_lambda",12749,12750,0,0,1
"phage_lambda",12750,12751,0,0,1
"phage_lambda",12759,12760,0,0,1
"phage_lambda",12776,12777,0,0,1
"phage_lambda",12778,12779,0,0,1
"phage_lambda",13688,13689,0,0,1
"phage_lambda",13689,13690,0,0,1
"phage_lambda",13697,13698,0,0,1
"phage_lambda",13700,13701,0,0,1
"phage_lambda",13701,13702,0,0,1
"phage_lambda",13707,13708,0,0,1
"phage_lambda",13712,13713,0,0,1
"phage_lambda",13717,13718,0,0,1
"phage_lambda",13722,13723,0,0,1
"phage_lambda",13736,13737,0,0,1
"phage_lambda",13737,13738,0,0,1
"phage_lambda",13748,13749,0,0,1
"phage_lambda",13749,13750,0,0,1
"phage_lambda",14072,14073,0,0,1
"phage_lambda",14084,14085,0,0,1
"phage_lambda",14087,14088,0,0,1
"phage_lambda",14096,14097,0,0,1
"phage_lambda",14099,14100,0,0,1
"phage_lambda",14100,14101,0,0,1
"phage_lambda",14104,14105,0,0,1
"phage_lambda",14105,14106,0,0,1
"phage_lambda",14111,14112,0,0,1
"phage_lambda",14115,14116,0,0,1
"phage_lambda",14129,14130,0,0,1
"phage_lambda",14130,14131,0,0,1
"phage_lambda",14131,14132,0,0,1
"phage_lambda",14136,14137,100,1,0
"phage_lambda",14162,14163,0,0,1
"phage_lambda",14166,14167,0,0,1
"phage_lambda",14180,14181,0,0,1
"phage_lambda",14197,14198,0,0,1
"phage_lambda",14209,14210,0,0,1
"phage_lambda",14248,14249,0,0,1
"phage_lambda",14265,14266,0,0,1
"phage_lambda",14331,14332,0,0,1
"phage_lambda",14332,14333,0,0,1
"phage_lambda",14337,14338,0,0,1
"phage_lambda",14338,14339,0,0,1
"phage_lambda",14340,14341,0,0,1
"phage_lambda",14341,14342,0,0,1
"phage_lambda",14353,14354,0,0,1
"phage_lambda",14354,14355,0,0,1
"phage_lambda",14386,14387,0,0,1
"phage_lambda",14388,14389,0,0,1
"phage_lambda",14393,14394,0,0,1
"phage_lambda",14395,14396,0,0,1
"phage_lambda",14400,14401,0,0,1
"phage_lambda",14405,14406,0,0,1
"phage_lambda",14406,14407,0,0,1
"phage_lambda",14408,14409,0,0,1
"phage_lambda",14409,14410,0,0,1
"phage_lambda",14413,14414,0,0,1
"phage_lambda",14422,14423,0,0,1
"phage_lambda",14423,14424,0,0,1
"phage_lambda",14424,14425,0,0,1
"phage_lambda",14436,14437,0,0,1
"phage_lambda",14446,14447,0,0,1
"phage_lambda",14448,14449,0,0,1
"phage_lambda",14524,14525,0,0,1
"phage_lambda",14528,14529,0,0,1
"phage_lambda",14529,14530,0,0,1
"phage_lambda",14533,14534,0,0,1
"phage_lambda",14535,14536,0,0,1
"phage_lambda",14538,14539,0,0,1
"phage_lambda",14548,14549,0,0,1
"phage_lambda",14554,14555,0,0,1
"phage_lambda",14556,14557,0,0,1
"phage_lambda",14557,14558,0,0,1
"phage_lambda",14560,14561,0,0,1
"phage_lambda",14565,14566,0,0,1
"phage_lambda",14567,14568,0,0,1
"phage_lambda",14568,14569,0,0,1
"phage_lambda",14577,14578,0,0,1
"phage_lambda",14584,14585,0,0,1
"phage_lambda",14586,14587,0,0,1
"phage_lambda",14593,14594,0,0,1
"phage_lambda",14602,14603,0,0,1
"phage_lambda",14604,14605,0,0,1
"phage_lambda",14605,14606,0,0,1
"phage_lambda",14612,14613,0,0,1
"phage_lambda",14613,14614,0,0,1
"phage_lambda",14623,14624,50,1,1
"phage_lambda",14625,14626,50,1,1
"phage_lambda",14631,14632,0,0,2
"phage_lambda",14639,14640,0,0,1
"phage_lambda",14648,14649,0,0,2
"phage_lambda",14653,14654,0,0,2
"phage_lambda",14655,14656,0,0,2
"phage_lambda",14663,14664,0,0,2
"phage_lambda",14671,14672,0,0,2
"phage_lambda",14672,14673,0,0,2
"phage_lambda",14675,14676,0,0,1
"phage_lambda",14682,14683,0,0,2
"phage_lambda",14689,14690,0,0,1
"phage_lambda",14718,14719,0,0,2
"phage_lambda",14747,14748,0,0,1
"phage_lambda",14755,14756,0,0,1
"phage_lambda",14757,14758,0,0,1
"phage_lambda",14759,14760,0,0,1
"phage_lambda",14760,14761,0,0,1
"phage_lambda",14803,14804,0,0,1
"phage_lambda",14810,14811,0,0,1
"phage_lambda",14819,14820,0,0,1
"phage_lambda",14825,14826,0,0,1
"phage_lambda",14826,14827,0,0,1
"phage_lambda",14841,14842,0,0,1
"phage_lambda",14858,14859,0,0,1
"phage_lambda",14864,14865,0,0,1
"phage_lambda",14865,14866,0,0,1
"phage_lambda",14871,14872,0,0,1
"phage_lambda",14873,14874,0,0,1
"phage_lambda",14881,14882,0,0,1
"phage_lambda",14882,14883,0,0,1
"phage_lambda",14883,14884,0,0,1
"phage_lambda",14889,14890,0,0,1
"phage_lambda",14890,14891,0,0,1
"phage_lambda",14891,14892,0,0,1
"phage_lambda",14898,14899,0,0,1
"phage_lambda",14899,14900,0,0,1
"phage_lambda",14904,14905,0,0,1
"phage_lambda",14905,14906,0,0,1
"phage_lambda",14906,14907,0,0,1
"phage_lambda",14908,14909,0,0,1
"phage_lambda",14913,14914,0,0,1
"phage_lambda",14915,14916,0,0,1
"phage_lambda",14938,14939,0,0,1
"phage_lambda",14948,14949,0,0,1
"phage_lambda",14955,14956,0,0,1
"phage_lambda",14964,14965,0,0,1
"phage_lambda",14969,14970,0,0,1
"phage_lambda",14973,14974,0,0,1
"phage_lambda",14990,14991,0,0,1
"phage_lambda",15009,15010,0,0,1
"phage_lambda",15011,15012,0,0,1
"phage_lambda",15317,15318,0,0,1
"phage_lambda",15318,15319,0,0,1
"phage_lambda",15321,15322,0,0,1
"phage_lambda",15327,15328,0,0,1
"phage_lambda",15328,15329,0,0,1
"phage_lambda",15333,15334,0,0,1
"phage_lambda",15353,15354,0,0,1
"phage_lambda",15354,15355,0,0,1
"phage_lambda",15359,15360,0,0,1
"phage_lambda",15365,15366,0,0,1
"phage_lambda",15366,15367,0,0,1
"phage_lambda",15367,15368,0,0,1
"phage_lambda",15368,15369,0,0,1
"phage_lambda",15377,15378,0,0,1
"phage_lambda",15378,15379,50,1,1
"phage_lambda",15387,15388,0,0,2
"phage_lambda",15389,15390,0,0,2
"phage_lambda",15408,15409,0,0,2
"phage_lambda",15409,15410,0,0,2
"phage_lambda",15410,15411,0,0,2
"phage_lambda",15411,15412,0,0,2
"phage_lambda",15417,15418,0,0,2
"phage_lambda",15418,15419,50,1,1
"phage_lambda",15423,15424,0,0,2
"phage_lambda",15426,15427,0,0,2
"phage_lambda",15428,15429,0,0,2
"phage_lambda",15429,15430,50,1,1
"phage_lambda",15431,15432,0,0,2
"phage_lambda",15435,15436,0,0,2
"phage_lambda",15436,15437,50,1,1
"phage_lambda",15445,15446,0,0,1
"phage_lambda",15452,15453,0,0,1
"phage_lambda",15459,15460,0,0,1
"phage_lambda",15461,15462,0,0,1
"phage_lambda",15468,15469,0,0,1
"phage_lambda",15475,15476,100,1,0
"phage_lambda",15483,15484,0,0,1
"phage_lambda",15485,15486,0,0,1
"phage_lambda",15492,15493,0,0,1
"phage_lambda",15493,15494,0,0,1
"phage_lambda",15495,15496,0,0,1
"phage_lambda",15499,15500,0,0,1
"phage_lambda",15501,15502,0,0,1
"phage_lambda",15502,15503,0,0,1
"phage_lambda",15506,15507,0,0,1
"phage_lambda",15507,15508,0,0,1
"phage_lambda",15508,15509,0,0,1
"phage_lambda",15513,15514,0,0,1
"phage_lambda",15514,15515,0,0,1
"phage_lambda",15517,15518,0,0,1
"phage_lambda",15524,15525,0,0,1
"phage_lambda",15525,15526,0,0,1
"phage_lambda",15526,15527,0,0,1
"phage_lambda",15527,15528,0,0,1
"phage_lambda",15528,15529,0,0,1
"phage_lambda",15532,15533,0,0,1
"phage_lambda",15533,15534,0,0,1
"phage_lambda",15551,15552,0,0,1
"phage_lambda",15554,15555,0,0,1
"phage_lambda",15562,15563,0,0,1
"phage_lambda",15563,15564,0,0,1
"phage_lambda",15589,15590,0,0,1
"phage_lambda",15590,15591,0,0,1
"phage_lambda",15626,15627,0,0,1
"phage_lambda",15730,15731,0,0,1
"phage_lambda",15751,15752,0,0,1
"phage_lambda",15752,15753,0,0,1
"phage_lambda",15758,15759,0,0,1
"phage_lambda",15794,15795,0,0,1
"phage_lambda",15803,15804,0,0,1
"phage_lambda",15805,15806,0,0,1
"phage_lambda",15809,15810,0,0,1
"phage_lambda",15811,15812,0,0,1
"phage_lambda",15812,15813,0,0,1
"phage_lambda",15823,15824,0,0,1
"phage_lambda",15827,15828,0,0,1
"phage_lambda",16136,16137,0,0,2
"phage_lambda",16139,16140,0,0,2
"phage_lambda",16145,16146,0,0,2
"phage_lambda",16150,16151,0,0,2
"phage_lambda",16172,16173,0,0,2
"phage_lambda",16190,16191,0,0,2
"phage_lambda",16212,16213,0,0,2
"phage_lambda",16247,16248,0,0,1
"phage_lambda",16253,16254,0,0,1
"phage_lambda",16266,16267,0,0,1
"phage_lambda",16321,16322,0,0,1
"phage_lambda",16345,16346,0,0,1
"phage_lambda",16346,16347,0,0,1
"phage_lambda",16347,16348,0,0,1
"phage_lambda",16355,16356,0,0,1
"phage_lambda",16361,16362,0,0,1
"phage_lambda",16374,16375,0,0,1
"phage_lambda",16412,16413,0,0,1
"phage_lambda",16418,16419,0,0,1
"phage_lambda",16430,16431,0,0,1
"phage_lambda",16448,16449,0,0,1
"phage_lambda",16457,16458,0,0,1
"phage_lambda",16518,16519,0,0,1
"phage_lambda",16532,16533,0,0,1
"phage_lambda",16612,16613,0,0,1
"phage_lambda",16613,16614,0,0,1
"phage_lambda",16661,16662,0,0,1
"phage_lambda",16667,16668,0,0,1
"phage_lambda",16675,16676,0,0,1
"phage_lambda",16676,16677,0,0,1
"phage_lambda",16688,16689,0,0,1
"phage_lambda",16689,16690,0,0,1
"phage_lambda",16718,16719,0,0,1
"phage_lambda",16724,16725,0,0,1
"phage_lambda",16749,16750,0,0,2
"phage_lambda",16768,16769,0,0,1
"phage_lambda",16769,16770,0,0,1
"phage_lambda",16774,16775,0,0,1
"phage_lambda",16807,16808,0,0,1
"phage_lambda",16808,16809,0,0,1
"phage_lambda",16819,16820,0,0,1
"phage_lambda",16834,16835,0,0,1
"phage_lambda",16836,16837,0,0,1
"phage_lambda",16973,16974,0,0,1
"phage_lambda",17003,17004,0,0,1
"phage_lambda",17008,17009,0,0,1
"phage_lambda",17022,17023,0,0,1
"phage_lambda",17036,17037,0,0,1
"phage_lambda",17043,17044,0,0,1
"phage_lambda",17044,17045,0,0,1
"phage_lambda",17047,17048,0,0,1
"phage_lambda",17048,17049,0,0,1
"phage_lambda",17069,17070,0,0,1
"phage_lambda",17087,17088,0,0,1
"phage_lambda",17117,17118,0,0,1
"phage_lambda",17151,17152,0,0,1
"phage_lambda",17293,17294,0,0,1
"phage_lambda",17294,17295,0,0,1
"phage_lambda",17313,17314,0,0,1
"phage_lambda",17315,17316,0,0,1
"phage_lambda",17336,17337,0,0,1
"phage_lambda",17351,17352,0,0,1
"phage_lambda",17358,17359,0,0,1
"phage_lambda",17370,17371,0,0,1
"phage_lambda",17372,17373,0,0,1
"phage_lambda",17387,17388,0,0,1
"phage_lambda",17429,17430,100,1,0
"phage_lambda",17431,17432,100,1,0
"phage_lambda",17945,17946,0,0,1
"phage_lambda",17957,17958,0,0,1
"phage_lambda",17963,17964,0,0,1
"phage_lambda",17977,17978,0,0,1
"phage_lambda",17978,17979,0,0,1
"phage_lambda",17979,17980,0,0,1
"phage_lambda",17982,17983,0,0,1
"phage_lambda",17987,17988,0,0,1
"phage_lambda",18028,18029,0,0,1
"phage_lambda",18067,18068,0,0,1
"phage_lambda",18393,18394,0,0,1
"phage_lambda",18394,18395,0,0,1
"phage_lambda",18399,18400,0,0,1
"phage_lambda",18401,18402,0,0,1
"phage_lambda",18405,18406,0,0,1
"phage_lambda",18416,18417,0,0,1
"phage_lambda",18429,18430,0,0,1
"phage_lambda",18431,18432,0,0,1
"phage_lambda",18438,18439,0,0,1
"phage_lambda",18469,18470,0,0,1
"phage_lambda",18470,18471,0,0,1
"phage_lambda",18471,18472,0,0,1
"phage_lambda",18488,18489,0,0,1
"phage_lambda",18489,18490,0,0,1
"phage_lambda",18495,18496,0,0,1
"phage_lambda",18500,18501,0,0,1
"phage_lambda",18501,18502,0,0,1
"phage_lambda",18508,18509,0,0,1
"phage_lambda",18531,18532,0,0,1
"phage_lambda",18535,18536,0,0,1
"phage_lambda",18540,18541,0,0,1
"phage_lambda",18542,18543,0,0,1
"phage_lambda",18543,18544,0,0,1
"phage_lambda",18548,18549,0,0,1
"phage_lambda",18556,18557,0,0,1
"phage_lambda",18575,18576,0,0,1
"phage_lambda",19321,19322,0,0,1
"phage_lambda",19328,19329,0,0,1
"phage_lambda",19329,19330,0,0,1
"phage_lambda",19332,19333,0,0,1
"phage_lambda",19333,19334,0,0,1
"phage_lambda",19339,19340,0,0,1
"phage_lambda",19341,19342,0,0,1
"phage_lambda",19342,19343,0,0,1
"phage_lambda",19343,19344,0,0,1
"phage_lambda",19345,19346,0,0,1
"phage_lambda",19355,19356,0,0,1
"phage_lambda",19356,19357,0,0,1
"phage_lambda",19367,19368,0,0,1
"phage_lambda",19371,19372,0,0,1
"phage_lambda",19372,19373,0,0,1
"phage_lambda",19383,19384,0,0,1
"phage_lambda",19392,19393,0,0,1
"phage_lambda",19394,19395,0,0,1
"phage_lambda",19396,19397,0,0,1
"phage_lambda",19401,19402,0,0,1
"phage_lambda",19407,19408,0,0,1
"phage_lambda",19411,19412,0,0,1
"phage_lambda",19413,19414,0,0,1
"phage_lambda",19418,19419,100,1,0
"phage_lambda",19419,19420,0,0,1
"phage_lambda",19424,19425,0,0,1
"phage_lambda",19428,19429,0,0,1
"phage_lambda",19429,19430,0,0,1
"phage_lambda",19436,19437,0,0,1
"phage_lambda",19438,19439,0,0,1
"phage_lambda",19439,19440,0,0,1
"phage_lambda",19443,19444,0,0,1
"phage_lambda",19447,19448,0,0,1
"phage_lambda",19451,19452,0,0,1
"phage_lambda",19452,19453,0,0,1
"phage_lambda",19458,19459,0,0,1
"phage_lambda",19459,19460,0,0,1
"phage_lambda",19463,19464,0,0,1
"phage_lambda",19464,19465,0,0,1
"phage_lambda",19466,19467,0,0,1
"phage_lambda",19468,19469,0,0,1
"phage_lambda",19472,19473,0,0,1
"phage_lambda",19504,19505,0,0,1
"phage_lambda",19507,19508,0,0,1
"phage_lambda",19514,19515,0,0,1
"phage_lambda",19524,19525,0,0,1
"phage_lambda",19557,19558,0,0,1
"phage_lambda",19589,19590,0,0,1
"phage_lambda",19597,19598,0,0,1
"phage_lambda",20415,20416,0,0,1
"phage_lambda",20417,20418,0,0,1
"phage_lambda",20426,20427,0,0,1
"phage_lambda",20464,20465,0,0,1
"phage_lambda",20465,20466,0,0,1
"phage_lambda",20482,20483,0,0,1
"phage_lambda",20489,20490,0,0,1
"phage_lambda",20494,20495,0,0,1
"phage_lambda",20520,20521,0,0,1
"phage_lambda",21361,21362,0,0,1
"phage_lambda",21364,21365,0,0,1
"phage_lambda",21383,21384,0,0,1
"phage_lambda",21387,21388,0,0,1
"phage_lambda",21397,21398,0,0,1
"phage_lambda",21401,21402,0,0,2
"phage_lambda",21422,21423,0,0,2
"phage_lambda",21448,21449,0,0,2
"phage_lambda",21450,21451,0,0,2
"phage_lambda",21452,21453,0,0,3
"phage_lambda",21453,21454,0,0,3
"phage_lambda",21454,21455,0,0,3
"phage_lambda",21461,21462,0,0,3
"phage_lambda",21467,21468,0,0,3
"phage_lambda",21494,21495,33,2,4
"phage_lambda",21495,21496,0,0,6
"phage_lambda",21497,21498,16,1,5
"phage_lambda",21524,21525,20,1,4
"phage_lambda",21546,21547,0,0,5
"phage_lambda",21548,21549,0,0,5
"phage_lambda",21549,21550,0,0,5
"phage_lambda",21564,21565,0,0,6
"phage_lambda",21572,21573,0,0,6
"phage_lambda",21574,21575,0,0,6
"phage_lambda",21578,21579,0,0,6
"phage_lambda",21580,21581,0,0,6
"phage_lambda",21596,21597,0,0,5
"phage_lambda",21614,21615,0,0,4
"phage_lambda",21616,21617,0,0,4
"phage_lambda",21620,21621,0,0,4
"phage_lambda",21621,21622,0,0,4
"phage_lambda",21622,21623,0,0,4
"phage_lambda",21624,21625,0,0,4
"phage_lambda",21626,21627,0,0,4
"phage_lambda",21674,21675,0,0,3
"phage_lambda",21677,21678,0,0,3
"phage_lambda",21678,21679,0,0,3
"phage_lambda",21695,21696,0,0,2
"phage_lambda",21696,21697,0,0,2
"phage_lambda",21710,21711,0,0,2
"phage_lambda",21714,21715,0,0,2
"phage_lambda",21716,21717,0,0,2
"phage_lambda",21728,21729,0,0,2
"phage_lambda",21759,21760,0,0,1
"phage_lambda",21760,21761,0,0,1
"phage_lambda",21766,21767,0,0,1
"phage_lambda",21768,21769,0,0,1
"phage_lambda",21770,21771,0,0,1
"phage_lambda",21800,21801,0,0,2
"phage_lambda",21802,21803,0,0,2
"phage_lambda",21808,21809,0,0,2
"phage_lambda",21829,21830,0,0,2
"phage_lambda",21831,21832,0,0,2
"phage_lambda",21835,21836,0,0,2
"phage_lambda",21854,21855,0,0,2
"phage_lambda",21856,21857,0,0,2
"phage_lambda",21860,21861,0,0,2
"phage_lambda",21861,21862,0,0,2
"phage_lambda",21862,21863,0,0,2
"phage_lambda",21866,21867,0,0,2
"phage_lambda",21881,21882,0,0,2
"phage_lambda",21883,21884,0,0,2
"phage_lambda",21889,21890,0,0,2
"phage_lambda",21891,21892,0,0,2
"phage_lambda",21893,21894,0,0,2
"phage_lambda",21894,21895,0,0,2
"phage_lambda",21897,21898,0,0,2
"phage_lambda",21927,21928,0,0,1
"phage_lambda",22107,22108,0,0,1
"phage_lambda",22129,22130,0,0,1
"phage_lambda",22134,22135,0,0,1
"phage_lambda",22136,22137,0,0,1
"phage_lambda",22137,22138,0,0,1
"phage_lambda",22152,22153,0,0,1
"phage_lambda",22155,22156,0,0,1
"phage_lambda",22157,22158,0,0,1
"phage_lambda",22158,22159,0,0,1
"phage_lambda",22165,22166,0,0,2
"phage_lambda",22166,22167,0,0,2
"phage_lambda",22176,22177,0,0,2
"phage_lambda",22179,22180,0,0,2
"phage_lambda",22188,22189,0,0,2
"phage_lambda",22189,22190,0,0,2
"phage_lambda",22203,22204,0,0,2
"phage_lambda",22208,22209,0,0,2
"phage_lambda",22209,22210,0,0,2
"phage_lambda",22268,22269,0,0,1
"phage_lambda",22279,22280,0,0,1
"phage_lambda",22281,22282,0,0,1
"phage_lambda",22282,22283,0,0,1
"phage_lambda",22283,22284,0,0,1
"phage_lambda",22284,22285,0,0,1
"phage_lambda",22295,22296,0,0,1
"phage_lambda",22297,22298,0,0,1
"phage_lambda",22298,22299,0,0,1
"phage_lambda",22313,22314,0,0,1
"phage_lambda",22314,22315,0,0,1
"phage_lambda",22316,22317,0,0,1
"phage_lambda",22319,22320,0,0,1
"phage_lambda",22320,22321,0,0,1
"phage_lambda",22329,22330,0,0,1
"phage_lambda",22353,22354,0,0,1
"phage_lambda",22355,22356,0,0,1
"phage_lambda",22356,22357,0,0,1
"phage_lambda",22362,22363,0,0,1
"phage_lambda",22366,22367,0,0,1
"phage_lambda",22375,22376,0,0,1
"phage_lambda",22376,22377,0,0,1
"phage_lambda",22382,22383,0,0,1
"phage_lambda",22386,22387,0,0,2
"phage_lambda",22389,22390,0,0,2
"phage_lambda",22390,22391,0,0,1
"phage_lambda",22395,22396,0,0,2
"phage_lambda",22397,22398,0,0,2
"phage_lambda",22398,22399,0,0,1
"phage_lambda",22404,22405,0,0,2
"phage_lambda",22410,22411,0,0,1
"phage_lambda",22416,22417,0,0,2
"phage_lambda",22419,22420,0,0,2
"phage_lambda",22431,22432,0,0,2
"phage_lambda",22437,22438,0,0,2
"phage_lambda",22438,22439,0,0,1
"phage_lambda",22445,22446,0,0,2
"phage_lambda",22446,22447,0,0,2
"phage_lambda",22449,22450,0,0,2
"phage_lambda",22453,22454,0,0,1
"phage_lambda",22454,22455,0,0,1
"phage_lambda",22460,22461,0,0,1
"phage_lambda",22464,22465,0,0,1
"phage_lambda",22467,22468,0,0,1
"phage_lambda",22468,22469,0,0,1
"phage_lambda",22472,22473,0,0,1
"phage_lambda",22475,22476,0,0,1
"phage_lambda",22478,22479,0,0,1
"phage_lambda",22485,22486,0,0,1
"phage_lambda",22487,22488,0,0,1
"phage_lambda",22507,22508,0,0,1
"phage_lambda",22510,22511,0,0,1
"phage_lambda",22516,22517,0,0,1
"phage_lambda",22518,22519,0,0,1
"phage_lambda",22533,22534,0,0,1
"phage_lambda",22541,22542,0,0,1
"phage_lambda",22542,22543,0,0,1
"phage_lambda",22609,22610,0,0,1
"phage_lambda",22613,22614,100,1,0
"phage_lambda",22620,22621,0,0,1
"phage_lambda",22625,22626,0,0,1
"phage_lambda",22630,22631,0,0,1
"phage_lambda",22635,22636,0,0,1
"phage_lambda",22636,22637,100,1,0
"phage_lambda",22644,22645,0,0,1
"phage_lambda",22645,22646,100,1,0
"phage_lambda",22656,22657,0,0,1
"phage_lambda",22662,22663,0,0,1
"phage_lambda",22664,22665,0,0,1
"phage_lambda",22671,22672,0,0,1
"phage_lambda",22672,22673,0,0,1
"phage_lambda",22675,22676,0,0,1
"phage_lambda",22678,22679,0,0,1
"phage_lambda",22682,22683,0,0,1
"phage_lambda",22684,22685,100,1,0
"phage_lambda",22686,22687,0,0,1
"phage_lambda",22691,22692,0,0,1
"phage_lambda",22694,22695,0,0,1
"phage_lambda",22698,22699,100,1,0
"phage_lambda",22700,22701,0,0,1
"phage_lambda",22705,22706,0,0,1
"phage_lambda",22708,22709,0,0,1
"phage_lambda",22713,22714,0,0,1
"phage_lambda",22714,22715,0,0,1
"phage_lambda",22719,22720,0,0,1
"phage_lambda",22727,22728,0,0,1
"phage_lambda",22736,22737,0,0,1
"phage_lambda",22739,22740,0,0,1
"phage_lambda",22746,22747,0,0,1
"phage_lambda",22747,22748,0,0,1
"phage_lambda",22756,22757,0,0,1
"phage_lambda",22759,22760,100,1,0
"phage_lambda",22764,22765,0,0,2
"phage_lambda",22766,22767,50,1,1
"phage_lambda",22776,22777,0,0,2
"phage_lambda",22783,22784,0,0,1
"phage_lambda",22788,22789,50,1,1
"phage_lambda",22801,22802,0,0,1
"phage_lambda",22810,22811,0,0,1
"phage_lambda",22812,22813,0,0,1
"phage_lambda",22816,22817,0,0,1
"phage_lambda",22823,22824,0,0,1
"phage_lambda",22824,22825,0,0,1
"phage_lambda",22827,22828,0,0,1
"phage_lambda",22833,22834,0,0,1
"phage_lambda",22840,22841,0,0,1
"phage_lambda",22851,22852,0,0,1
"phage_lambda",22855,22856,0,0,2
"phage_lambda",22860,22861,0,0,2
"phage_lambda",22861,22862,0,0,1
"phage_lambda",22867,22868,0,0,1
"phage_lambda",22873,22874,0,0,1
"phage_lambda",22875,22876,0,0,1
"phage_lambda",22879,22880,0,0,1
"phage_lambda",22882,22883,0,0,1
"phage_lambda",22890,22891,0,0,1
"phage_lambda",22891,22892,0,0,1
"phage_lambda",22892,22893,0,0,1
"phage_lambda",22896,22897,0,0,1
"phage_lambda",22900,22901,0,0,1
"phage_lambda",22905,22906,0,0,1
"phage_lambda",22906,22907,0,0,1
"phage_lambda",22913,22914,0,0,1
"phage_lambda",22914,22915,0,0,1
"phage_lambda",22916,22917,0,0,1
"phage_lambda",22919,22920,0,0,1
"phage_lambda",22922,22923,0,0,1
"phage_lambda",22923,22924,0,0,1
"phage_lambda",22926,22927,0,0,1
"phage_lambda",22927,22928,0,0,1
"phage_lambda",22936,22937,0,0,1
"phage_lambda",22937,22938,0,0,1
"phage_lambda",22938,22939,0,0,1
"phage_lambda",22942,22943,0,0,1
"phage_lambda",22943,22944,0,0,1
"phage_lambda",22952,22953,0,0,1
"phage_lambda",22953,22954,0,0,1
"phage_lambda",22958,22959,0,0,1
"phage_lambda",22961,22962,0,0,1
"phage_lambda",22962,22963,0,0,1
"phage_lambda",22963,22964,0,0,1
"phage_lambda",22967,22968,0,0,1
"phage_lambda",22968,22969,0,0,1
"phage_lambda",22969,22970,0,0,1
"phage_lambda",22974,22975,0,0,1
"phage_lambda",22984,22985,0,0,1
"phage_lambda",22996,22997,0,0,1
"phage_lambda",23003,23004,0,0,1
"phage_lambda",23004,23005,0,0,1
"phage_lambda",23023,23024,0,0,1
"phage_lambda",23029,23030,0,0,1
"phage_lambda",23032,23033,0,0,1
"phage_lambda",23053,23054,0,0,1
"phage_lambda",23074,23075,0,0,1
"phage_lambda",23107,23108,0,0,1
"phage_lambda",23108,23109,0,0,1
"phage_lambda",23128,23129,0,0,1
"phage_lambda",23146,23147,0,0,1
"phage_lambda",23149,23150,0,0,1
"phage_lambda",23153,23154,0,0,1
"phage_lambda",23155,23156,0,0,1
"phage_lambda",23180,23181,0,0,1
"phage_lambda",23185,23186,0,0,1
"phage_lambda",23188,23189,0,0,1
"phage_lambda",23201,23202,0,0,2
"phage_lambda",23203,23204,0,0,2
"phage_lambda",23212,23213,0,0,2
"phage_lambda",23231,23232,0,0,1
"phage_lambda",23233,23234,0,0,2
"phage_lambda",23239,23240,0,0,1
"phage_lambda",23243,23244,0,0,2
"phage_lambda",23246,23247,0,0,1
"phage_lambda",23247,23248,0,0,2
"phage_lambda",23253,23254,0,0,1
"phage_lambda",23255,23256,0,0,2
"phage_lambda",23261,23262,0,0,1
"phage_lambda",23262,23263,0,0,2
"phage_lambda",23267,23268,0,0,1
"phage_lambda",23268,23269,0,0,1
"phage_lambda",23270,23271,0,0,1
"phage_lambda",23275,23276,0,0,2
"phage_lambda",23292,23293,100,1,0
"phage_lambda",23304,23305,0,0,1
"phage_lambda",23319,23320,0,0,1
"phage_lambda",23321,23322,0,0,1
"phage_lambda",23328,23329,0,0,1
"phage_lambda",23331,23332,0,0,1
"phage_lambda",23334,23335,0,0,1
"phage_lambda",23335,23336,0,0,1
"phage_lambda",23358,23359,0,0,1
"phage_lambda",23359,23360,0,0,1
"phage_lambda",23363,23364,0,0,1
"phage_lambda",23371,23372,0,0,1
"phage_lambda",23375,23376,0,0,1
"phage_lambda",23380,23381,0,0,1
"phage_lambda",23382,23383,0,0,1
"phage_lambda",23384,23385,100,1,0
"phage_lambda",23411,23412,0,0,1
"phage_lambda",23418,23419,0,0,1
"phage_lambda",23423,23424,0,0,1
"phage_lambda",23424,23425,0,0,1
"phage_lambda",23428,23429,0,0,1
"phage_lambda",23449,23450,0,0,1
"phage_lambda",23457,23458,0,0,1
"phage_lambda",23579,23580,0,0,1
"phage_lambda",23581,23582,0,0,1
"phage_lambda",23587,23588,0,0,1
"phage_lambda",23593,23594,0,0,1
"phage_lambda",23596,23597,0,0,1
"phage_lambda",23620,23621,0,0,1
"phage_lambda",23621,23622,0,0,1
"phage_lambda",23626,23627,0,0,1
"phage_lambda",23627,23628,0,0,1
"phage_lambda",23631,23632,0,0,1
"phage_lambda",23636,23637,0,0,1
"phage_lambda",23641,23642,0,0,1
"phage_lambda",23649,23650,0,0,1
"phage_lambda",23650,23651,0,0,1
"phage_lambda",23659,23660,0,0,1
"phage_lambda",23784,23785,0,0,1
"phage_lambda",23796,23797,0,0,1
"phage_lambda",23803,23804,0,0,1
"phage_lambda",23804,23805,0,0,1
"phage_lambda",23806,23807,0,0,1
"phage_lambda",23807,23808,0,0,1
"phage_lambda",23812,23813,0,0,1
"phage_lambda",23825,23826,0,0,1
"phage_lambda",23839,23840,0,0,1
"phage_lambda",23840,23841,0,0,1
"phage_lambda",23933,23934,0,0,1
"phage_lambda",23937,23938,0,0,1
"phage_lambda",23938,23939,0,0,1
"phage_lambda",23941,23942,0,0,1
"phage_lambda",23942,23943,0,0,1
"phage_lambda",23945,23946,0,0,1
"phage_lambda",23946,23947,0,0,1
"phage_lambda",23949,23950,0,0,1
"phage_lambda",23952,23953,0,0,1
"phage_lambda",23966,23967,0,0,1
"phage_lambda",23968,23969,0,0,1
"phage_lambda",23969,23970,0,0,1
"phage_lambda",23971,23972,0,0,1
"phage_lambda",23985,23986,0,0,1
"phage_lambda",23998,23999,0,0,1
"phage_lambda",24007,24008,0,0,1
"phage_lambda",24010,24011,0,0,1
"phage_lambda",24014,24015,0,0,1
"phage_lambda",24021,24022,0,0,1
"phage_lambda",24026,24027,0,0,1
"phage_lambda",24405,24406,0,0,1
"phage_lambda",24406,24407,0,0,1
"phage_lambda",24410,24411,0,0,1
"phage_lambda",24414,24415,0,0,1
"phage_lambda",24430,24431,0,0,1
"phage_lambda",24457,24458,0,0,1
"phage_lambda",24774,24775,0,0,1
"phage_lambda",24786,24787,0,0,1
"phage_lambda",24789,24790,0,0,1
"phage_lambda",24793,24794,0,0,1
"phage_lambda",24794,24795,0,0,1
"phage_lambda",24796,24797,0,0,1
"phage_lambda",24809,24810,0,0,1
"phage_lambda",24813,24814,0,0,1
"phage_lambda",24816,24817,0,0,1
"phage_lambda",24831,24832,0,0,1
"phage_lambda",24833,24834,0,0,1
"phage_lambda",24858,24859,0,0,1
"phage_lambda",25306,25307,0,0,1
"phage_lambda",25345,25346,0,0,1
"phage_lambda",25356,25357,0,0,1
"phage_lambda",25370,25371,0,0,1
"phage_lambda",25380,25381,0,0,1
"phage_lambda",25383,25384,0,0,1
"phage_lambda",25385,25386,0,0,1
"phage_lambda",25386,25387,0,0,1
"phage_lambda",25389,25390,0,0,1
"phage_lambda",25400,25401,0,0,2
"phage_lambda",25484,25485,0,0,2
"phage_lambda",25488,25489,0,0,2
"phage_lambda",25489,25490,50,1,1
"phage_lambda",25498,25499,0,0,2
"phage_lambda",25502,25503,0,0,2
"phage_lambda",25530,25531,0,0,2
"phage_lambda",25532,25533,0,0,2
"phage_lambda",25533,25534,0,0,2
"phage_lambda",25535,25536,0,0,2
"phage_lambda",25536,25537,0,0,2
"phage_lambda",25549,25550,0,0,2
"phage_lambda",25559,25560,0,0,1
"phage_lambda",25799,25800,0,0,1
"phage_lambda",25811,25812,0,0,1
"phage_lambda",25818,25819,0,0,1
"phage_lambda",25825,25826,0,0,1
"phage_lambda",25826,25827,0,0,1
"phage_lambda",25832,25833,0,0,1
"phage_lambda",25835,25836,0,0,1
"phage_lambda",25838,25839,0,0,1
"phage_lambda",25843,25844,0,0,1
"phage_lambda",25846,25847,0,0,1
"phage_lambda",25848,25849,0,0,1
"phage_lambda",25852,25853,0,0,1
"phage_lambda",25862,25863,0,0,1
"phage_lambda",25867,25868,0,0,1
"phage_lambda",25868,25869,0,0,1
"phage_lambda",25871,25872,0,0,1
"phage_lambda",25873,25874,0,0,1
"phage_lambda",25878,25879,0,0,1
"phage_lambda",25879,25880,0,0,1
"phage_lambda",25881,25882,0,0,1
"phage_lambda",25889,25890,0,0,1
"phage_lambda",25902,25903,0,0,1
"phage_lambda",25908,25909,0,0,1
"phage_lambda",25924,25925,50,1,1
"phage_lambda",25926,25927,0,0,2
"phage_lambda",25946,25947,0,0,2
"phage_lambda",25954,25955,0,0,2
"phage_lambda",25955,25956,50,1,1
"phage_lambda",25984,25985,0,0,2
"phage_lambda",25989,25990,0,0,2
"phage_lambda",25991,25992,0,0,2
"phage_lambda",25992,25993,0,0,2
"phage_lambda",25998,25999,0,0,2
"phage_lambda",26000,26001,50,1,1
"phage_lambda",26011,26012,0,0,2
"phage_lambda",26016,26017,0,0,2
"phage_lambda",26033,26034,0,0,2
"phage_lambda",26040,26041,0,0,2
"phage_lambda",26044,26045,0,0,2
"phage_lambda",26051,26052,50,1,1
"phage_lambda",26057,26058,50,1,1
"phage_lambda",26060,26061,50,1,1
"phage_lambda",26095,26096,0,0,2
"phage_lambda",26103,26104,0,0,2
"phage_lambda",26112,26113,0,0,2
"phage_lambda",26117,26118,0,0,2
"phage_lambda",26122,26123,0,0,1
"phage_lambda",26123,26124,0,0,1
"phage_lambda",26126,26127,50,1,1
"phage_lambda",26128,26129,0,0,2
"phage_lambda",26137,26138,0,0,1
"phage_lambda",26142,26143,0,0,2
"phage_lambda",26146,26147,100,1,0
"phage_lambda",26150,26151,0,0,1
"phage_lambda",26154,26155,0,0,1
"phage_lambda",26157,26158,0,0,1
"phage_lambda",26159,26160,100,1,0
"phage_lambda",26161,26162,0,0,1
"phage_lambda",26162,26163,0,0,1
"phage_lambda",26172,26173,0,0,1
"phage_lambda",26177,26178,0,0,1
"phage_lambda",26179,26180,0,0,1
"phage_lambda",26182,26183,0,0,1
"phage_lambda",26183,26184,0,0,1
"phage_lambda",26188,26189,0,0,1
"phage_lambda",26192,26193,0,0,1
"phage_lambda",26193,26194,100,1,0
"phage_lambda",26198,26199,0,0,1
"phage_lambda",26201,26202,0,0,1
"phage_lambda",26204,26205,0,0,1
"phage_lambda",26209,26210,0,0,1
"phage_lambda",26210,26211,0,0,1
"phage_lambda",26212,26213,0,0,1
"phage_lambda",26213,26214,0,0,1
"phage_lambda",26215,26216,0,0,1
"phage_lambda",26221,26222,0,0,1
"phage_lambda",26222,26223,0,0,1
"phage_lambda",26225,26226,0,0,1
"phage_lambda",26230,26231,0,0,1
"phage_lambda",26231,26232,0,0,1
"phage_lambda",26233,26234,0,0,1
"phage_lambda",26249,26250,0,0,1
"phage_lambda",26252,26253,0,0,1
"phage_lambda",26272,26273,0,0,2
"phage_lambda",26273,26274,0,0,2
"phage_lambda",26274,26275,0,0,2
"phage_lambda",26281,26282,0,0,2
"phage_lambda",26291,26292,0,0,1
"phage_lambda",26307,26308,0,0,1
"phage_lambda",26322,26323,0,0,1
"phage_lambda",26330,26331,0,0,1
"phage_lambda",26331,26332,0,0,1
"phage_lambda",26334,26335,0,0,1
"phage_lambda",26335,26336,0,0,1
"phage_lambda",26337,26338,0,0,1
"phage_lambda",26341,26342,0,0,1
"phage_lambda",26365,26366,0,0,1
"phage_lambda",26368,26369,0,0,1
"phage_lambda",26566,26567,0,0,1
"phage_lambda",26567,26568,0,0,1
"phage_lambda",26569,26570,0,0,1
"phage_lambda",26593,26594,0,0,1
"phage_lambda",26597,26598,0,0,1
"phage_lambda",26603,26604,0,0,1
"phage_lambda",26612,26613,0,0,1
"phage_lambda",26625,26626,0,0,1
"phage_lambda",26626,26627,0,0,1
"phage_lambda",26630,26631,0,0,1
"phage_lambda",26633,26634,0,0,1
"phage_lambda",26639,26640,0,0,1
"phage_lambda",26648,26649,0,0,1
"phage_lambda",26671,26672,0,0,1
"phage_lambda",26672,26673,0,0,1
"phage_lambda",26677,26678,0,0,1
"phage_lambda",26696,26697,0,0,1
"phage_lambda",26705,26706,0,0,1
"phage_lambda",26710,26711,0,0,1
"phage_lambda",26714,26715,0,0,1
"phage_lambda",26716,26717,0,0,1
"phage_lambda",26717,26718,0,0,1
"phage_lambda",26730,26731,0,0,1
"phage_lambda",26759,26760,0,0,1
"phage_lambda",26780,26781,0,0,1
"phage_lambda",26783,26784,0,0,1
"phage_lambda",26786,26787,0,0,1
"phage_lambda",26794,26795,0,0,1
"phage_lambda",26795,26796,0,0,1
"phage_lambda",26798,26799,0,0,1
"phage_lambda",26803,26804,0,0,1
"phage_lambda",26804,26805,0,0,1
"phage_lambda",26840,26841,0,0,1
"phage_lambda",26850,26851,0,0,1
"phage_lambda",26858,26859,0,0,1
"phage_lambda",26869,26870,0,0,1
"phage_lambda",26877,26878,0,0,1
"phage_lambda",26878,26879,0,0,1
"phage_lambda",26883,26884,0,0,1
"phage_lambda",27027,27028,0,0,1
"phage_lambda",27041,27042,100,1,0
"phage_lambda",27079,27080,0,0,1
"phage_lambda",27082,27083,0,0,1
"phage_lambda",27087,27088,0,0,1
"phage_lambda",27098,27099,0,0,1
"phage_lambda",27099,27100,0,0,1
"phage_lambda",27109,27110,0,0,1
"phage_lambda",27570,27571,0,0,1
"phage_lambda",27573,27574,0,0,1
"phage_lambda",27578,27579,0,0,1
"phage_lambda",27579,27580,0,0,1
"phage_lambda",27590,27591,0,0,1
"phage_lambda",27592,27593,0,0,1
"phage_lambda",27594,27595,0,0,1
"phage_lambda",27600,27601,0,0,1
"phage_lambda",27601,27602,0,0,1
"phage_lambda",27604,27605,0,0,1
"phage_lambda",27608,27609,0,0,1
"phage_lambda",27611,27612,0,0,1
"phage_lambda",27614,27615,0,0,1
"phage_lambda",27618,27619,0,0,1
"phage_lambda",27622,27623,0,0,1
"phage_lambda",27624,27625,0,0,1
"phage_lambda",27629,27630,0,0,1
"phage_lambda",27634,27635,0,0,1
"phage_lambda",27637,27638,0,0,1
"phage_lambda",27639,27640,0,0,1
"phage_lambda",27654,27655,0,0,1
"phage_lambda",27657,27658,0,0,1
"phage_lambda",27670,27671,0,0,1
"phage_lambda",27671,27672,0,0,1
"phage_lambda",27677,27678,0,0,1
"phage_lambda",27692,27693,0,0,1
"phage_lambda",27703,27704,0,0,2
"phage_lambda",27715,27716,0,0,2
"phage_lambda",27724,27725,100,1,0
"phage_lambda",27734,27735,100,1,0
"phage_lambda",27743,27744,0,0,1
"phage_lambda",27756,27757,100,1,0
"phage_lambda",27761,27762,0,0,1
"phage_lambda",27766,27767,0,0,1
"phage_lambda",27776,27777,0,0,1
"phage_lambda",27786,27787,0,0,1
"phage_lambda",27788,27789,0,0,2
"phage_lambda",27790,27791,0,0,2
"phage_lambda",27798,27799,0,0,2
"phage_lambda",27809,27810,0,0,2
"phage_lambda",27817,27818,0,0,1
"phage_lambda",27822,27823,0,0,3
"phage_lambda",27829,27830,0,0,1
"phage_lambda",27831,27832,0,0,3
"phage_lambda",27832,27833,0,0,3
"phage_lambda",27833,27834,0,0,3
"phage_lambda",27835,27836,0,0,3
"phage_lambda",27837,27838,0,0,3
"phage_lambda",27838,27839,0,0,3
"phage_lambda",27842,27843,0,0,3
"phage_lambda",27843,27844,0,0,3
"phage_lambda",27849,27850,0,0,3
"phage_lambda",27852,27853,0,0,3
"phage_lambda",27867,27868,0,0,3
"phage_lambda",27868,27869,0,0,3
"phage_lambda",27880,27881,0,0,2
"phage_lambda",27886,27887,0,0,3
"phage_lambda",27903,27904,0,0,3
"phage_lambda",27907,27908,0,0,2
"phage_lambda",27914,27915,0,0,2
"phage_lambda",27922,27923,0,0,2
"phage_lambda",27925,27926,0,0,2
"phage_lambda",27927,27928,0,0,2
"phage_lambda",27935,27936,0,0,2
"phage_lambda",27943,27944,0,0,2
"phage_lambda",27952,27953,0,0,2
"phage_lambda",27955,27956,0,0,2
"phage_lambda",27975,27976,0,0,1
"phage_lambda",27976,27977,0,0,1
"phage_lambda",27977,27978,0,0,1
"phage_lambda",27978,27979,0,0,1
"phage_lambda",27992,27993,0,0,1
"phage_lambda",27998,27999,0,0,1
"phage_lambda",27999,28000,0,0,1
"phage_lambda",28007,28008,0,0,2
"phage_lambda",28012,28013,0,0,1
"phage_lambda",28021,28022,0,0,1
"phage_lambda",28022,28023,0,0,1
"phage_lambda",28025,28026,0,0,2
"phage_lambda",28033,28034,0,0,2
"phage_lambda",28040,28041,0,0,2
"phage_lambda",28044,28045,0,0,2
"phage_lambda",28058,28059,0,0,2
"phage_lambda",28061,28062,0,0,2
"phage_lambda",28064,28065,0,0,2
"phage_lambda",28065,28066,0,0,1
"phage_lambda",28072,28073,0,0,2
"phage_lambda",28073,28074,0,0,2
"phage_lambda",28191,28192,0,0,1
"phage_lambda",28202,28203,0,0,1
"phage_lambda",28203,28204,0,0,1
"phage_lambda",28206,28207,0,0,1
"phage_lambda",28219,28220,0,0,1
"phage_lambda",28220,28221,0,0,1
"phage_lambda",28222,28223,0,0,1
"phage_lambda",28225,28226,0,0,1
"phage_lambda",28232,28233,0,0,1
"phage_lambda",28239,28240,0,0,1
"phage_lambda",28241,28242,100,1,0
"phage_lambda",28242,28243,0,0,1
"phage_lambda",28245,28246,0,0,2
"phage_lambda",28252,28253,0,0,2
"phage_lambda",28260,28261,0,0,2
"phage_lambda",28266,28267,0,0,2
"phage_lambda",28272,28273,0,0,2
"phage_lambda",28273,28274,0,0,2
"phage_lambda",28278,28279,0,0,2
"phage_lambda",28288,28289,0,0,2
"phage_lambda",28289,28290,0,0,2
"phage_lambda",28292,28293,0,0,2
"phage_lambda",28311,28312,0,0,2
"phage_lambda",28346,28347,0,0,1
"phage_lambda",28352,28353,0,0,1
"phage_lambda",28354,28355,0,0,1
"phage_lambda",28355,28356,0,0,1
"phage_lambda",28359,28360,0,0,1
"phage_lambda",28360,28361,0,0,1
"phage_lambda",28389,28390,100,1,0
"phage_lambda",28409,28410,100,1,0
"phage_lambda",28410,28411,100,1,0
"phage_lambda",28416,28417,100,1,0
"phage_lambda",28422,28423,100,1,0
"phage_lambda",28423,28424,100,1,0
"phage_lambda",28425,28426,100,1,0
"phage_lambda",28434,28435,100,1,0
"phage_lambda",28439,28440,100,1,0
"phage_lambda",28459,28460,100,1,0
"phage_lambda",28473,28474,100,1,0
"phage_lambda",28474,28475,100,1,0
"phage_lambda",28478,28479,100,1,0
"phage_lambda",28479,28480,100,1,0
"phage_lambda",28480,28481,100,1,0
"phage_lambda",28485,28486,100,1,0
"phage_lambda",28493,28494,100,1,0
"phage_lambda",28494,28495,100,1,0
"phage_lambda",28501,28502,100,1,0
"phage_lambda",28509,28510,100,1,0
"phage_lambda",28515,28516,100,1,0
"phage_lambda",28530,28531,100,1,0
"phage_lambda",28533,28534,100,1,0
"phage_lambda",28536,28537,0,0,1
"phage_lambda",28538,28539,0,0,1
"phage_lambda",28539,28540,0,0,1
"phage_lambda",28541,28542,0,0,1
"phage_lambda",28542,28543,100,1,0
"phage_lambda",28548,28549,0,0,1
"phage_lambda",28553,28554,100,1,0
"phage_lambda",28554,28555,100,1,0
"phage_lambda",28555,28556,100,1,0
"phage_lambda",28556,28557,100,1,0
"phage_lambda",28558,28559,100,1,0
"phage_lambda",28559,28560,100,1,0
"phage_lambda",28565,28566,0,0,1
"phage_lambda",28566,28567,50,1,1
"phage_lambda",28576,28577,0,0,1
"phage_lambda",28577,28578,50,1,1
"phage_lambda",28579,28580,50,1,1
"phage_lambda",28582,28583,0,0,1
"phage_lambda",28591,28592,0,0,1
"phage_lambda",28593,28594,0,0,1
"phage_lambda",28595,28596,0,0,1
"phage_lambda",28597,28598,0,0,1
"phage_lambda",28603,28604,0,0,1
"phage_lambda",28606,28607,0,0,1
"phage_lambda",28610,28611,0,0,1
"phage_lambda",28611,28612,0,0,1
"phage_lambda",28619,28620,0,0,1
"phage_lambda",28620,28621,0,0,1
"phage_lambda",28624,28625,0,0,1
"phage_lambda",28636,28637,0,0,1
"phage_lambda",28641,28642,0,0,1
"phage_lambda",28644,28645,0,0,1
"phage_lambda",28645,28646,0,0,1
"phage_lambda",28646,28647,0,0,1
"phage_lambda",28649,28650,0,0,1
"phage_lambda",28653,28654,0,0,1
"phage_lambda",28671,28672,0,0,1
"phage_lambda",28678,28679,0,0,1
"phage_lambda",28682,28683,0,0,1
"phage_lambda",28694,28695,0,0,1
"phage_lambda",28695,28696,0,0,1
"phage_lambda",28696,28697,0,0,1
"phage_lambda",28709,28710,0,0,1
"phage_lambda",28720,28721,0,0,1
"phage_lambda",28722,28723,0,0,1
"phage_lambda",28731,28732,0,0,1
"phage_lambda",28740,28741,0,0,1
"phage_lambda",28759,28760,0,0,1
"phage_lambda",28764,28765,0,0,1
"phage_lambda",28769,28770,0,0,1
"phage_lambda",28770,28771,0,0,1
"phage_lambda",28775,28776,0,0,1
"phage_lambda",28776,28777,0,0,1
"phage_lambda",28780,28781,0,0,1
"phage_lambda",28782,28783,0,0,1
"phage_lambda",28787,28788,0,0,1
"phage_lambda",28792,28793,0,0,1
"phage_lambda",28793,28794,0,0,1
"phage_lambda",28800,28801,0,0,1
"phage_lambda",28801,28802,0,0,1
"phage_lambda",29026,29027,0,0,1
"phage_lambda",29027,29028,0,0,1
"phage_lambda",29034,29035,0,0,1
"phage_lambda",29035,29036,0,0,1
"phage_lambda",29045,29046,0,0,1
"phage_lambda",29049,29050,0,0,1
"phage_lambda",29065,29066,100,1,0
"phage_lambda",29067,29068,0,0,1
"phage_lambda",29072,29073,0,0,1
"phage_lambda",29084,29085,0,0,1
"phage_lambda",29104,29105,0,0,1
"phage_lambda",29121,29122,100,1,0
"phage_lambda",29128,29129,0,0,1
"phage_lambda",29129,29130,0,0,1
"phage_lambda",29131,29132,0,0,1
"phage_lambda",29159,29160,0,0,1
"phage_lambda",29160,29161,0,0,1
"phage_lambda",29173,29174,0,0,1
"phage_lambda",29175,29176,0,0,1
"phage_lambda",29200,29201,0,0,2
"phage_lambda",29201,29202,0,0,2
"phage_lambda",29207,29208,0,0,2
"phage_lambda",29216,29217,0,0,2
"phage_lambda",29219,29220,0,0,2
"phage_lambda",29243,29244,0,0,2
"phage_lambda",29247,29248,0,0,2
"phage_lambda",29248,29249,0,0,2
"phage_lambda",29270,29271,0,0,2
"phage_lambda",29279,29280,0,0,1
"phage_lambda",29281,29282,0,0,1
"phage_lambda",29316,29317,0,0,1
"phage_lambda",29320,29321,0,0,1
"phage_lambda",29345,29346,0,0,1
"phage_lambda",29347,29348,0,0,1
"phage_lambda",29351,29352,0,0,1
"phage_lambda",29352,29353,0,0,1
"phage_lambda",29356,29357,0,0,1
"phage_lambda",29429,29430,0,0,1
"phage_lambda",29441,29442,0,0,1
"phage_lambda",29469,29470,0,0,1
"phage_lambda",29476,29477,0,0,1
"phage_lambda",29477,29478,0,0,1
"phage_lambda",29478,29479,0,0,1
"phage_lambda",29479,29480,0,0,1
"phage_lambda",29484,29485,0,0,1
"phage_lambda",29494,29495,0,0,1
"phage_lambda",29496,29497,0,0,1
"phage_lambda",29504,29505,0,0,1
"phage_lambda",29505,29506,0,0,1
"phage_lambda",29508,29509,0,0,1
"phage_lambda",29511,29512,0,0,1
"phage_lambda",29512,29513,0,0,1
"phage_lambda",29520,29521,0,0,1
"phage_lambda",29524,29525,0,0,1
"phage_lambda",29529,29530,0,0,1
"phage_lambda",29531,29532,0,0,1
"phage_lambda",29537,29538,0,0,1
"phage_lambda",29542,29543,0,0,1
"phage_lambda",29543,29544,0,0,1
"phage_lambda",29546,29547,0,0,1
"phage_lambda",29549,29550,0,0,1
"phage_lambda",29552,29553,0,0,1
"phage_lambda",29558,29559,0,0,1
"phage_lambda",29560,29561,0,0,1
"phage_lambda",29561,29562,0,0,1
"phage_lambda",29567,29568,0,0,2
"phage_lambda",29570,29571,0,0,2
"phage_lambda",29575,29576,0,0,1
"phage_lambda",29578,29579,0,0,2
"phage_lambda",29579,29580,0,0,2
"phage_lambda",29581,29582,0,0,2
"phage_lambda",29583,29584,0,0,1
"phage_lambda",29586,29587,0,0,2
"phage_lambda",29588,29589,0,0,1
"phage_lambda",29599,29600,0,0,1
"phage_lambda",29601,29602,0,0,1
"phage_lambda",29604,29605,0,0,1
"phage_lambda",29608,29609,0,0,1
"phage_lambda",29615,29616,0,0,1
"phage_lambda",29616,29617,0,0,1
"phage_lambda",29617,29618,0,0,1
"phage_lambda",29621,29622,0,0,1
"phage_lambda",29627,29628,0,0,1
"phage_lambda",29628,29629,0,0,1
"phage_lambda",29634,29635,0,0,1
"phage_lambda",29636,29637,0,0,1
"phage_lambda",29640,29641,0,0,1
"phage_lambda",29642,29643,0,0,1
"phage_lambda",29646,29647,0,0,1
"phage_lambda",29650,29651,0,0,1
"phage_lambda",29652,29653,0,0,1
"phage_lambda",29662,29663,0,0,1
"phage_lambda",29664,29665,0,0,1
"phage_lambda",29665,29666,0,0,1
"phage_lambda",29668,29669,0,0,1
"phage_lambda",29669,29670,0,0,1
"phage_lambda",29673,29674,0,0,1
"phage_lambda",29677,29678,0,0,1
"phage_lambda",29687,29688,0,0,1
"phage_lambda",29701,29702,0,0,1
"phage_lambda",29705,29706,0,0,1
"phage_lambda",29711,29712,0,0,1
"phage_lambda",29716,29717,0,0,1
"phage_lambda",29726,29727,0,0,2
"phage_lambda",29738,29739,0,0,1
"phage_lambda",29744,29745,0,0,2
"phage_lambda",29748,29749,0,0,2
"phage_lambda",29750,29751,0,0,2
"phage_lambda",29757,29758,0,0,1
"phage_lambda",29760,29761,0,0,1
"phage_lambda",29767,29768,0,0,1
"phage_lambda",29769,29770,0,0,1
"phage_lambda",29776,29777,0,0,1
"phage_lambda",29781,29782,0,0,2
"phage_lambda",29782,29783,0,0,1
"phage_lambda",29791,29792,0,0,2
"phage_lambda",29794,29795,0,0,2
"phage_lambda",29811,29812,0,0,1
"phage_lambda",29817,29818,0,0,1
"phage_lambda",29819,29820,0,0,1
"phage_lambda",29822,29823,0,0,1
"phage_lambda",29829,29830,0,0,1
"phage_lambda",29835,29836,0,0,1
"phage_lambda",29845,29846,0,0,1
"phage_lambda",29847,29848,0,0,1
"phage_lambda",29849,29850,0,0,1
"phage_lambda",29851,29852,0,0,1
"phage_lambda",29853,29854,0,0,1
"phage_lambda",29854,29855,0,0,1
"phage_lambda",29858,29859,0,0,1
"phage_lambda",29861,29862,0,0,1
"phage_lambda",29867,29868,0,0,1
"phage_lambda",29868,29869,0,0,1
"phage_lambda",29879,29880,0,0,1
"phage_lambda",29882,29883,0,0,1
"phage_lambda",29887,29888,0,0,1
"phage_lambda",29898,29899,0,0,1
"phage_lambda",29902,29903,0,0,1
"phage_lambda",29905,29906,0,0,1
"phage_lambda",29911,29912,0,0,1
"phage_lambda",29912,29913,0,0,1
"phage_lambda",29913,29914,0,0,1
"phage_lambda",29917,29918,0,0,1
"phage_lambda",29919,29920,0,0,1
"phage_lambda",29920,29921,0,0,1
"phage_lambda",29922,29923,0,0,1
"phage_lambda",29923,29924,0,0,1
"phage_lambda",29926,29927,0,0,1
"phage_lambda",29927,29928,0,0,1
"phage_lambda",29962,29963,0,0,2
"phage_lambda",29971,29972,0,0,2
"phage_lambda",29996,29997,0,0,2
"phage_lambda",29998,29999,0,0,2
"phage_lambda",30001,30002,0,0,2
"phage_lambda",30007,30008,0,0,2
"phage_lambda",30009,30010,0,0,2
"phage_lambda",30020,30021,0,0,2
"phage_lambda",30035,30036,0,0,2
"phage_lambda",30038,30039,0,0,2
"phage_lambda",30039,30040,0,0,2
"phage_lambda",30052,30053,0,0,3
"phage_lambda",30055,30056,0,0,3
"phage_lambda",30073,30074,0,0,3
"phage_lambda",30076,30077,0,0,3
"phage_lambda",30082,30083,0,0,2
"phage_lambda",30090,30091,0,0,3
"phage_lambda",30094,30095,0,0,3
"phage_lambda",30103,30104,0,0,2
"phage_lambda",30110,30111,0,0,2
"phage_lambda",30114,30115,0,0,2
"phage_lambda",30116,30117,0,0,1
"phage_lambda",30117,30118,0,0,1
"phage_lambda",30118,30119,0,0,1
"phage_lambda",30130,30131,0,0,1
"phage_lambda",30132,30133,0,0,1
"phage_lambda",30133,30134,0,0,1
"phage_lambda",30143,30144,0,0,1
"phage_lambda",30145,30146,0,0,1
"phage_lambda",30152,30153,0,0,1
"phage_lambda",30178,30179,0,0,2
"phage_lambda",30181,30182,0,0,1
"phage_lambda",30182,30183,0,0,3
"phage_lambda",30184,30185,0,0,3
"phage_lambda",30187,30188,0,0,3
"phage_lambda",30197,30198,0,0,2
"phage_lambda",30198,30199,0,0,2
"phage_lambda",30199,30200,0,0,2
"phage_lambda",30208,30209,0,0,1
"phage_lambda",30211,30212,0,0,2
"phage_lambda",30217,30218,0,0,2
"phage_lambda",30218,30219,0,0,2
"phage_lambda",30224,30225,0,0,2
"phage_lambda",30226,30227,0,0,2
"phage_lambda",30230,30231,0,0,1
"phage_lambda",30242,30243,0,0,1
"phage_lambda",30245,30246,0,0,1
"phage_lambda",30250,30251,0,0,1
"phage_lambda",30254,30255,0,0,1
"phage_lambda",30258,30259,0,0,3
"phage_lambda",30262,30263,0,0,3
"phage_lambda",30268,30269,0,0,3
"phage_lambda",30271,30272,0,0,3
"phage_lambda",30280,30281,0,0,3
"phage_lambda",30284,30285,0,0,3
"phage_lambda",30286,30287,0,0,3
"phage_lambda",30294,30295,0,0,1
"phage_lambda",30295,30296,0,0,1
"phage_lambda",30297,30298,0,0,1
"phage_lambda",30301,30302,0,0,2
"phage_lambda",30302,30303,0,0,2
"phage_lambda",30307,30308,0,0,2
"phage_lambda",30310,30311,0,0,1
"phage_lambda",30311,30312,0,0,1
"phage_lambda",30316,30317,0,0,1
"phage_lambda",30317,30318,0,0,1
"phage_lambda",30325,30326,0,0,2
"phage_lambda",30330,30331,0,0,2
"phage_lambda",30331,30332,0,0,1
"phage_lambda",30332,30333,0,0,1
"phage_lambda",30340,30341,0,0,1
"phage_lambda",30349,30350,0,0,1
"phage_lambda",30353,30354,0,0,1
"phage_lambda",30361,30362,0,0,2
"phage_lambda",30364,30365,0,0,2
"phage_lambda",30372,30373,0,0,1
"phage_lambda",30373,30374,0,0,2
"phage_lambda",30378,30379,0,0,1
"phage_lambda",30380,30381,100,1,0
"phage_lambda",30392,30393,0,0,1
"phage_lambda",30394,30395,0,0,1
"phage_lambda",30401,30402,0,0,1
"phage_lambda",30402,30403,0,0,1
"phage_lambda",30404,30405,0,0,1
"phage_lambda",30420,30421,0,0,1
"phage_lambda",30423,30424,0,0,1
"phage_lambda",30429,30430,0,0,1
"phage_lambda",30430,30431,0,0,1
"phage_lambda",30432,30433,0,0,1
"phage_lambda",30436,30437,0,0,1
"phage_lambda",30437,30438,0,0,1
"phage_lambda",30440,30441,0,0,1
"phage_lambda",30443,30444,0,0,1
"phage_lambda",30444,30445,0,0,1
"phage_lambda",30446,30447,0,0,1
"phage_lambda",30449,30450,0,0,1
"phage_lambda",30455,30456,0,0,1
"phage_lambda",30458,30459,0,0,1
"phage_lambda",30459,30460,0,0,1
"phage_lambda",30468,30469,0,0,1
"phage_lambda",30472,30473,0,0,1
"phage_lambda",30476,30477,0,0,1
"phage_lambda",30483,30484,0,0,1
"phage_lambda",30486,30487,0,0,1
"phage_lambda",30497,30498,0,0,1
"phage_lambda",30498,30499,0,0,1
"phage_lambda",30500,30501,0,0,1
"phage_lambda",30502,30503,0,0,1
"phage_lambda",30504,30505,0,0,1
"phage_lambda",30506,30507,0,0,1
"phage_lambda",30509,30510,0,0,1
"phage_lambda",30528,30529,0,0,1
"phage_lambda",30547,30548,0,0,1
"phage_lambda",30576,30577,0,0,1
"phage_lambda",30579,30580,0,0,1
"phage_lambda",30738,30739,0,0,1
"phage_lambda",30749,30750,0,0,1
"phage_lambda",30754,30755,0,0,1
"phage_lambda",30775,30776,0,0,1
"phage_lambda",30776,30777,0,0,1
"phage_lambda",30777,30778,0,0,1
"phage_lambda",30801,30802,0,0,1
"phage_lambda",30804,30805,0,0,1
"phage_lambda",30814,30815,0,0,1
"phage_lambda",30820,30821,0,0,1
"phage_lambda",30827,30828,0,0,1
"phage_lambda",30860,30861,0,0,1
"phage_lambda",30929,30930,0,0,1
"phage_lambda",30935,30936,0,0,1
"phage_lambda",30942,30943,0,0,1
"phage_lambda",30950,30951,0,0,1
"phage_lambda",30956,30957,0,0,1
"phage_lambda",30957,30958,0,0,1
"phage_lambda",30959,30960,0,0,1
"phage_lambda",30969,30970,0,0,1
"phage_lambda",30972,30973,0,0,1
"phage_lambda",30973,30974,0,0,1
"phage_lambda",30980,30981,0,0,1
"phage_lambda",30990,30991,0,0,1
"phage_lambda",30991,30992,0,0,1
"phage_lambda",30999,31000,0,0,1
"phage_lambda",31000,31001,100,1,0
"phage_lambda",31003,31004,0,0,1
"phage_lambda",31005,31006,0,0,1
"phage_lambda",31009,31010,0,0,1
"phage_lambda",31013,31014,100,1,0
"phage_lambda",31017,31018,0,0,1
"phage_lambda",31019,31020,0,0,1
"phage_lambda",31021,31022,0,0,1
"phage_lambda",31027,31028,0,0,1
"phage_lambda",31033,31034,0,0,1
"phage_lambda",31039,31040,0,0,1
"phage_lambda",31040,31041,0,0,1
"phage_lambda",31042,31043,0,0,1
"phage_lambda",31043,31044,0,0,1
"phage_lambda",31046,31047,0,0,1
"phage_lambda",31051,31052,0,0,1
"phage_lambda",31055,31056,0,0,1
"phage_lambda",31060,31061,0,0,1
"phage_lambda",31062,31063,0,0,1
"phage_lambda",31066,31067,0,0,1
"phage_lambda",31067,31068,0,0,1
"phage_lambda",31068,31069,0,0,1
"phage_lambda",31071,31072,0,0,1
"phage_lambda",31075,31076,0,0,1
"phage_lambda",31084,31085,0,0,1
"phage_lambda",31090,31091,0,0,1
"phage_lambda",31102,31103,0,0,1
"phage_lambda",31108,31109,0,0,1
"phage_lambda",31113,31114,0,0,2
"phage_lambda",31114,31115,0,0,2
"phage_lambda",31135,31136,0,0,2
"phage_lambda",31137,31138,0,0,2
"phage_lambda",31141,31142,0,0,2
"phage_lambda",31142,31143,0,0,2
"phage_lambda",31147,31148,0,0,2
"phage_lambda",31149,31150,0,0,2
"phage_lambda",31182,31183,0,0,2
"phage_lambda",31185,31186,0,0,2
"phage_lambda",31190,31191,0,0,2
"phage_lambda",31192,31193,0,0,2
"phage_lambda",31238,31239,0,0,1
"phage_lambda",31247,31248,0,0,1
"phage_lambda",31248,31249,0,0,1
"phage_lambda",31266,31267,0,0,2
"phage_lambda",31267,31268,0,0,2
"phage_lambda",31272,31273,0,0,1
"phage_lambda",31292,31293,0,0,1
"phage_lambda",31300,31301,0,0,1
"phage_lambda",31303,31304,0,0,1
"phage_lambda",31310,31311,0,0,1
"phage_lambda",31312,31313,0,0,1
"phage_lambda",31316,31317,0,0,1
"phage_lambda",31338,31339,0,0,1
"phage_lambda",31340,31341,0,0,1
"phage_lambda",31341,31342,0,0,1
"phage_lambda",31344,31345,0,0,1
"phage_lambda",31358,31359,0,0,1
"phage_lambda",31390,31391,50,1,1
"phage_lambda",31410,31411,50,1,1
"phage_lambda",31443,31444,0,0,2
"phage_lambda",31475,31476,0,0,1
"phage_lambda",31479,31480,0,0,1
"phage_lambda",31500,31501,0,0,1
"phage_lambda",31506,31507,0,0,1
"phage_lambda",31509,31510,0,0,1
"phage_lambda",31510,31511,0,0,1
"phage_lambda",31515,31516,0,0,1
"phage_lambda",31522,31523,0,0,1
"phage_lambda",31621,31622,0,0,1
"phage_lambda",31623,31624,0,0,1
"phage_lambda",31624,31625,0,0,1
"phage_lambda",31632,31633,0,0,1
"phage_lambda",31646,31647,0,0,1
"phage_lambda",31647,31648,0,0,1
"phage_lambda",31653,31654,0,0,1
"phage_lambda",31676,31677,0,0,1
"phage_lambda",31678,31679,0,0,1
"phage_lambda",31680,31681,0,0,1
"phage_lambda",31684,31685,0,0,1
"phage_lambda",31710,31711,0,0,1
"phage_lambda",31713,31714,0,0,1
"phage_lambda",31719,31720,0,0,1
"phage_lambda",31720,31721,0,0,1
"phage_lambda",31744,31745,0,0,1
"phage_lambda",31746,31747,0,0,1
"phage_lambda",31758,31759,0,0,1
"phage_lambda",31759,31760,0,0,1
"phage_lambda",31765,31766,0,0,1
"phage_lambda",31792,31793,0,0,1
"phage_lambda",31798,31799,0,0,1
"phage_lambda",31804,31805,0,0,1
"phage_lambda",31819,31820,0,0,1
"phage_lambda",31830,31831,0,0,1
"phage_lambda",31844,31845,0,0,1
"phage_lambda",31848,31849,0,0,1
"phage_lambda",31849,31850,0,0,1
"phage_lambda",31851,31852,0,0,1
"phage_lambda",31853,31854,0,0,1
"phage_lambda",31854,31855,0,0,1
"phage_lambda",31857,31858,0,0,1
"phage_lambda",31860,31861,0,0,1
"phage_lambda",31861,31862,0,0,1
"phage_lambda",31872,31873,0,0,1
"phage_lambda",31877,31878,0,0,1
"phage_lambda",32110,32111,100,1,0
"phage_lambda",32135,32136,0,0,1
"phage_lambda",32136,32137,0,0,1
"phage_lambda",32143,32144,0,0,1
"phage_lambda",32153,32154,0,0,1
"phage_lambda",32166,32167,0,0,1
"phage_lambda",32177,32178,0,0,1
"phage_lambda",32178,32179,0,0,1
"phage_lambda",32190,32191,0,0,1
"phage_lambda",32192,32193,0,0,1
"phage_lambda",32207,32208,0,0,1
"phage_lambda",32208,32209,0,0,1
"phage_lambda",32226,32227,0,0,1
"phage_lambda",32228,32229,0,0,1
"phage_lambda",32231,32232,0,0,1
"phage_lambda",32258,32259,0,0,1
"phage_lambda",32262,32263,0,0,1
"phage_lambda",32279,32280,0,0,1
"phage_lambda",32297,32298,0,0,1
"phage_lambda",32303,32304,0,0,1
"phage_lambda",32321,32322,0,0,1
"phage_lambda",32322,32323,0,0,1
"phage_lambda",32331,32332,0,0,1
"phage_lambda",32345,32346,0,0,1
"phage_lambda",32346,32347,0,0,1
"phage_lambda",32353,32354,0,0,1
"phage_lambda",32369,32370,0,0,1
"phage_lambda",32370,32371,0,0,1
"phage_lambda",32371,32372,0,0,1
"phage_lambda",32374,32375,0,0,1
"phage_lambda",32412,32413,0,0,1
"phage_lambda",32417,32418,0,0,1
"phage_lambda",32421,32422,0,0,1
"phage_lambda",32422,32423,0,0,1
"phage_lambda",32467,32468,0,0,1
"phage_lambda",32480,32481,0,0,1
"phage_lambda",32496,32497,0,0,1
"phage_lambda",32502,32503,0,0,1
"phage_lambda",32510,32511,0,0,1
"phage_lambda",32522,32523,0,0,1
"phage_lambda",32528,32529,0,0,1
"phage_lambda",32543,32544,0,0,1
"phage_lambda",32552,32553,0,0,1
"phage_lambda",32555,32556,0,0,1
"phage_lambda",32558,32559,0,0,1
"phage_lambda",32594,32595,0,0,1
"phage_lambda",32611,32612,0,0,1
"phage_lambda",32615,32616,0,0,1
"phage_lambda",32616,32617,0,0,1
"phage_lambda",32644,32645,0,0,1
"phage_lambda",32645,32646,0,0,1
"phage_lambda",32654,32655,0,0,1
"phage_lambda",32657,32658,0,0,1
"phage_lambda",32658,32659,0,0,1
"phage_lambda",32673,32674,0,0,1
"phage_lambda",32678,32679,0,0,1
"phage_lambda",32694,32695,0,0,1
"phage_lambda",32709,32710,0,0,1
"phage_lambda",32717,32718,0,0,1
"phage_lambda",32866,32867,100,1,0
"phage_lambda",32875,32876,100,1,0
"phage_lambda",32877,32878,100,1,0
"phage_lambda",32883,32884,0,0,1
"phage_lambda",32884,32885,0,0,1
"phage_lambda",32887,32888,100,1,0
"phage_lambda",32890,32891,0,0,1
"phage_lambda",32892,32893,0,0,1
"phage_lambda",32899,32900,0,0,1
"phage_lambda",32901,32902,0,0,1
"phage_lambda",32904,32905,0,0,1
"phage_lambda",32910,32911,0,0,1
"phage_lambda",32913,32914,0,0,1
"phage_lambda",32924,32925,100,1,0
"phage_lambda",32929,32930,100,1,0
"phage_lambda",32930,32931,100,1,0
"phage_lambda",32938,32939,100,1,0
"phage_lambda",32942,32943,100,1,0
"phage_lambda",32949,32950,100,1,0
"phage_lambda",32950,32951,100,1,0
"phage_lambda",32955,32956,100,1,0
"phage_lambda",32961,32962,100,1,0
"phage_lambda",32968,32969,100,1,0
"phage_lambda",32973,32974,100,1,0
"phage_lambda",32986,32987,100,1,0
"phage_lambda",32988,32989,100,1,0
"phage_lambda",32992,32993,100,1,0
"phage_lambda",32993,32994,50,1,1
"phage_lambda",32994,32995,50,1,1
"phage_lambda",32998,32999,50,1,1
"phage_lambda",33010,33011,50,1,1
"phage_lambda",33044,33045,0,0,1
"phage_lambda",33048,33049,0,0,1
"phage_lambda",33055,33056,0,0,1
"phage_lambda",33058,33059,0,0,1
"phage_lambda",33060,33061,0,0,1
"phage_lambda",33077,33078,0,0,1
"phage_lambda",33084,33085,0,0,1
"phage_lambda",33684,33685,0,0,1
"phage_lambda",33695,33696,0,0,1
"phage_lambda",33705,33706,0,0,1
"phage_lambda",33717,33718,0,0,1
"phage_lambda",33726,33727,0,0,1
"phage_lambda",33730,33731,0,0,1
"phage_lambda",33744,33745,0,0,1
"phage_lambda",33790,33791,0,0,1
"phage_lambda",33819,33820,0,0,1
"phage_lambda",33820,33821,0,0,1
"phage_lambda",33826,33827,0,0,1
"phage_lambda",33834,33835,0,0,1
"phage_lambda",33846,33847,0,0,1
"phage_lambda",33852,33853,0,0,1
"phage_lambda",33992,33993,0,0,1
"phage_lambda",33999,34000,0,0,1
"phage_lambda",34007,34008,0,0,1
"phage_lambda",34014,34015,0,0,1
"phage_lambda",34027,34028,0,0,1
"phage_lambda",34028,34029,0,0,1
"phage_lambda",34032,34033,0,0,1
"phage_lambda",34043,34044,0,0,2
"phage_lambda",34048,34049,50,1,1
"phage_lambda",34066,34067,0,0,2
"phage_lambda",34078,34079,0,0,2
"phage_lambda",34079,34080,0,0,2
"phage_lambda",34090,34091,0,0,2
"phage_lambda",34098,34099,0,0,2
"phage_lambda",34101,34102,0,0,2
"phage_lambda",34115,34116,0,0,2
"phage_lambda",34123,34124,0,0,2
"phage_lambda",34132,34133,0,0,2
"phage_lambda",34147,34148,0,0,2
"phage_lambda",34184,34185,0,0,2
"phage_lambda",34199,34200,0,0,1
"phage_lambda",34209,34210,0,0,1
"phage_lambda",34220,34221,0,0,1
"phage_lambda",34227,34228,0,0,1
"phage_lambda",34236,34237,0,0,1
"phage_lambda",34245,34246,0,0,1
"phage_lambda",34250,34251,0,0,1
"phage_lambda",34262,34263,0,0,1
"phage_lambda",34276,34277,0,0,1
"phage_lambda",34282,34283,100,1,0
"phage_lambda",34294,34295,100,1,0
"phage_lambda",34300,34301,0,0,1
"phage_lambda",34305,34306,0,0,1
"phage_lambda",34322,34323,0,0,1
"phage_lambda",34323,34324,0,0,1
"phage_lambda",34326,34327,0,0,1
"phage_lambda",34523,34524,0,0,1
"phage_lambda",34525,34526,0,0,1
"phage_lambda",34535,34536,0,0,1
"phage_lambda",34538,34539,0,0,1
"phage_lambda",34539,34540,0,0,1
"phage_lambda",34544,34545,0,0,1
"phage_lambda",34546,34547,0,0,1
"phage_lambda",34548,34549,0,0,1
"phage_lambda",34551,34552,0,0,1
"phage_lambda",34552,34553,0,0,1
"phage_lambda",34555,34556,0,0,1
"phage_lambda",34561,34562,0,0,1
"phage_lambda",34573,34574,0,0,1
"phage_lambda",34574,34575,0,0,1
"phage_lambda",34577,34578,0,0,1
"phage_lambda",34578,34579,0,0,1
"phage_lambda",34580,34581,0,0,2
"phage_lambda",34586,34587,0,0,2
"phage_lambda",34593,34594,0,0,1
"phage_lambda",34594,34595,0,0,2
"phage_lambda",34595,34596,0,0,2
"phage_lambda",34606,34607,0,0,1
"phage_lambda",34607,34608,0,0,2
"phage_lambda",34616,34617,0,0,1
"phage_lambda",34622,34623,0,0,1
"phage_lambda",34637,34638,0,0,2
"phage_lambda",34638,34639,0,0,2
"phage_lambda",34640,34641,0,0,2
"phage_lambda",34649,34650,0,0,3
"phage_lambda",34660,34661,0,0,3
"phage_lambda",34665,34666,0,0,3
"phage_lambda",34667,34668,0,0,3
"phage_lambda",34671,34672,0,0,3
"phage_lambda",34679,34680,0,0,3
"phage_lambda",34683,34684,0,0,3
"phage_lambda",34694,34695,0,0,2
"phage_lambda",34707,34708,0,0,2
"phage_lambda",34713,34714,0,0,2
"phage_lambda",34719,34720,0,0,2
"phage_lambda",34739,34740,0,0,2
"phage_lambda",34750,34751,0,0,2
"phage_lambda",34760,34761,0,0,2
"phage_lambda",34787,34788,0,0,1
"phage_lambda",34792,34793,0,0,1
"phage_lambda",34793,34794,0,0,1
"phage_lambda",34805,34806,0,0,1
"phage_lambda",34809,34810,0,0,1
"phage_lambda",34827,34828,0,0,1
"phage_lambda",34828,34829,0,0,1
"phage_lambda",34829,34830,0,0,1
"phage_lambda",34991,34992,0,0,1
"phage_lambda",35006,35007,0,0,1
"phage_lambda",35008,35009,0,0,1
"phage_lambda",35014,35015,0,0,1
"phage_lambda",35019,35020,0,0,1
"phage_lambda",35020,35021,0,0,1
"phage_lambda",35032,35033,0,0,1
"phage_lambda",35039,35040,0,0,1
"phage_lambda",35044,35045,0,0,1
"phage_lambda",35046,35047,0,0,1
"phage_lambda",35047,35048,0,0,1
"phage_lambda",35072,35073,0,0,1
"phage_lambda",35085,35086,0,0,1
"phage_lambda",35090,35091,0,0,1
"phage_lambda",35104,35105,0,0,1
"phage_lambda",35105,35106,0,0,1
"phage_lambda",35108,35109,0,0,1
"phage_lambda",35114,35115,0,0,1
"phage_lambda",35115,35116,0,0,1
"phage_lambda",35118,35119,0,0,1
"phage_lambda",35120,35121,0,0,1
"phage_lambda",35129,35130,0,0,1
"phage_lambda",35132,35133,0,0,1
"phage_lambda",35135,35136,0,0,1
"phage_lambda",35137,35138,0,0,1
"phage_lambda",35154,35155,0,0,1
"phage_lambda",35158,35159,0,0,1
"phage_lambda",35179,35180,0,0,1
"phage_lambda",35183,35184,0,0,1
"phage_lambda",35194,35195,0,0,1
"phage_lambda",35211,35212,0,0,1
"phage_lambda",35215,35216,0,0,1
"phage_lambda",35218,35219,0,0,1
"phage_lambda",35274,35275,0,0,1
"phage_lambda",35278,35279,0,0,1
"phage_lambda",35279,35280,0,0,1
"phage_lambda",35280,35281,0,0,1
"phage_lambda",35281,35282,0,0,1
"phage_lambda",35284,35285,0,0,1
"phage_lambda",35285,35286,0,0,1
"phage_lambda",35291,35292,0,0,1
"phage_lambda",35292,35293,0,0,1
"phage_lambda",35293,35294,0,0,1
"phage_lambda",35298,35299,0,0,1
"phage_lambda",35302,35303,0,0,1
"phage_lambda",35306,35307,0,0,1
"phage_lambda",35307,35308,0,0,1
"phage_lambda",35311,35312,0,0,1
"phage_lambda",35313,35314,0,0,1
"phage_lambda",35314,35315,0,0,1
"phage_lambda",35346,35347,0,0,1
"phage_lambda",35350,35351,0,0,1
"phage_lambda",35352,35353,0,0,1
"phage_lambda",35363,35364,0,0,1
"phage_lambda",35380,35381,0,0,1
"phage_lambda",35385,35386,0,0,1
"phage_lambda",35386,35387,0,0,1
"phage_lambda",35388,35389,0,0,1
"phage_lambda",35389,35390,0,0,1
"phage_lambda",35391,35392,0,0,1
"phage_lambda",35393,35394,0,0,1
"phage_lambda",35395,35396,0,0,1
"phage_lambda",35396,35397,0,0,1
"phage_lambda",35402,35403,0,0,1
"phage_lambda",35405,35406,0,0,1
"phage_lambda",35407,35408,0,0,1
"phage_lambda",35419,35420,0,0,1
"phage_lambda",35420,35421,0,0,1
"phage_lambda",35421,35422,0,0,1
"phage_lambda",35422,35423,0,0,1
"phage_lambda",35433,35434,0,0,1
"phage_lambda",35435,35436,0,0,1
"phage_lambda",35444,35445,0,0,1
"phage_lambda",35458,35459,0,0,1
"phage_lambda",35460,35461,0,0,1
"phage_lambda",35467,35468,0,0,1
"phage_lambda",35468,35469,0,0,1
"phage_lambda",35472,35473,0,0,1
"phage_lambda",35473,35474,0,0,1
"phage_lambda",35486,35487,0,0,1
"phage_lambda",35488,35489,0,0,1
"phage_lambda",35490,35491,0,0,1
"phage_lambda",35492,35493,0,0,1
"phage_lambda",35493,35494,0,0,1
"phage_lambda",35494,35495,0,0,1
"phage_lambda",35495,35496,0,0,1
"phage_lambda",35499,35500,0,0,1
"phage_lambda",35500,35501,0,0,1
"phage_lambda",35501,35502,0,0,1
"phage_lambda",35507,35508,0,0,1
"phage_lambda",35511,35512,0,0,1
"phage_lambda",35515,35516,0,0,1
"phage_lambda",35519,35520,0,0,1
"phage_lambda",35520,35521,0,0,1
"phage_lambda",35521,35522,0,0,1
"phage_lambda",35524,35525,0,0,1
"phage_lambda",35530,35531,0,0,1
"phage_lambda",35531,35532,0,0,1
"phage_lambda",35544,35545,0,0,1
"phage_lambda",35546,35547,0,0,1
"phage_lambda",35559,35560,0,0,1
"phage_lambda",35560,35561,0,0,1
"phage_lambda",35562,35563,0,0,1
"phage_lambda",35563,35564,0,0,1
"phage_lambda",35817,35818,0,0,1
"phage_lambda",35818,35819,0,0,1
"phage_lambda",35823,35824,0,0,1
"phage_lambda",35832,35833,0,0,1
"phage_lambda",35840,35841,0,0,1
"phage_lambda",35853,35854,0,0,1
"phage_lambda",35856,35857,0,0,1
"phage_lambda",35857,35858,0,0,1
"phage_lambda",35865,35866,0,0,1
"phage_lambda",35866,35867,0,0,1
"phage_lambda",35869,35870,0,0,1
"phage_lambda",35877,35878,0,0,1
"phage_lambda",35881,35882,0,0,1
"phage_lambda",35888,35889,0,0,1
"phage_lambda",35893,35894,0,0,1
"phage_lambda",35894,35895,0,0,1
"phage_lambda",35899,35900,0,0,1
"phage_lambda",35905,35906,0,0,1
"phage_lambda",35906,35907,0,0,1
"phage_lambda",35912,35913,0,0,1
"phage_lambda",35914,35915,0,0,1
"phage_lambda",35915,35916,0,0,1
"phage_lambda",35916,35917,0,0,1
"phage_lambda",35923,35924,0,0,1
"phage_lambda",35926,35927,0,0,1
"phage_lambda",35935,35936,0,0,1
"phage_lambda",35939,35940,0,0,1
"phage_lambda",35943,35944,0,0,1
"phage_lambda",35946,35947,0,0,1
"phage_lambda",35969,35970,0,0,1
"phage_lambda",35976,35977,0,0,1
"phage_lambda",36335,36336,0,0,1
"phage_lambda",36340,36341,0,0,1
"phage_lambda",36347,36348,0,0,1
"phage_lambda",36373,36374,0,0,1
"phage_lambda",36374,36375,0,0,1
"phage_lambda",36376,36377,0,0,1
"phage_lambda",36382,36383,0,0,1
"phage_lambda",36389,36390,0,0,1
"phage_lambda",36390,36391,0,0,1
"phage_lambda",36397,36398,0,0,1
"phage_lambda",36399,36400,0,0,1
"phage_lambda",36402,36403,0,0,1
"phage_lambda",36403,36404,0,0,1
"phage_lambda",36417,36418,0,0,1
"phage_lambda",36423,36424,0,0,1
"phage_lambda",36628,36629,0,0,1
"phage_lambda",36633,36634,0,0,1
"phage_lambda",36636,36637,0,0,1
"phage_lambda",36639,36640,0,0,1
"phage_lambda",36640,36641,0,0,1
"phage_lambda",36643,36644,0,0,1
"phage_lambda",36667,36668,0,0,1
"phage_lambda",36673,36674,0,0,1
"phage_lambda",36678,36679,0,0,1
"phage_lambda",36684,36685,0,0,1
"phage_lambda",36695,36696,0,0,1
"phage_lambda",36696,36697,0,0,1
"phage_lambda",36697,36698,0,0,1
"phage_lambda",36698,36699,0,0,1
"phage_lambda",36700,36701,0,0,1
"phage_lambda",36709,36710,0,0,1
"phage_lambda",36711,36712,0,0,1
"phage_lambda",36724,36725,0,0,1
"phage_lambda",36726,36727,0,0,1
"phage_lambda",36728,36729,0,0,1
"phage_lambda",36729,36730,0,0,1
"phage_lambda",36734,36735,0,0,1
"phage_lambda",36742,36743,0,0,1
"phage_lambda",36746,36747,0,0,1
"phage_lambda",36747,36748,0,0,1
"phage_lambda",36751,36752,0,0,1
"phage_lambda",36787,36788,0,0,1
"phage_lambda",36809,36810,0,0,1
"phage_lambda",36810,36811,0,0,1
"phage_lambda",36821,36822,0,0,1
"phage_lambda",36822,36823,0,0,1
"phage_lambda",36825,36826,0,0,1
"phage_lambda",36828,36829,0,0,1
"phage_lambda",36832,36833,0,0,1
"phage_lambda",36848,36849,0,0,1
"phage_lambda",36849,36850,0,0,1
"phage_lambda",36850,36851,0,0,1
"phage_lambda",36861,36862,0,0,1
"phage_lambda",36877,36878,0,0,1
"phage_lambda",36885,36886,0,0,1
"phage_lambda",36888,36889,0,0,1
"phage_lambda",36897,36898,0,0,1
"phage_lambda",36913,36914,0,0,1
"phage_lambda",37060,37061,0,0,1
"phage_lambda",37065,37066,0,0,1
"phage_lambda",37069,37070,0,0,1
"phage_lambda",37070,37071,0,0,1
"phage_lambda",37071,37072,0,0,1
"phage_lambda",37095,37096,0,0,1
"phage_lambda",37103,37104,0,0,1
"phage_lambda",37104,37105,0,0,1
"phage_lambda",37108,37109,0,0,1
"phage_lambda",37111,37112,0,0,1
"phage_lambda",37118,37119,0,0,1
"phage_lambda",37122,37123,0,0,1
"phage_lambda",37123,37124,0,0,1
"phage_lambda",37129,37130,0,0,1
"phage_lambda",37159,37160,0,0,1
"phage_lambda",37160,37161,0,0,1
"phage_lambda",37161,37162,0,0,1
"phage_lambda",37162,37163,0,0,1
"phage_lambda",37179,37180,0,0,1
"phage_lambda",37183,37184,0,0,1
"phage_lambda",37185,37186,0,0,1
"phage_lambda",37198,37199,0,0,1
"phage_lambda",37685,37686,0,0,1
"phage_lambda",37695,37696,0,0,1
"phage_lambda",37701,37702,0,0,1
"phage_lambda",37704,37705,0,0,1
"phage_lambda",37705,37706,0,0,1
"phage_lambda",37706,37707,0,0,1
"phage_lambda",37730,37731,0,0,1
"phage_lambda",37732,37733,0,0,1
"phage_lambda",37740,37741,0,0,1
"phage_lambda",37744,37745,0,0,1
"phage_lambda",37749,37750,0,0,1
"phage_lambda",37761,37762,0,0,1
"phage_lambda",37770,37771,0,0,1
"phage_lambda",37775,37776,0,0,1
"phage_lambda",37778,37779,0,0,1
"phage_lambda",37791,37792,0,0,1
"phage_lambda",37847,37848,100,1,0
"phage_lambda",37852,37853,0,0,1
"phage_lambda",37878,37879,0,0,1
"phage_lambda",37885,37886,0,0,1
"phage_lambda",37886,37887,0,0,1
"phage_lambda",37893,37894,0,0,1
"phage_lambda",37897,37898,0,0,1
"phage_lambda",37898,37899,0,0,1
"phage_lambda",37900,37901,0,0,1
"phage_lambda",37903,37904,0,0,1
"phage_lambda",37907,37908,0,0,1
"phage_lambda",37909,37910,0,0,1
"phage_lambda",37912,37913,0,0,1
"phage_lambda",37914,37915,100,1,0
"phage_lambda",37920,37921,0,0,1
"phage_lambda",37921,37922,0,0,1
"phage_lambda",37925,37926,0,0,1
"phage_lambda",37932,37933,0,0,1
"phage_lambda",37934,37935,0,0,1
"phage_lambda",37935,37936,0,0,1
"phage_lambda",37937,37938,0,0,1
"phage_lambda",37949,37950,0,0,1
"phage_lambda",37953,37954,0,0,1
"phage_lambda",37958,37959,0,0,1
"phage_lambda",37961,37962,0,0,1
"phage_lambda",37962,37963,0,0,1
"phage_lambda",37963,37964,0,0,1
"phage_lambda",37972,37973,0,0,1
"phage_lambda",37976,37977,0,0,1
"phage_lambda",37982,37983,0,0,1
"phage_lambda",37986,37987,0,0,1
"phage_lambda",37989,37990,0,0,1
"phage_lambda",37991,37992,0,0,1
"phage_lambda",38122,38123,0,0,1
"phage_lambda",38135,38136,0,0,1
"phage_lambda",38136,38137,0,0,1
"phage_lambda",38145,38146,0,0,1
"phage_lambda",38149,38150,0,0,1
"phage_lambda",38156,38157,0,0,1
"phage_lambda",38181,38182,0,0,1
"phage_lambda",38182,38183,0,0,1
"phage_lambda",38185,38186,100,1,0
"phage_lambda",38193,38194,0,0,1
"phage_lambda",38199,38200,0,0,1
"phage_lambda",38201,38202,0,0,1
"phage_lambda",38202,38203,0,0,1
"phage_lambda",38207,38208,0,0,1
"phage_lambda",38218,38219,0,0,1
"phage_lambda",38763,38764,0,0,1
"phage_lambda",38766,38767,0,0,1
"phage_lambda",38767,38768,0,0,1
"phage_lambda",38789,38790,0,0,1
"phage_lambda",38796,38797,0,0,1
"phage_lambda",38798,38799,0,0,1
"phage_lambda",38799,38800,0,0,1
"phage_lambda",38809,38810,0,0,1
"phage_lambda",38825,38826,0,0,1
"phage_lambda",38838,38839,0,0,1
"phage_lambda",38840,38841,0,0,1
"phage_lambda",38847,38848,0,0,1
"phage_lambda",38868,38869,0,0,1
"phage_lambda",38869,38870,0,0,1
"phage_lambda",38870,38871,0,0,1
"phage_lambda",38872,38873,0,0,1
"phage_lambda",38873,38874,0,0,1
"phage_lambda",38885,38886,0,0,1
"phage_lambda",38886,38887,0,0,1
"phage_lambda",38954,38955,0,0,1
"phage_lambda",38958,38959,0,0,1
"phage_lambda",38972,38973,0,0,1
"phage_lambda",38984,38985,0,0,1
"phage_lambda",38991,38992,0,0,1
"phage_lambda",38992,38993,0,0,1
"phage_lambda",38999,39000,0,0,1
"phage_lambda",39003,39004,0,0,1
"phage_lambda",39004,39005,0,0,1
"phage_lambda",39028,39029,0,0,1
"phage_lambda",39029,39030,0,0,1
"phage_lambda",39031,39032,0,0,1
"phage_lambda",39047,39048,0,0,1
"phage_lambda",39048,39049,0,0,1
"phage_lambda",39049,39050,0,0,1
"phage_lambda",39067,39068,0,0,1
"phage_lambda",39068,39069,0,0,1
"phage_lambda",39069,39070,0,0,1
"phage_lambda",39089,39090,0,0,1
"phage_lambda",39090,39091,0,0,1
"phage_lambda",39141,39142,0,0,1
"phage_lambda",39148,39149,0,0,1
"phage_lambda",39153,39154,0,0,1
"phage_lambda",39167,39168,0,0,2
"phage_lambda",39175,39176,0,0,2
"phage_lambda",39212,39213,0,0,2
"phage_lambda",39213,39214,0,0,2
"phage_lambda",39215,39216,0,0,2
"phage_lambda",39225,39226,0,0,1
"phage_lambda",39238,39239,0,0,1
"phage_lambda",39245,39246,0,0,1
"phage_lambda",39248,39249,0,0,1
"phage_lambda",39250,39251,0,0,1
"phage_lambda",39251,39252,0,0,1
"phage_lambda",39252,39253,0,0,1
"phage_lambda",39253,39254,0,0,1
"phage_lambda",39266,39267,0,0,1
"phage_lambda",39293,39294,0,0,1
"phage_lambda",39304,39305,0,0,1
"phage_lambda",39310,39311,0,0,1
"phage_lambda",39312,39313,0,0,1
"phage_lambda",39313,39314,0,0,1
"phage_lambda",39319,39320,100,1,0
"phage_lambda",39346,39347,0,0,1
"phage_lambda",39359,39360,0,0,1
"phage_lambda",39386,39387,0,0,1
"phage_lambda",39387,39388,0,0,1
"phage_lambda",39395,39396,0,0,1
"phage_lambda",39418,39419,0,0,1
"phage_lambda",39422,39423,0,0,1
"phage_lambda",39428,39429,0,0,1
"phage_lambda",39431,39432,0,0,1
"phage_lambda",39455,39456,100,1,0
"phage_lambda",39460,39461,0,0,1
"phage_lambda",39461,39462,0,0,1
"phage_lambda",39465,39466,100,1,0
"phage_lambda",39478,39479,0,0,1
"phage_lambda",39479,39480,0,0,1
"phage_lambda",39481,39482,100,1,0
"phage_lambda",39482,39483,0,0,1
"phage_lambda",39483,39484,0,0,1
"phage_lambda",39486,39487,100,1,0
"phage_lambda",39494,39495,0,0,1
"phage_lambda",39503,39504,0,0,1
"phage_lambda",39506,39507,0,0,1
"phage_lambda",39507,39508,0,0,1
"phage_lambda",39513,39514,0,0,1
"phage_lambda",39517,39518,0,0,1
"phage_lambda",39521,39522,0,0,1
"phage_lambda",39526,39527,0,0,1
"phage_lambda",39530,39531,0,0,1
"phage_lambda",39534,39535,100,1,0
"phage_lambda",39535,39536,0,0,1
"phage_lambda",39540,39541,0,0,1
"phage_lambda",39563,39564,0,0,1
"phage_lambda",39572,39573,0,0,1
"phage_lambda",39573,39574,0,0,1
"phage_lambda",39575,39576,0,0,1
"phage_lambda",39576,39577,0,0,1
"phage_lambda",39583,39584,0,0,1
"phage_lambda",39604,39605,0,0,2
"phage_lambda",39605,39606,50,1,1
"phage_lambda",39614,39615,0,0,2
"phage_lambda",39620,39621,0,0,2
"phage_lambda",39622,39623,0,0,2
"phage_lambda",39628,39629,0,0,1
"phage_lambda",39649,39650,0,0,1
"phage_lambda",39670,39671,0,0,1
"phage_lambda",39677,39678,0,0,1
"phage_lambda",39686,39687,100,1,0
"phage_lambda",39689,39690,0,0,1
"phage_lambda",39697,39698,0,0,1
"phage_lambda",39700,39701,0,0,1
"phage_lambda",39707,39708,0,0,1
"phage_lambda",39709,39710,0,0,1
"phage_lambda",39715,39716,0,0,1
"phage_lambda",39725,39726,0,0,1
"phage_lambda",39726,39727,0,0,1
"phage_lambda",39729,39730,0,0,1
"phage_lambda",39733,39734,0,0,1
"phage_lambda",39741,39742,0,0,2
"phage_lambda",39742,39743,0,0,1
"phage_lambda",39746,39747,0,0,1
"phage_lambda",39747,39748,0,0,1
"phage_lambda",39755,39756,0,0,1
"phage_lambda",39757,39758,0,0,1
"phage_lambda",39767,39768,0,0,1
"phage_lambda",39769,39770,0,0,1
"phage_lambda",39784,39785,0,0,1
"phage_lambda",39789,39790,0,0,1
"phage_lambda",39790,39791,0,0,1
"phage_lambda",39791,39792,0,0,1
"phage_lambda",39797,39798,0,0,1
"phage_lambda",39798,39799,0,0,1
"phage_lambda",39806,39807,0,0,2
"phage_lambda",39814,39815,0,0,2
"phage_lambda",39817,39818,0,0,1
"phage_lambda",39819,39820,0,0,1
"phage_lambda",39820,39821,0,0,1
"phage_lambda",39826,39827,0,0,2
"phage_lambda",39827,39828,0,0,2
"phage_lambda",39833,39834,0,0,2
"phage_lambda",39843,39844,0,0,2
"phage_lambda",39847,39848,0,0,2
"phage_lambda",39854,39855,0,0,2
"phage_lambda",39855,39856,0,0,1
"phage_lambda",39872,39873,0,0,1
"phage_lambda",39873,39874,0,0,1
"phage_lambda",39881,39882,0,0,1
"phage_lambda",39882,39883,0,0,1
"phage_lambda",39885,39886,0,0,1
"phage_lambda",39887,39888,0,0,1
"phage_lambda",39892,39893,0,0,2
"phage_lambda",39899,39900,0,0,2
"phage_lambda",39902,39903,0,0,2
"phage_lambda",39906,39907,0,0,2
"phage_lambda",39907,39908,0,0,2
"phage_lambda",39909,39910,0,0,2
"phage_lambda",39914,39915,0,0,2
"phage_lambda",39917,39918,0,0,2
"phage_lambda",39920,39921,0,0,2
"phage_lambda",39955,39956,0,0,1
"phage_lambda",39959,39960,0,0,1
"phage_lambda",39962,39963,0,0,1
"phage_lambda",39967,39968,0,0,1
"phage_lambda",39968,39969,0,0,1
"phage_lambda",39976,39977,0,0,1
"phage_lambda",39981,39982,0,0,1
"phage_lambda",39988,39989,0,0,1
"phage_lambda",39992,39993,0,0,1
"phage_lambda",39993,39994,0,0,1
"phage_lambda",40111,40112,0,0,1
"phage_lambda",40112,40113,0,0,1
"phage_lambda",40121,40122,0,0,1
"phage_lambda",40123,40124,0,0,1
"phage_lambda",40124,40125,0,0,1
"phage_lambda",40127,40128,0,0,1
"phage_lambda",40129,40130,0,0,1
"phage_lambda",40130,40131,0,0,1
"phage_lambda",40135,40136,0,0,1
"phage_lambda",40143,40144,0,0,1
"phage_lambda",40154,40155,0,0,1
"phage_lambda",40155,40156,0,0,1
"phage_lambda",40157,40158,0,0,1
"phage_lambda",40159,40160,0,0,1
"phage_lambda",40160,40161,0,0,1
"phage_lambda",40165,40166,0,0,1
"phage_lambda",40166,40167,0,0,1
"phage_lambda",40172,40173,0,0,1
"phage_lambda",40181,40182,0,0,1
"phage_lambda",40184,40185,0,0,1
"phage_lambda",40187,40188,0,0,1
"phage_lambda",40192,40193,0,0,1
"phage_lambda",40205,40206,0,0,1
"phage_lambda",40206,40207,0,0,1
"phage_lambda",40208,40209,0,0,1
"phage_lambda",40218,40219,0,0,1
"phage_lambda",40224,40225,0,0,1
"phage_lambda",40246,40247,0,0,1
"phage_lambda",40251,40252,0,0,1
"phage_lambda",40268,40269,0,0,1
"phage_lambda",40269,40270,0,0,1
"phage_lambda",40271,40272,0,0,1
"phage_lambda",40272,40273,0,0,1
"phage_lambda",40275,40276,0,0,1
"phage_lambda",40277,40278,0,0,1
"phage_lambda",40281,40282,0,0,1
"phage_lambda",40286,40287,0,0,1
"phage_lambda",40287,40288,0,0,1
"phage_lambda",40291,40292,0,0,1
"phage_lambda",40293,40294,0,0,1
"phage_lambda",40294,40295,0,0,1
"phage_lambda",40295,40296,0,0,1
"phage_lambda",40303,40304,0,0,1
"phage_lambda",40312,40313,0,0,1
"phage_lambda",40313,40314,0,0,1
"phage_lambda",40314,40315,0,0,1
"phage_lambda",40325,40326,0,0,1
"phage_lambda",40333,40334,0,0,1
"phage_lambda",40345,40346,0,0,1
"phage_lambda",40358,40359,0,0,1
"phage_lambda",40384,40385,0,0,1
"phage_lambda",40398,40399,0,0,1
"phage_lambda",40399,40400,0,0,1
"phage_lambda",40405,40406,0,0,1
"phage_lambda",40409,40410,0,0,1
"phage_lambda",40491,40492,0,0,1
"phage_lambda",40497,40498,0,0,1
"phage_lambda",40518,40519,0,0,1
"phage_lambda",40570,40571,0,0,1
"phage_lambda",40571,40572,0,0,1
"phage_lambda",40574,40575,0,0,1
"phage_lambda",40577,40578,0,0,1
"phage_lambda",40587,40588,0,0,1
"phage_lambda",40598,40599,100,1,0
"phage_lambda",40616,40617,100,1,0
"phage_lambda",40617,40618,0,0,1
"phage_lambda",40642,40643,0,0,1
"phage_lambda",40652,40653,100,1,0
"phage_lambda",40656,40657,100,1,0
"phage_lambda",40657,40658,0,0,1
"phage_lambda",40921,40922,0,0,1
"phage_lambda",40936,40937,0,0,1
"phage_lambda",40941,40942,0,0,1
"phage_lambda",40944,40945,0,0,1
"phage_lambda",40976,40977,0,0,1
"phage_lambda",40985,40986,0,0,1
"phage_lambda",40995,40996,0,0,1
"phage_lambda",41043,41044,0,0,1
"phage_lambda",41079,41080,50,1,1
"phage_lambda",41100,41101,50,1,1
"phage_lambda",41120,41121,50,1,1
"phage_lambda",41128,41129,50,1,1
"phage_lambda",41134,41135,50,1,1
"phage_lambda",41143,41144,50,1,1
"phage_lambda",41170,41171,50,1,1
"phage_lambda",41181,41182,50,1,1
"phage_lambda",41200,41201,100,1,0
"phage_lambda",41203,41204,100,1,0
"phage_lambda",41204,41205,100,1,0
"phage_lambda",41210,41211,100,1,0
"phage_lambda",41254,41255,0,0,1
"phage_lambda",41256,41257,0,0,1
"phage_lambda",41277,41278,0,0,1
"phage_lambda",41280,41281,0,0,1
"phage_lambda",41287,41288,0,0,1
"phage_lambda",41296,41297,50,1,1
"phage_lambda",41297,41298,50,1,1
"phage_lambda",41320,41321,0,0,1
"phage_lambda",41321,41322,50,1,1
"phage_lambda",41344,41345,50,1,1
"phage_lambda",41356,41357,50,1,1
"phage_lambda",41357,41358,50,1,1
"phage_lambda",41385,41386,50,1,1
"phage_lambda",41387,41388,50,1,1
"phage_lambda",41389,41390,50,1,1
"phage_lambda",41390,41391,50,1,1
"phage_lambda",41412,41413,50,1,1
"phage_lambda",41428,41429,100,1,0
"phage_lambda",41434,41435,100,1,0
"phage_lambda",41478,41479,0,0,1
"phage_lambda",41480,41481,0,0,1
"phage_lambda",41481,41482,0,0,1
"phage_lambda",41493,41494,0,0,2
"phage_lambda",41518,41519,0,0,2
"phage_lambda",41524,41525,0,0,2
"phage_lambda",41525,41526,0,0,2
"phage_lambda",41530,41531,0,0,2
"phage_lambda",41545,41546,0,0,2
"phage_lambda",41562,41563,0,0,2
"phage_lambda",41580,41581,0,0,3
"phage_lambda",41581,41582,0,0,3
"phage_lambda",41585,41586,0,0,3
"phage_lambda",41596,41597,0,0,3
"phage_lambda",41599,41600,0,0,3
"phage_lambda",41602,41603,0,0,3
"phage_lambda",41603,41604,0,0,3
"phage_lambda",41614,41615,0,0,2
"phage_lambda",41626,41627,0,0,2
"phage_lambda",41629,41630,0,0,2
"phage_lambda",41640,41641,0,0,2
"phage_lambda",41649,41650,0,0,2
"phage_lambda",41660,41661,0,0,2
"phage_lambda",41665,41666,0,0,2
"phage_lambda",41677,41678,0,0,2
"phage_lambda",41681,41682,0,0,2
"phage_lambda",41685,41686,0,0,1
"phage_lambda",42112,42113,0,0,1
"phage_lambda",42118,42119,0,0,1
"phage_lambda",42136,42137,0,0,1
"phage_lambda",42142,42143,0,0,1
"phage_lambda",42143,42144,0,0,1
"phage_lambda",42146,42147,0,0,1
"phage_lambda",42147,42148,0,0,1
"phage_lambda",42157,42158,0,0,1
"phage_lambda",42159,42160,0,0,1
"phage_lambda",42170,42171,100,1,0
"phage_lambda",42171,42172,0,0,1
"phage_lambda",42172,42173,0,0,1
"phage_lambda",42176,42177,100,1,0
"phage_lambda",42177,42178,0,0,1
"phage_lambda",42181,42182,0,0,1
"phage_lambda",42182,42183,0,0,1
"phage_lambda",42183,42184,0,0,1
"phage_lambda",42204,42205,0,0,1
"phage_lambda",42205,42206,0,0,1
"phage_lambda",42208,42209,0,0,1
"phage_lambda",42211,42212,0,0,1
"phage_lambda",42765,42766,0,0,1
"phage_lambda",42766,42767,0,0,1
"phage_lambda",42767,42768,0,0,1
"phage_lambda",42770,42771,0,0,1
"phage_lambda",42818,42819,0,0,1
"phage_lambda",42835,42836,0,0,1
"phage_lambda",42840,42841,0,0,1
"phage_lambda",42844,42845,0,0,1
"phage_lambda",42845,42846,0,0,1
"phage_lambda",42847,42848,0,0,1
"phage_lambda",42849,42850,0,0,1
"phage_lambda",42864,42865,0,0,1
"phage_lambda",42900,42901,0,0,1
"phage_lambda",42910,42911,0,0,1
"phage_lambda",42914,42915,0,0,1
"phage_lambda",42917,42918,0,0,1
"phage_lambda",42923,42924,0,0,1
"phage_lambda",43106,43107,0,0,1
"phage_lambda",43171,43172,0,0,1
"phage_lambda",43175,43176,0,0,1
"phage_lambda",43176,43177,0,0,1
"phage_lambda",43182,43183,0,0,1
"phage_lambda",43192,43193,0,0,1
"phage_lambda",43194,43195,0,0,1
"phage_lambda",43197,43198,0,0,1
"phage_lambda",43198,43199,0,0,1
"phage_lambda",43201,43202,0,0,1
"phage_lambda",43211,43212,0,0,1
"phage_lambda",43212,43213,0,0,1
"phage_lambda",43214,43215,0,0,1
"phage_lambda",43216,43217,0,0,1
"phage_lambda",43220,43221,0,0,1
"phage_lambda",43222,43223,0,0,1
"phage_lambda",43225,43226,0,0,1
"phage_lambda",43228,43229,0,0,1
"phage_lambda",43244,43245,0,0,1
"phage_lambda",43247,43248,0,0,1
"phage_lambda",43248,43249,0,0,1
"phage_lambda",43269,43270,0,0,1
"phage_lambda",43270,43271,0,0,1
"phage_lambda",43271,43272,0,0,1
"phage_lambda",43274,43275,0,0,1
"phage_lambda",43277,43278,0,0,1
"phage_lambda",43278,43279,0,0,1
"phage_lambda",43293,43294,0,0,1
"phage_lambda",43309,43310,0,0,1
"phage_lambda",43312,43313,0,0,1
"phage_lambda",43319,43320,0,0,1
"phage_lambda",43328,43329,0,0,1
"phage_lambda",43329,43330,0,0,1
"phage_lambda",43336,43337,0,0,1
"phage_lambda",43339,43340,0,0,1
"phage_lambda",43346,43347,0,0,1
"phage_lambda",43348,43349,0,0,1
"phage_lambda",43352,43353,0,0,1
"phage_lambda",43357,43358,0,0,1
"phage_lambda",43402,43403,0,0,1
"phage_lambda",43414,43415,0,0,1
"phage_lambda",43416,43417,0,0,1
"phage_lambda",43420,43421,0,0,1
"phage_lambda",43421,43422,0,0,1
"phage_lambda",43422,43423,0,0,1
"phage_lambda",43447,43448,0,0,1
"phage_lambda",43448,43449,0,0,1
"phage_lambda",43454,43455,0,0,1
"phage_lambda",43840,43841,0,0,1
"phage_lambda",43852,43853,100,1,0
"phage_lambda",43853,43854,0,0,1
"phage_lambda",43857,43858,0,0,1
"phage_lambda",43861,43862,0,0,1
"phage_lambda",43868,43869,0,0,1
"phage_lambda",43874,43875,0,0,1
"phage_lambda",43875,43876,0,0,1
"phage_lambda",43877,43878,0,0,1
"phage_lambda",43880,43881,0,0,1
"phage_lambda",43881,43882,0,0,1
"phage_lambda",43884,43885,0,0,1
"phage_lambda",43887,43888,0,0,1
"phage_lambda",43889,43890,0,0,1
"phage_lambda",43891,43892,100,1,0
"phage_lambda",43898,43899,0,0,1
"phage_lambda",43903,43904,0,0,1
"phage_lambda",43904,43905,0,0,1
"phage_lambda",43912,43913,0,0,1
"phage_lambda",43918,43919,0,0,1
"phage_lambda",43919,43920,0,0,1
"phage_lambda",43925,43926,0,0,1
"phage_lambda",43926,43927,0,0,1
"phage_lambda",43932,43933,0,0,1
"phage_lambda",43935,43936,0,0,1
"phage_lambda",43937,43938,0,0,1
"phage_lambda",43941,43942,0,0,1
"phage_lambda",43943,43944,0,0,1
"phage_lambda",43945,43946,0,0,1
"phage_lambda",43946,43947,0,0,1
"phage_lambda",43951,43952,0,0,1
"phage_lambda",43952,43953,0,0,1
"phage_lambda",43953,43954,0,0,1
"phage_lambda",43958,43959,0,0,1
"phage_lambda",43965,43966,0,0,1
"phage_lambda",43967,43968,0,0,1
"phage_lambda",43969,43970,0,0,1
"phage_lambda",43984,43985,0,0,1
"phage_lambda",43986,43987,0,0,1
"phage_lambda",43989,43990,0,0,1
"phage_lambda",43990,43991,0,0,1
"phage_lambda",43998,43999,0,0,1
"phage_lambda",43999,44000,0,0,1
"phage_lambda",44000,44001,0,0,1
"phage_lambda",44001,44002,0,0,1
"phage_lambda",44004,44005,0,0,1
"phage_lambda",44005,44006,0,0,1
"phage_lambda",44017,44018,0,0,1
"phage_lambda",44031,44032,0,0,1
"phage_lambda",44032,44033,0,0,1
"phage_lambda",44036,44037,0,0,1
"phage_lambda",44049,44050,0,0,1
"phage_lambda",44050,44051,0,0,1
"phage_lambda",44056,44057,0,0,1
"phage_lambda",44061,44062,0,0,1
"phage_lambda",44070,44071,100,1,0
"phage_lambda",44074,44075,100,1,0
"phage_lambda",44081,44082,0,0,1
"phage_lambda",44085,44086,0,0,1
"phage_lambda",44088,44089,0,0,1
"phage_lambda",44098,44099,0,0,1
"phage_lambda",44105,44106,0,0,1
"phage_lambda",44107,44108,0,0,1
"phage_lambda",44109,44110,0,0,1
"phage_lambda",44138,44139,0,0,1
"phage_lambda",44143,44144,0,0,1
"phage_lambda",44156,44157,0,0,2
"phage_lambda",44162,44163,0,0,2
"phage_lambda",44173,44174,0,0,2
"phage_lambda",44179,44180,0,0,1
"phage_lambda",44183,44184,0,0,1
"phage_lambda",44186,44187,0,0,1
"phage_lambda",44192,44193,0,0,1
"phage_lambda",44231,44232,0,0,1
"phage_lambda",44247,44248,0,0,1
"phage_lambda",44248,44249,0,0,1
"phage_lambda",44276,44277,0,0,1
"phage_lambda",44277,44278,0,0,1
"phage_lambda",44325,44326,0,0,1
"phage_lambda",44337,44338,0,0,1
"phage_lambda",44342,44343,0,0,1
"phage_lambda",44350,44351,0,0,1
"phage_lambda",44354,44355,0,0,1
"phage_lambda",44363,44364,0,0,1
"phage_lambda",44383,44384,0,0,1
"phage_lambda",44388,44389,0,0,1
"phage_lambda",44389,44390,0,0,1
"phage_lambda",44390,44391,0,0,1
"phage_lambda",44394,44395,0,0,1
"phage_lambda",44512,44513,0,0,1
"phage_lambda",44520,44521,0,0,1
"phage_lambda",44521,44522,0,0,1
"phage_lambda",44530,44531,0,0,1
"phage_lambda",44533,44534,0,0,1
"phage_lambda",44544,44545,0,0,1
"phage_lambda",44547,44548,0,0,1
"phage_lambda",44553,44554,0,0,1
"phage_lambda",44555,44556,0,0,1
"phage_lambda",44561,44562,0,0,1
"phage_lambda",44571,44572,0,0,1
"phage_lambda",44572,44573,0,0,1
"phage_lambda",44573,44574,0,0,1
"phage_lambda",44581,44582,0,0,1
"phage_lambda",44583,44584,0,0,1
"phage_lambda",44585,44586,0,0,1
"phage_lambda",44592,44593,0,0,1
"phage_lambda",44593,44594,0,0,1
"phage_lambda",44594,44595,0,0,1
"phage_lambda",44603,44604,0,0,1
"phage_lambda",44609,44610,0,0,1
"phage_lambda",44611,44612,0,0,1
"phage_lambda",44612,44613,0,0,1
"phage_lambda",44615,44616,0,0,1
"phage_lambda",44617,44618,0,0,1
"phage_lambda",44619,44620,0,0,1
"phage_lambda",44622,44623,0,0,1
"phage_lambda",44627,44628,0,0,1
"phage_lambda",44629,44630,0,0,1
"phage_lambda",44630,44631,0,0,1
"phage_lambda",45048,45049,0,0,1
"phage_lambda",45051,45052,0,0,1
"phage_lambda",45052,45053,0,0,1
"phage_lambda",45054,45055,0,0,1
"phage_lambda",45066,45067,0,0,1
"phage_lambda",45072,45073,0,0,1
"phage_lambda",45081,45082,0,0,1
"phage_lambda",45087,45088,0,0,1
"phage_lambda",45099,45100,0,0,1
"phage_lambda",45104,45105,0,0,1
"phage_lambda",45112,45113,0,0,1
"phage_lambda",45124,45125,0,0,1
"phage_lambda",45138,45139,0,0,1
"phage_lambda",45139,45140,0,0,1
"phage_lambda",45145,45146,0,0,1
"phage_lambda",45146,45147,0,0,1
"phage_lambda",45157,45158,0,0,1
"phage_lambda",45159,45160,0,0,1
"phage_lambda",45160,45161,0,0,1
"phage_lambda",45165,45166,0,0,1
"phage_lambda",45166,45167,0,0,1
"phage_lambda",45167,45168,0,0,1
"phage_lambda",45168,45169,0,0,1
"phage_lambda",45174,45175,0,0,1
"phage_lambda",45175,45176,0,0,1
"phage_lambda",45176,45177,0,0,1
"phage_lambda",45177,45178,0,0,1
"phage_lambda",45178,45179,0,0,1
"phage_lambda",45182,45183,0,0,1
"phage_lambda",45184,45185,0,0,1
"phage_lambda",45187,45188,0,0,1
"phage_lambda",45190,45191,0,0,1
"phage_lambda",45193,45194,0,0,1
"phage_lambda",45194,45195,0,0,1
"phage_lambda",45203,45204,0,0,1
"phage_lambda",45206,45207,0,0,1
"phage_lambda",45208,45209,0,0,1
"phage_lambda",45214,45215,0,0,1
"phage_lambda",45215,45216,100,1,0
"phage_lambda",45235,45236,0,0,1
"phage_lambda",45236,45237,0,0,1
"phage_lambda",45242,45243,0,0,1
"phage_lambda",45243,45244,0,0,1
"phage_lambda",45387,45388,0,0,1
"phage_lambda",45390,45391,0,0,1
"phage_lambda",45411,45412,0,0,1
"phage_lambda",45415,45416,0,0,1
"phage_lambda",45446,45447,0,0,1
"phage_lambda",45447,45448,0,0,1
"phage_lambda",46297,46298,0,0,1
"phage_lambda",46298,46299,0,0,1
"phage_lambda",46304,46305,0,0,1
"phage_lambda",46322,46323,0,0,1
"phage_lambda",46340,46341,0,0,1
"phage_lambda",46358,46359,0,0,1
"phage_lambda",46360,46361,0,0,1
"phage_lambda",46362,46363,0,0,1
"phage_lambda",46363,46364,100,1,0
"phage_lambda",46375,46376,0,0,1
"phage_lambda",46388,46389,0,0,1
"phage_lambda",46391,46392,0,0,1
"phage_lambda",46392,46393,0,0,1
"phage_lambda",46402,46403,0,0,1
"phage_lambda",46412,46413,0,0,1
"phage_lambda",46414,46415,0,0,1
"phage_lambda",46419,46420,0,0,1
"phage_lambda",46426,46427,0,0,1
"phage_lambda",46428,46429,100,1,0
"phage_lambda",46431,46432,100,1,0
"phage_lambda",46576,46577,0,0,1
"phage_lambda",46577,46578,0,0,1
"phage_lambda",46579,46580,0,0,1
"phage_lambda",46592,46593,0,0,1
"phage_lambda",46605,46606,0,0,1
"phage_lambda",46611,46612,0,0,1
"phage_lambda",46612,46613,0,0,1
"phage_lambda",46613,46614,0,0,1
"phage_lambda",46618,46619,0,0,1
"phage_lambda",46629,46630,0,0,1
"phage_lambda",46634,46635,0,0,1
"phage_lambda",46637,46638,0,0,1
"phage_lambda",46638,46639,0,0,1
"phage_lambda",46639,46640,0,0,1
"phage_lambda",46641,46642,0,0,1
"phage_lambda",46644,46645,0,0,1
"phage_lambda",46645,46646,100,1,0
"phage_lambda",46649,46650,0,0,1
"phage_lambda",46650,46651,0,0,1
"phage_lambda",46654,46655,0,0,1
"phage_lambda",46655,46656,0,0,1
"phage_lambda",46657,46658,0,0,1
"phage_lambda",46658,46659,0,0,1
"phage_lambda",46674,46675,0,0,1
"phage_lambda",46679,46680,0,0,1
"phage_lambda",46697,46698,0,0,1
"phage_lambda",46699,46700,0,0,1
"phage_lambda",46700,46701,0,0,1
"phage_lambda",46702,46703,0,0,1
"phage_lambda",46705,46706,0,0,1
"phage_lambda",46715,46716,0,0,1
"phage_lambda",46719,46720,0,0,1
"phage_lambda",46720,46721,0,0,1
"phage_lambda",46721,46722,0,0,1
"phage_lambda",46732,46733,0,0,1
"phage_lambda",46736,46737,0,0,1
"phage_lambda",46739,46740,0,0,1
"phage_lambda",46740,46741,0,0,1
"phage_lambda",46749,46750,0,0,1
"phage_lambda",46752,46753,0,0,1
"phage_lambda",46761,46762,0,0,1
"phage_lambda",46768,46769,0,0,1
"phage_lambda",47100,47101,0,0,1
"phage_lambda",47117,47118,0,0,1
"phage_lambda",47127,47128,0,0,1
"phage_lambda",47142,47143,0,0,1
"phage_lambda",47143,47144,0,0,1
"phage_lambda",47144,47145,0,0,1
"phage_lambda",47154,47155,0,0,1
"phage_lambda",47156,47157,0,0,1
"phage_lambda",47160,47161,0,0,1
"phage_lambda",47166,47167,0,0,1
"phage_lambda",47175,47176,0,0,1
"phage_lambda",47176,47177,0,0,1
"phage_lambda",47192,47193,0,0,1
"phage_lambda",47194,47195,0,0,1
"phage_lambda",47199,47200,0,0,1
"phage_lambda",47201,47202,0,0,1
"phage_lambda",47204,47205,0,0,1
"phage_lambda",47209,47210,0,0,1
"phage_lambda",47212,47213,0,0,1
"phage_lambda",47213,47214,0,0,1
"phage_lambda",47217,47218,0,0,1
"phage_lambda",47221,47222,0,0,1
"phage_lambda",47222,47223,0,0,1
"phage_lambda",47229,47230,0,0,1
"phage_lambda",47235,47236,0,0,1
"phage_lambda",47238,47239,0,0,1
"phage_lambda",47242,47243,0,0,1
"phage_lambda",47249,47250,0,0,1
"phage_lambda",47251,47252,0,0,1
"phage_lambda",47277,47278,0,0,1
"phage_lambda",47296,47297,0,0,1
"phage_lambda",47317,47318,0,0,1
"phage_lambda",47319,47320,0,0,1
"phage_lambda",47661,47662,0,0,1
"phage_lambda",47682,47683,0,0,1
"phage_lambda",47687,47688,0,0,1
"phage_lambda",47690,47691,0,0,1
"phage_lambda",47708,47709,0,0,1
"phage_lambda",47711,47712,0,0,1
"phage_lambda",47714,47715,0,0,1
"phage_lambda",47716,47717,0,0,1
"phage_lambda",47720,47721,0,0,1
"phage_lambda",47726,47727,0,0,1
"phage_lambda",47727,47728,0,0,1
"phage_lambda",47729,47730,0,0,1
"phage_lambda",47739,47740,0,0,1
"phage_lambda",47746,47747,0,0,1
"phage_lambda",47859,47860,0,0,1
"phage_lambda",47866,47867,0,0,1
"phage_lambda",47869,47870,0,0,1
"phage_lambda",47878,47879,0,0,1
"phage_lambda",47884,47885,0,0,1
"phage_lambda",47886,47887,0,0,1
"phage_lambda",47887,47888,0,0,1
"phage_lambda",47895,47896,0,0,1
"phage_lambda",47896,47897,0,0,1
"phage_lambda",47898,47899,0,0,1
"phage_lambda",47901,47902,0,0,1
"phage_lambda",47916,47917,0,0,1
"phage_lambda",47919,47920,0,0,1
"phage_lambda",47920,47921,0,0,1
"phage_lambda",47932,47933,0,0,1
"phage_lambda",47934,47935,0,0,1
"phage_lambda",47935,47936,100,1,0
"phage_lambda",47938,47939,0,0,1
"phage_lambda",47989,47990,0,0,1
"phage_lambda",47990,47991,0,0,1
"phage_lambda",47993,47994,0,0,1
"phage_lambda",48005,48006,0,0,1
"phage_lambda",48030,48031,0,0,1
"phage_lambda",48033,48034,0,0,1
"phage_lambda",48035,48036,0,0,1
"phage_lambda",48044,48045,0,0,1
"phage_lambda",48048,48049,0,0,1
"phage_lambda",48049,48050,0,0,1
"phage_lambda",48050,48051,0,0,1
"phage_lambda",48051,48052,0,0,1
"phage_lambda",48062,48063,0,0,1
"phage_lambda",48064,48065,0,0,1
"phage_lambda",48071,48072,0,0,1
"phage_lambda",48080,48081,0,0,1
"phage_lambda",48090,48091,0,0,1
"phage_lambda",48091,48092,0,0,1
"phage_lambda",48092,48093,0,0,1
"phage_lambda",48095,48096,0,0,1
"phage_lambda",48103,48104,0,0,1
"phage_lambda",48106,48107,0,0,1
"phage_lambda",48109,48110,0,0,2
"phage_lambda",48113,48114,0,0,2
"phage_lambda",48116,48117,0,0,2
"phage_lambda",48119,48120,0,0,3
"phage_lambda",48121,48122,0,0,3
"phage_lambda",48130,48131,0,0,1
"phage_lambda",48133,48134,0,0,1
"phage_lambda",48139,48140,0,0,1
"phage_lambda",48140,48141,0,0,3
"phage_lambda",48142,48143,0,0,3
"phage_lambda",48144,48145,0,0,3
"phage_lambda",48158,48159,0,0,1
"phage_lambda",48160,48161,0,0,3
"phage_lambda",48172,48173,0,0,1
"phage_lambda",48173,48174,0,0,3
"phage_lambda",48176,48177,0,0,3
"phage_lambda",48180,48181,0,0,1
"phage_lambda",48182,48183,0,0,3
"phage_lambda",48183,48184,0,0,3
"phage_lambda",48187,48188,0,0,1
"phage_lambda",48192,48193,0,0,1
"phage_lambda",48198,48199,0,0,3
"phage_lambda",48204,48205,0,0,3
"phage_lambda",48205,48206,0,0,3
"phage_lambda",48206,48207,0,0,3
"phage_lambda",48213,48214,0,0,3
"phage_lambda",48215,48216,0,0,3
"phage_lambda",48236,48237,0,0,2
"phage_lambda",48240,48241,0,0,2
"phage_lambda",48291,48292,0,0,1
"phage_lambda",48300,48301,0,0,1
"phage_lambda",48365,48366,0,0,1
"phage_lambda",48368,48369,0,0,1
"phage_lambda",48402,48403,0,0,1
"phage_lambda",48410,48411,0,0,1
"phage_lambda",48415,48416,0,0,1
"phage_lambda",48416,48417,0,0,1
"phage_lambda",48420,48421,0,0,1
"phage_lambda",48423,48424,0,0,1
"phage_lambda",48424,48425,0,0,1
"phage_lambda",48439,48440,0,0,1
"phage_lambda",48441,48442,0,0,1
"phage_lambda",48446,48447,0,0,1
"phage_lambda",48449,48450,0,0,1
"phage_lambda",48452,48453,0,0,1
"phage_lambda",48474,48475,0,0,1
"phage_lambda",48486,48487,0,0,1
"phage_lambda",48496,48497,0,0,1
