"","CHROM","POS","STRAND","METHYLATED","UNMETHYLATED","CONTEXT","TRINUCLEOTIDE"
"36412735","OR482510.1",6,"+",0,0,"CG","CGT"
"36412736","OR482510.1",7,"-",0,0,"CG","CGC"
"36412737","OR482510.1",61,"+",0,0,"CG","CGC"
"36412738","OR482510.1",62,"-",0,0,"CG","CGG"
"36412739","OR482510.1",65,"+",0,0,"CG","CGC"
"36412740","OR482510.1",66,"-",0,0,"CG","CGG"
"36412741","OR482510.1",127,"+",0,0,"CG","CGC"
"36412742","OR482510.1",128,"-",0,0,"CG","CGG"
"36412743","OR482510.1",162,"+",0,0,"CG","CGG"
"36412744","OR482510.1",163,"-",0,0,"CG","CGG"
"36412745","OR482510.1",297,"+",0,0,"CG","CGG"
"36412746","OR482510.1",298,"-",0,0,"CG","CGG"
"36412747","OR482510.1",307,"+",0,0,"CG","CGT"
"36412748","OR482510.1",308,"-",0,0,"CG","CGA"
"36412749","OR482510.1",319,"+",0,0,"CG","CGC"
"36412750","OR482510.1",320,"-",0,0,"CG","CGG"
"36412751","OR482510.1",321,"+",0,0,"CG","CGG"
"36412752","OR482510.1",322,"-",0,0,"CG","CGC"
"36412753","OR482510.1",329,"+",0,0,"CG","CGA"
"36412754","OR482510.1",330,"-",0,0,"CG","CGT"
"36412755","OR482510.1",353,"+",0,0,"CG","CGG"
"36412756","OR482510.1",354,"-",0,0,"CG","CGA"
"36412757","OR482510.1",356,"+",0,0,"CG","CGT"
"36412758","OR482510.1",357,"-",0,0,"CG","CGC"
"36412759","OR482510.1",391,"+",0,0,"CG","CGC"
"36412760","OR482510.1",392,"-",0,0,"CG","CGG"
"36412761","OR482510.1",414,"+",0,0,"CG","CGC"
"36412762","OR482510.1",415,"-",0,0,"CG","CGT"
"36412763","OR482510.1",420,"+",0,0,"CG","CGA"
"36412764","OR482510.1",421,"-",0,0,"CG","CGG"
"36412765","OR482510.1",441,"+",0,0,"CG","CGA"
"36412766","OR482510.1",442,"-",0,0,"CG","CGT"
"36412767","OR482510.1",470,"+",0,0,"CG","CGA"
"36412768","OR482510.1",471,"-",0,0,"CG","CGT"
"36412769","OR482510.1",550,"+",0,0,"CG","CGC"
"36412770","OR482510.1",551,"-",0,0,"CG","CGG"
"36412771","OR482510.1",563,"+",0,0,"CG","CGA"
"36412772","OR482510.1",564,"-",0,0,"CG","CGT"
"36412773","OR482510.1",594,"+",0,0,"CG","CGG"
"36412774","OR482510.1",595,"-",0,0,"CG","CGC"
"36412775","OR482510.1",633,"+",0,0,"CG","CGA"
"36412776","OR482510.1",634,"-",0,0,"CG","CGG"
"36412777","OR482510.1",643,"+",0,0,"CG","CGT"
"36412778","OR482510.1",644,"-",0,0,"CG","CGG"
"36412779","OR482510.1",672,"+",0,0,"CG","CGC"
"36412780","OR482510.1",673,"-",0,0,"CG","CGG"
"36412781","OR482510.1",683,"+",0,0,"CG","CGC"
"36412782","OR482510.1",684,"-",0,0,"CG","CGG"
"36412783","OR482510.1",686,"+",0,0,"CG","CGT"
"36412784","OR482510.1",687,"-",0,0,"CG","CGG"
"36412785","OR482510.1",689,"+",0,0,"CG","CGT"
"36412786","OR482510.1",690,"-",0,0,"CG","CGA"
"36412787","OR482510.1",743,"+",0,0,"CG","CGT"
"36412788","OR482510.1",744,"-",0,0,"CG","CGT"
"36412789","OR482510.1",751,"+",0,0,"CG","CGA"
"36412790","OR482510.1",752,"-",0,0,"CG","CGA"
"36412791","OR482510.1",761,"+",0,0,"CG","CGC"
"36412792","OR482510.1",762,"-",0,0,"CG","CGC"
"36412793","OR482510.1",808,"+",0,0,"CG","CGA"
"36412794","OR482510.1",809,"-",0,0,"CG","CGT"
"36412795","OR482510.1",812,"+",0,0,"CG","CGG"
"36412796","OR482510.1",813,"-",0,0,"CG","CGT"
"36412797","OR482510.1",815,"+",0,0,"CG","CGC"
"36412798","OR482510.1",816,"-",0,0,"CG","CGC"
"36412799","OR482510.1",827,"+",0,0,"CG","CGC"
"36412800","OR482510.1",828,"-",0,0,"CG","CGT"
"36412801","OR482510.1",829,"+",0,0,"CG","CGC"
"36412802","OR482510.1",830,"-",0,0,"CG","CGC"
"36412803","OR482510.1",855,"+",0,0,"CG","CGG"
"36412804","OR482510.1",856,"-",0,0,"CG","CGC"
"36412805","OR482510.1",865,"+",0,0,"CG","CGT"
"36412806","OR482510.1",866,"-",0,0,"CG","CGC"
"36412807","OR482510.1",872,"+",0,0,"CG","CGC"
"36412808","OR482510.1",873,"-",0,0,"CG","CGG"
"36412809","OR482510.1",881,"+",0,0,"CG","CGG"
"36412810","OR482510.1",882,"-",0,0,"CG","CGA"
"36412811","OR482510.1",892,"+",0,0,"CG","CGC"
"36412812","OR482510.1",893,"-",0,0,"CG","CGC"
"36412813","OR482510.1",894,"+",0,0,"CG","CGC"
"36412814","OR482510.1",895,"-",0,0,"CG","CGC"
"36412815","OR482510.1",903,"+",0,0,"CG","CGC"
"36412816","OR482510.1",904,"-",0,0,"CG","CGG"
"36412817","OR482510.1",907,"+",0,0,"CG","CGT"
"36412818","OR482510.1",908,"-",0,0,"CG","CGG"
"36412819","OR482510.1",956,"+",0,0,"CG","CGC"
"36412820","OR482510.1",957,"-",0,0,"CG","CGA"
"36412821","OR482510.1",958,"+",0,0,"CG","CGG"
"36412822","OR482510.1",959,"-",0,0,"CG","CGC"
"36412823","OR482510.1",974,"+",0,0,"CG","CGT"
"36412824","OR482510.1",975,"-",0,0,"CG","CGA"
"36412825","OR482510.1",993,"+",0,0,"CG","CGG"
"36412826","OR482510.1",994,"-",0,0,"CG","CGG"
"36412827","OR482510.1",1065,"+",0,0,"CG","CGT"
"36412828","OR482510.1",1066,"-",0,0,"CG","CGG"
"36412829","OR482510.1",1074,"+",0,0,"CG","CGG"
"36412830","OR482510.1",1075,"-",0,0,"CG","CGA"
"36412831","OR482510.1",1087,"+",0,0,"CG","CGC"
"36412832","OR482510.1",1088,"-",0,0,"CG","CGT"
"36412833","OR482510.1",1148,"+",0,0,"CG","CGA"
"36412834","OR482510.1",1149,"-",0,0,"CG","CGT"
"36412835","OR482510.1",1192,"+",0,0,"CG","CGA"
"36412836","OR482510.1",1193,"-",0,0,"CG","CGC"
"36412837","OR482510.1",1229,"+",0,0,"CG","CGC"
"36412838","OR482510.1",1230,"-",0,0,"CG","CGG"
"36412839","OR482510.1",1239,"+",0,0,"CG","CGC"
"36412840","OR482510.1",1240,"-",0,0,"CG","CGA"
"36412841","OR482510.1",1295,"+",0,0,"CG","CGT"
"36412842","OR482510.1",1296,"-",0,0,"CG","CGA"
"36412843","OR482510.1",1323,"+",0,0,"CG","CGT"
"36412844","OR482510.1",1324,"-",0,0,"CG","CGC"
"36412845","OR482510.1",1359,"+",0,0,"CG","CGA"
"36412846","OR482510.1",1360,"-",0,0,"CG","CGG"
"36412847","OR482510.1",1400,"+",0,0,"CG","CGA"
"36412848","OR482510.1",1401,"-",0,0,"CG","CGC"
"36412849","OR482510.1",1406,"+",0,0,"CG","CGT"
"36412850","OR482510.1",1407,"-",0,0,"CG","CGG"
"36412851","OR482510.1",1459,"+",0,0,"CG","CGA"
"36412852","OR482510.1",1460,"-",0,0,"CG","CGG"
"36412853","OR482510.1",1483,"+",0,0,"CG","CGG"
"36412854","OR482510.1",1484,"-",0,0,"CG","CGG"
"36412855","OR482510.1",1613,"+",0,0,"CG","CGG"
"36412856","OR482510.1",1614,"-",0,0,"CG","CGG"
"36412857","OR482510.1",1687,"+",0,0,"CG","CGT"
"36412858","OR482510.1",1688,"-",0,0,"CG","CGC"
"36412859","OR482510.1",1756,"+",0,0,"CG","CGG"
"36412860","OR482510.1",1757,"-",0,0,"CG","CGG"
"36412861","OR482510.1",1841,"+",0,0,"CG","CGG"
"36412862","OR482510.1",1842,"-",0,0,"CG","CGA"
"36412863","OR482510.1",1846,"+",0,0,"CG","CGA"
"36412864","OR482510.1",1847,"-",0,0,"CG","CGT"
"36412865","OR482510.1",1852,"+",0,0,"CG","CGC"
"36412866","OR482510.1",1853,"-",0,0,"CG","CGG"
"36412867","OR482510.1",1857,"+",0,0,"CG","CGA"
"36412868","OR482510.1",1858,"-",0,0,"CG","CGG"
"36412869","OR482510.1",1867,"+",0,0,"CG","CGA"
"36412870","OR482510.1",1868,"-",0,0,"CG","CGT"
"36412871","OR482510.1",1877,"+",0,0,"CG","CGA"
"36412872","OR482510.1",1878,"-",0,0,"CG","CGT"
"36412873","OR482510.1",1932,"+",0,0,"CG","CGT"
"36412874","OR482510.1",1933,"-",0,0,"CG","CGG"
"36412875","OR482510.1",1988,"+",0,1,"CG","CGG"
"36412876","OR482510.1",1989,"-",0,0,"CG","CGA"
"36412877","OR482510.1",2007,"+",0,1,"CG","CGC"
"36412878","OR482510.1",2008,"-",0,0,"CG","CGA"
"36412879","OR482510.1",2027,"+",0,1,"CG","CGC"
"36412880","OR482510.1",2028,"-",0,0,"CG","CGA"
"36412881","OR482510.1",2059,"+",0,1,"CG","CGC"
"36412882","OR482510.1",2060,"-",0,0,"CG","CGG"
"36412883","OR482510.1",2085,"+",0,1,"CG","CGG"
"36412884","OR482510.1",2086,"-",0,0,"CG","CGT"
"36412885","OR482510.1",2089,"+",0,1,"CG","CGC"
"36412886","OR482510.1",2090,"-",0,0,"CG","CGG"
"36412887","OR482510.1",2091,"+",0,1,"CG","CGG"
"36412888","OR482510.1",2092,"-",0,0,"CG","CGC"
"36412889","OR482510.1",2103,"+",0,0,"CG","CGT"
"36412890","OR482510.1",2104,"-",0,0,"CG","CGG"
"36412891","OR482510.1",2116,"+",0,0,"CG","CGC"
"36412892","OR482510.1",2117,"-",0,0,"CG","CGC"
"36412893","OR482510.1",2161,"+",0,2,"CG","CGA"
"36412894","OR482510.1",2162,"-",0,0,"CG","CGT"
"36412895","OR482510.1",2208,"+",0,3,"CG","CGT"
"36412896","OR482510.1",2209,"-",0,0,"CG","CGG"
"36412897","OR482510.1",2218,"+",0,3,"CG","CGG"
"36412898","OR482510.1",2219,"-",0,0,"CG","CGC"
"36412899","OR482510.1",2237,"+",0,4,"CG","CGA"
"36412900","OR482510.1",2238,"-",0,0,"CG","CGT"
"36412901","OR482510.1",2341,"+",0,3,"CG","CGA"
"36412902","OR482510.1",2342,"-",0,0,"CG","CGC"
"36412903","OR482510.1",2345,"+",0,3,"CG","CGC"
"36412904","OR482510.1",2346,"-",0,0,"CG","CGG"
"36412905","OR482510.1",2347,"+",0,3,"CG","CGG"
"36412906","OR482510.1",2348,"-",0,0,"CG","CGC"
"36412907","OR482510.1",2368,"+",0,2,"CG","CGT"
"36412908","OR482510.1",2369,"-",0,0,"CG","CGT"
"36412909","OR482510.1",2404,"+",0,2,"CG","CGC"
"36412910","OR482510.1",2405,"-",0,0,"CG","CGG"
"36412911","OR482510.1",2442,"+",0,0,"CG","CGG"
"36412912","OR482510.1",2443,"-",0,0,"CG","CGG"
"36412913","OR482510.1",2451,"+",0,0,"CG","CGA"
"36412914","OR482510.1",2452,"-",0,0,"CG","CGG"
"36412915","OR482510.1",2458,"+",0,0,"CG","CGG"
"36412916","OR482510.1",2459,"-",0,0,"CG","CGT"
"36412917","OR482510.1",2463,"+",0,0,"CG","CGA"
"36412918","OR482510.1",2464,"-",0,0,"CG","CGG"
"36412919","OR482510.1",2485,"+",0,0,"CG","CGC"
"36412920","OR482510.1",2486,"-",0,0,"CG","CGC"
"36412921","OR482510.1",2510,"+",0,0,"CG","CGA"
"36412922","OR482510.1",2511,"-",0,0,"CG","CGA"
"36412923","OR482510.1",2525,"+",0,0,"CG","CGA"
"36412924","OR482510.1",2526,"-",0,0,"CG","CGT"
"36412925","OR482510.1",2531,"+",0,0,"CG","CGA"
"36412926","OR482510.1",2532,"-",0,0,"CG","CGA"
"36412927","OR482510.1",2564,"+",0,0,"CG","CGC"
"36412928","OR482510.1",2565,"-",0,0,"CG","CGG"
"36412929","OR482510.1",2578,"+",0,0,"CG","CGT"
"36412930","OR482510.1",2579,"-",0,0,"CG","CGG"
"36412931","OR482510.1",2589,"+",0,0,"CG","CGG"
"36412932","OR482510.1",2590,"-",0,0,"CG","CGT"
"36412933","OR482510.1",2603,"+",0,0,"CG","CGT"
"36412934","OR482510.1",2604,"-",0,0,"CG","CGT"
"36412935","OR482510.1",2621,"+",0,0,"CG","CGG"
"36412936","OR482510.1",2622,"-",0,0,"CG","CGG"
"36412937","OR482510.1",2669,"+",0,0,"CG","CGA"
"36412938","OR482510.1",2670,"-",0,0,"CG","CGT"
"36412939","OR482510.1",2678,"+",0,0,"CG","CGA"
"36412940","OR482510.1",2679,"-",0,0,"CG","CGG"
"36412941","OR482510.1",2774,"+",0,0,"CG","CGG"
"36412942","OR482510.1",2775,"-",0,0,"CG","CGT"
"36412943","OR482510.1",2797,"+",0,0,"CG","CGG"
"36412944","OR482510.1",2798,"-",0,0,"CG","CGG"
"36412945","OR482510.1",2907,"+",0,0,"CG","CGT"
"36412946","OR482510.1",2908,"-",0,0,"CG","CGG"
"36412947","OR482510.1",2919,"+",0,0,"CG","CGT"
"36412948","OR482510.1",2920,"-",0,0,"CG","CGG"
"36412949","OR482510.1",2922,"+",0,0,"CG","CGC"
"36412950","OR482510.1",2923,"-",0,0,"CG","CGA"
"36412951","OR482510.1",2933,"+",0,0,"CG","CGC"
"36412952","OR482510.1",2934,"-",0,0,"CG","CGT"
"36412953","OR482510.1",2944,"+",0,0,"CG","CGT"
"36412954","OR482510.1",2945,"-",0,0,"CG","CGT"
"36412955","OR482510.1",2971,"+",0,0,"CG","CGA"
"36412956","OR482510.1",2972,"-",0,0,"CG","CGT"
"36412957","OR482510.1",3000,"+",0,0,"CG","CGG"
"36412958","OR482510.1",3001,"-",0,0,"CG","CGT"
"36412959","OR482510.1",3018,"+",0,0,"CG","CGC"
"36412960","OR482510.1",3019,"-",0,0,"CG","CGA"
"36412961","OR482510.1",3021,"+",0,0,"CG","CGA"
"36412962","OR482510.1",3022,"-",0,0,"CG","CGG"
"36412963","OR482510.1",3055,"+",0,0,"CG","CGC"
"36412964","OR482510.1",3056,"-",0,0,"CG","CGA"
"36412965","OR482510.1",3075,"+",0,0,"CG","CGT"
"36412966","OR482510.1",3076,"-",0,0,"CG","CGG"
"36412967","OR482510.1",3090,"+",0,0,"CG","CGC"
"36412968","OR482510.1",3091,"-",0,0,"CG","CGA"
"36412969","OR482510.1",3102,"+",0,0,"CG","CGC"
"36412970","OR482510.1",3103,"-",0,0,"CG","CGA"
"36412971","OR482510.1",3110,"+",0,0,"CG","CGC"
"36412972","OR482510.1",3111,"-",0,0,"CG","CGT"
"36412973","OR482510.1",3146,"+",0,0,"CG","CGT"
"36412974","OR482510.1",3147,"-",0,0,"CG","CGG"
"36412975","OR482510.1",3204,"+",0,0,"CG","CGC"
"36412976","OR482510.1",3205,"-",0,0,"CG","CGA"
"36412977","OR482510.1",3261,"+",0,0,"CG","CGG"
"36412978","OR482510.1",3262,"-",0,0,"CG","CGA"
"36412979","OR482510.1",3271,"+",0,0,"CG","CGG"
"36412980","OR482510.1",3272,"-",0,0,"CG","CGG"
"36412981","OR482510.1",3293,"+",0,0,"CG","CGT"
"36412982","OR482510.1",3294,"-",0,0,"CG","CGA"
"36412983","OR482510.1",3384,"+",0,0,"CG","CGT"
"36412984","OR482510.1",3385,"-",0,0,"CG","CGC"
"36412985","OR482510.1",3417,"+",0,0,"CG","CGC"
"36412986","OR482510.1",3418,"-",0,0,"CG","CGG"
"36412987","OR482510.1",3443,"+",0,0,"CG","CGG"
"36412988","OR482510.1",3444,"-",0,0,"CG","CGC"
"36412989","OR482510.1",3454,"+",0,0,"CG","CGT"
"36412990","OR482510.1",3455,"-",0,0,"CG","CGG"
"36412991","OR482510.1",3480,"+",0,0,"CG","CGA"
"36412992","OR482510.1",3481,"-",0,0,"CG","CGC"
"36412993","OR482510.1",3510,"+",0,0,"CG","CGA"
"36412994","OR482510.1",3511,"-",0,0,"CG","CGA"
"36412995","OR482510.1",3531,"+",0,0,"CG","CGC"
"36412996","OR482510.1",3532,"-",0,0,"CG","CGA"
"36412997","OR482510.1",3549,"+",0,0,"CG","CGA"
"36412998","OR482510.1",3550,"-",0,0,"CG","CGG"
"36412999","OR482510.1",3585,"+",0,0,"CG","CGC"
"36413000","OR482510.1",3586,"-",0,0,"CG","CGG"
"36413001","OR482510.1",3636,"+",0,0,"CG","CGC"
"36413002","OR482510.1",3637,"-",0,0,"CG","CGG"
"36413003","OR482510.1",3638,"+",0,0,"CG","CGG"
"36413004","OR482510.1",3639,"-",0,0,"CG","CGC"
"36413005","OR482510.1",3659,"+",0,0,"CG","CGG"
"36413006","OR482510.1",3660,"-",0,0,"CG","CGC"
"36413007","OR482510.1",3691,"+",0,0,"CG","CGA"
"36413008","OR482510.1",3692,"-",0,0,"CG","CGA"
"36413009","OR482510.1",3706,"+",0,0,"CG","CGA"
"36413010","OR482510.1",3707,"-",0,0,"CG","CGT"
"36413011","OR482510.1",3712,"+",0,0,"CG","CGA"
"36413012","OR482510.1",3713,"-",0,0,"CG","CGG"
"36413013","OR482510.1",3717,"+",0,0,"CG","CGA"
"36413014","OR482510.1",3718,"-",0,0,"CG","CGT"
"36413015","OR482510.1",3838,"+",0,0,"CG","CGT"
"36413016","OR482510.1",3839,"-",0,0,"CG","CGG"
"36413017","OR482510.1",3896,"+",0,0,"CG","CGC"
"36413018","OR482510.1",3897,"-",0,0,"CG","CGG"
"36413019","OR482510.1",3918,"+",0,0,"CG","CGA"
"36413020","OR482510.1",3919,"-",0,0,"CG","CGA"
"36413021","OR482510.1",3925,"+",0,0,"CG","CGC"
"36413022","OR482510.1",3926,"-",0,0,"CG","CGG"
"36413023","OR482510.1",4017,"+",0,0,"CG","CGA"
"36413024","OR482510.1",4018,"-",0,0,"CG","CGT"
"36413025","OR482510.1",4063,"+",0,0,"CG","CGC"
"36413026","OR482510.1",4064,"-",0,0,"CG","CGG"
"36413027","OR482510.1",4105,"+",0,0,"CG","CGC"
"36413028","OR482510.1",4106,"-",0,0,"CG","CGA"
"36413029","OR482510.1",4126,"+",0,0,"CG","CGC"
"36413030","OR482510.1",4127,"-",0,0,"CG","CGA"
"36413031","OR482510.1",4193,"+",0,0,"CG","CGA"
"36413032","OR482510.1",4194,"-",0,0,"CG","CGG"
"36413033","OR482510.1",4237,"+",0,0,"CG","CGG"
"36413034","OR482510.1",4238,"-",0,0,"CG","CGG"
"36413035","OR482510.1",4333,"+",0,0,"CG","CGT"
"36413036","OR482510.1",4334,"-",0,0,"CG","CGA"
"36413037","OR482510.1",4348,"+",0,0,"CG","CGC"
"36413038","OR482510.1",4349,"-",0,0,"CG","CGA"
"36413039","OR482510.1",4380,"+",0,0,"CG","CGT"
"36413040","OR482510.1",4381,"-",0,0,"CG","CGA"
"36413041","OR482510.1",4510,"+",0,0,"CG","CGG"
"36413042","OR482510.1",4511,"-",0,0,"CG","CGA"
"36413043","OR482510.1",4565,"+",0,0,"CG","CGA"
"36413044","OR482510.1",4566,"-",0,0,"CG","CGA"
"36413045","OR482510.1",4591,"+",0,0,"CG","CGC"
"36413046","OR482510.1",4592,"-",0,0,"CG","CGA"
"36413047","OR482510.1",4600,"+",0,0,"CG","CGG"
"36413048","OR482510.1",4601,"-",0,0,"CG","CGA"
"36413049","OR482510.1",4674,"+",0,0,"CG","CGT"
"36413050","OR482510.1",4675,"-",0,0,"CG","CGT"
"36413051","OR482510.1",4737,"+",0,0,"CG","CGT"
"36413052","OR482510.1",4738,"-",0,0,"CG","CGA"
"36413053","OR482510.1",4762,"+",0,0,"CG","CGC"
"36413054","OR482510.1",4763,"-",0,0,"CG","CGG"
"36413055","OR482510.1",4873,"+",0,0,"CG","CGC"
"36413056","OR482510.1",4874,"-",0,0,"CG","CGG"
"36413057","OR482510.1",4884,"+",0,0,"CG","CGG"
"36413058","OR482510.1",4885,"-",0,0,"CG","CGC"
"36413059","OR482510.1",4894,"+",0,0,"CG","CGC"
"36413060","OR482510.1",4895,"-",0,0,"CG","CGG"
"36413061","OR482510.1",4922,"+",0,0,"CG","CGA"
"36413062","OR482510.1",4923,"-",0,0,"CG","CGT"
"36413063","OR482510.1",4933,"+",0,0,"CG","CGC"
"36413064","OR482510.1",4934,"-",0,0,"CG","CGT"
"36413065","OR482510.1",4935,"+",0,0,"CG","CGA"
"36413066","OR482510.1",4936,"-",0,0,"CG","CGC"
"36413067","OR482510.1",4969,"+",0,0,"CG","CGC"
"36413068","OR482510.1",4970,"-",0,0,"CG","CGG"
"36413069","OR482510.1",4985,"+",0,0,"CG","CGC"
"36413070","OR482510.1",4986,"-",0,0,"CG","CGT"
"36413071","OR482510.1",5037,"+",0,0,"CG","CGC"
"36413072","OR482510.1",5038,"-",0,0,"CG","CGT"
"36413073","OR482510.1",5062,"+",0,0,"CG","CGC"
"36413074","OR482510.1",5063,"-",0,0,"CG","CGG"
"36413075","OR482510.1",5065,"+",0,0,"CG","CGC"
"36413076","OR482510.1",5066,"-",0,0,"CG","CGG"
"36413077","OR482510.1",5170,"+",0,0,"CG","CGG"
"36413078","OR482510.1",5171,"-",0,0,"CG","CGC"
"36413079","OR482510.1",5247,"+",0,0,"CG","CGA"
"36413080","OR482510.1",5248,"-",0,0,"CG","CGA"
"36413081","OR482510.1",5278,"+",0,0,"CG","CGC"
"36413082","OR482510.1",5279,"-",0,0,"CG","CGC"
"36413083","OR482510.1",5290,"+",0,0,"CG","CGA"
"36413084","OR482510.1",5291,"-",0,0,"CG","CGC"
"36413085","OR482510.1",5313,"+",0,0,"CG","CGC"
"36413086","OR482510.1",5314,"-",0,0,"CG","CGG"
"36413087","OR482510.1",5324,"+",0,0,"CG","CGG"
"36413088","OR482510.1",5325,"-",0,0,"CG","CGC"
"36413089","OR482510.1",5328,"+",0,0,"CG","CGG"
"36413090","OR482510.1",5329,"-",0,0,"CG","CGC"
"36413091","OR482510.1",5334,"+",0,0,"CG","CGG"
"36413092","OR482510.1",5335,"-",0,0,"CG","CGC"
"36413093","OR482510.1",5347,"+",0,0,"CG","CGG"
"36413094","OR482510.1",5348,"-",0,0,"CG","CGG"
"36413095","OR482510.1",5354,"+",0,0,"CG","CGA"
"36413096","OR482510.1",5355,"-",0,0,"CG","CGT"
"36413097","OR482510.1",5456,"+",0,0,"CG","CGC"
"36413098","OR482510.1",5457,"-",0,0,"CG","CGA"
"36413099","OR482510.1",5494,"+",0,0,"CG","CGT"
"36413100","OR482510.1",5495,"-",0,0,"CG","CGT"
"36413101","OR482510.1",5526,"+",0,0,"CG","CGG"
"36413102","OR482510.1",5527,"-",0,0,"CG","CGA"
"36413103","OR482510.1",5559,"+",0,0,"CG","CGG"
"36413104","OR482510.1",5560,"-",0,0,"CG","CGG"
"36413105","OR482510.1",5593,"+",0,0,"CG","CGA"
"36413106","OR482510.1",5594,"-",0,0,"CG","CGA"
"36413107","OR482510.1",5612,"+",0,0,"CG","CGG"
"36413108","OR482510.1",5613,"-",0,0,"CG","CGG"
"36413109","OR482510.1",5616,"+",0,0,"CG","CGC"
"36413110","OR482510.1",5617,"-",0,0,"CG","CGC"
"36413111","OR482510.1",5631,"+",0,0,"CG","CGA"
"36413112","OR482510.1",5632,"-",0,0,"CG","CGT"
"36413113","OR482510.1",5652,"+",0,0,"CG","CGT"
"36413114","OR482510.1",5653,"-",0,0,"CG","CGA"
"36413115","OR482510.1",5670,"+",0,0,"CG","CGT"
"36413116","OR482510.1",5671,"-",0,0,"CG","CGA"
"36413117","OR482510.1",5767,"+",0,0,"CG","CGT"
"36413118","OR482510.1",5768,"-",0,0,"CG","CGA"
"36413119","OR482510.1",5840,"+",0,0,"CG","CGG"
"36413120","OR482510.1",5841,"-",0,0,"CG","CGC"
"36413121","OR482510.1",5847,"+",0,0,"CG","CGG"
"36413122","OR482510.1",5848,"-",0,0,"CG","CGG"
"36413123","OR482510.1",5853,"+",0,0,"CG","CGG"
"36413124","OR482510.1",5854,"-",0,0,"CG","CGG"
"36413125","OR482510.1",5870,"+",0,0,"CG","CGC"
"36413126","OR482510.1",5871,"-",0,0,"CG","CGG"
"36413127","OR482510.1",5895,"+",0,0,"CG","CGC"
"36413128","OR482510.1",5896,"-",0,0,"CG","CGT"
"36413129","OR482510.1",5910,"+",0,0,"CG","CGA"
"36413130","OR482510.1",5911,"-",0,0,"CG","CGA"
"36413131","OR482510.1",5958,"+",0,0,"CG","CGG"
"36413132","OR482510.1",5959,"-",0,0,"CG","CGA"
"36413133","OR482510.1",6042,"+",0,0,"CG","CGT"
"36413134","OR482510.1",6043,"-",0,0,"CG","CGG"
"36413135","OR482510.1",6054,"+",0,0,"CG","CGC"
"36413136","OR482510.1",6055,"-",0,0,"CG","CGG"
"36413137","OR482510.1",6093,"+",0,0,"CG","CGG"
"36413138","OR482510.1",6094,"-",0,0,"CG","CGG"
"36413139","OR482510.1",6114,"+",0,0,"CG","CGA"
"36413140","OR482510.1",6115,"-",0,0,"CG","CGG"
"36413141","OR482510.1",6118,"+",0,0,"CG","CGA"
"36413142","OR482510.1",6119,"-",0,0,"CG","CGG"
"36413143","OR482510.1",6146,"+",0,0,"CG","CGG"
"36413144","OR482510.1",6147,"-",0,0,"CG","CGG"
"36413145","OR482510.1",6203,"+",0,0,"CG","CGG"
"36413146","OR482510.1",6204,"-",0,0,"CG","CGG"
"36413147","OR482510.1",6252,"+",0,0,"CG","CGT"
"36413148","OR482510.1",6253,"-",0,0,"CG","CGA"
"36413149","OR482510.1",6255,"+",0,0,"CG","CGC"
"36413150","OR482510.1",6256,"-",0,0,"CG","CGA"
"36413151","OR482510.1",6375,"+",0,0,"CG","CGT"
"36413152","OR482510.1",6376,"-",0,0,"CG","CGT"
"36413153","OR482510.1",6383,"+",0,0,"CG","CGC"
"36413154","OR482510.1",6384,"-",0,0,"CG","CGT"
"36413155","OR482510.1",6385,"+",0,0,"CG","CGT"
"36413156","OR482510.1",6386,"-",0,0,"CG","CGC"
"36413157","OR482510.1",6417,"+",0,0,"CG","CGC"
"36413158","OR482510.1",6418,"-",0,0,"CG","CGA"
"36413159","OR482510.1",6429,"+",0,0,"CG","CGG"
"36413160","OR482510.1",6430,"-",0,0,"CG","CGG"
"36413161","OR482510.1",6585,"+",0,0,"CG","CGA"
"36413162","OR482510.1",6586,"-",0,0,"CG","CGT"
"36413163","OR482510.1",6618,"+",0,0,"CG","CGT"
"36413164","OR482510.1",6619,"-",0,0,"CG","CGT"
"36413165","OR482510.1",6636,"+",0,0,"CG","CGT"
"36413166","OR482510.1",6637,"-",0,0,"CG","CGG"
"36413167","OR482510.1",6651,"+",0,0,"CG","CGC"
"36413168","OR482510.1",6652,"-",0,0,"CG","CGA"
"36413169","OR482510.1",6654,"+",0,0,"CG","CGC"
"36413170","OR482510.1",6655,"-",0,0,"CG","CGG"
"36413171","OR482510.1",6660,"+",0,0,"CG","CGT"
"36413172","OR482510.1",6661,"-",0,0,"CG","CGA"
"36413173","OR482510.1",6674,"+",0,0,"CG","CGC"
"36413174","OR482510.1",6675,"-",0,0,"CG","CGG"
"36413175","OR482510.1",6692,"+",0,0,"CG","CGC"
"36413176","OR482510.1",6693,"-",0,0,"CG","CGT"
"36413177","OR482510.1",6723,"+",0,0,"CG","CGG"
"36413178","OR482510.1",6724,"-",0,0,"CG","CGA"
"36413179","OR482510.1",6774,"+",0,0,"CG","CGG"
"36413180","OR482510.1",6775,"-",0,0,"CG","CGA"
"36413181","OR482510.1",6783,"+",0,0,"CG","CGG"
"36413182","OR482510.1",6784,"-",0,0,"CG","CGG"
"36413183","OR482510.1",6793,"+",0,0,"CG","CGA"
"36413184","OR482510.1",6794,"-",0,0,"CG","CGG"
"36413185","OR482510.1",6796,"+",0,0,"CG","CGA"
"36413186","OR482510.1",6797,"-",0,0,"CG","CGT"
"36413187","OR482510.1",6804,"+",0,0,"CG","CGA"
"36413188","OR482510.1",6805,"-",0,0,"CG","CGG"
"36413189","OR482510.1",6816,"+",0,0,"CG","CGC"
"36413190","OR482510.1",6817,"-",0,0,"CG","CGT"
"36413191","OR482510.1",6849,"+",0,0,"CG","CGG"
"36413192","OR482510.1",6850,"-",0,0,"CG","CGA"
"36413193","OR482510.1",6909,"+",0,0,"CG","CGC"
"36413194","OR482510.1",6910,"-",0,0,"CG","CGA"
"36413195","OR482510.1",6912,"+",0,0,"CG","CGC"
"36413196","OR482510.1",6913,"-",0,0,"CG","CGG"
"36413197","OR482510.1",6919,"+",0,0,"CG","CGT"
"36413198","OR482510.1",6920,"-",0,0,"CG","CGT"
"36413199","OR482510.1",6996,"+",0,0,"CG","CGA"
"36413200","OR482510.1",6997,"-",0,0,"CG","CGA"
"36413201","OR482510.1",7033,"+",0,0,"CG","CGA"
"36413202","OR482510.1",7034,"-",0,0,"CG","CGT"
"36413203","OR482510.1",7049,"+",0,0,"CG","CGA"
"36413204","OR482510.1",7050,"-",0,0,"CG","CGA"
"36413205","OR482510.1",7064,"+",0,0,"CG","CGG"
"36413206","OR482510.1",7065,"-",0,0,"CG","CGA"
"36413207","OR482510.1",7075,"+",0,0,"CG","CGA"
"36413208","OR482510.1",7076,"-",0,0,"CG","CGG"
"36413209","OR482510.1",7087,"+",0,0,"CG","CGC"
"36413210","OR482510.1",7088,"-",0,0,"CG","CGG"
"36413211","OR482510.1",7135,"+",0,0,"CG","CGC"
"36413212","OR482510.1",7136,"-",0,0,"CG","CGG"
"36413213","OR482510.1",7148,"+",0,0,"CG","CGG"
"36413214","OR482510.1",7149,"-",0,0,"CG","CGC"
"36413215","OR482510.1",7169,"+",0,0,"CG","CGC"
"36413216","OR482510.1",7170,"-",0,0,"CG","CGG"
"36413217","OR482510.1",7171,"+",0,0,"CG","CGT"
"36413218","OR482510.1",7172,"-",0,0,"CG","CGC"
"36413219","OR482510.1",7197,"+",0,0,"CG","CGT"
"36413220","OR482510.1",7198,"-",0,0,"CG","CGG"
"36413221","OR482510.1",7258,"+",0,0,"CG","CGA"
"36413222","OR482510.1",7259,"-",0,0,"CG","CGT"
"36413223","OR482510.1",7276,"+",0,0,"CG","CGT"
"36413224","OR482510.1",7277,"-",0,0,"CG","CGA"
"36413225","OR482510.1",7338,"+",0,0,"CG","CGA"
"36413226","OR482510.1",7339,"-",0,0,"CG","CGT"
"36413227","OR482510.1",7416,"+",0,0,"CG","CGC"
"36413228","OR482510.1",7417,"-",0,0,"CG","CGC"
"36413229","OR482510.1",7430,"+",0,0,"CG","CGC"
"36413230","OR482510.1",7431,"-",0,0,"CG","CGA"
"36413231","OR482510.1",7483,"+",0,0,"CG","CGT"
"36413232","OR482510.1",7484,"-",0,0,"CG","CGG"
"36413233","OR482510.1",7525,"+",0,0,"CG","CGA"
"36413234","OR482510.1",7526,"-",0,0,"CG","CGT"
"36413235","OR482510.1",7586,"+",0,0,"CG","CGC"
"36413236","OR482510.1",7587,"-",0,0,"CG","CGG"
"36413237","OR482510.1",7600,"+",0,0,"CG","CGA"
"36413238","OR482510.1",7601,"-",0,0,"CG","CGG"
"36413239","OR482510.1",7607,"+",0,0,"CG","CGC"
"36413240","OR482510.1",7608,"-",0,0,"CG","CGA"
"36413241","OR482510.1",7637,"+",0,0,"CG","CGA"
"36413242","OR482510.1",7638,"-",0,0,"CG","CGG"
"36413243","OR482510.1",7657,"+",0,0,"CG","CGA"
"36413244","OR482510.1",7658,"-",0,0,"CG","CGT"
"36413245","OR482510.1",7671,"+",0,0,"CG","CGT"
"36413246","OR482510.1",7672,"-",0,0,"CG","CGA"
"36413247","OR482510.1",7705,"+",0,0,"CG","CGC"
"36413248","OR482510.1",7706,"-",0,0,"CG","CGT"
"36413249","OR482510.1",7718,"+",0,0,"CG","CGC"
"36413250","OR482510.1",7719,"-",0,0,"CG","CGG"
"36413251","OR482510.1",7741,"+",0,0,"CG","CGC"
"36413252","OR482510.1",7742,"-",0,0,"CG","CGA"
"36413253","OR482510.1",7748,"+",0,0,"CG","CGA"
"36413254","OR482510.1",7749,"-",0,0,"CG","CGG"
"36413255","OR482510.1",7756,"+",0,0,"CG","CGT"
"36413256","OR482510.1",7757,"-",0,0,"CG","CGC"
"36413257","OR482510.1",7765,"+",0,0,"CG","CGG"
"36413258","OR482510.1",7766,"-",0,0,"CG","CGT"
"36413259","OR482510.1",7786,"+",0,0,"CG","CGG"
"36413260","OR482510.1",7787,"-",0,0,"CG","CGC"
"36413261","OR482510.1",7859,"+",0,0,"CG","CGA"
"36413262","OR482510.1",7860,"-",0,0,"CG","CGA"
"36413263","OR482510.1",7873,"+",0,0,"CG","CGC"
"36413264","OR482510.1",7874,"-",0,0,"CG","CGT"
"36413265","OR482510.1",7878,"+",0,0,"CG","CGC"
"36413266","OR482510.1",7879,"-",0,0,"CG","CGA"
"36413267","OR482510.1",7903,"+",0,0,"CG","CGT"
"36413268","OR482510.1",7904,"-",0,0,"CG","CGC"
"36413269","OR482510.1",7949,"+",0,0,"CG","CGA"
"36413270","OR482510.1",7950,"-",0,0,"CG","CGT"
"36413271","OR482510.1",7970,"+",0,0,"CG","CGC"
"36413272","OR482510.1",7971,"-",0,0,"CG","CGG"
"36413273","OR482510.1",7999,"+",0,0,"CG","CGT"
"36413274","OR482510.1",8000,"-",0,0,"CG","CGA"
"36413275","OR482510.1",8018,"+",0,0,"CG","CGT"
"36413276","OR482510.1",8019,"-",0,0,"CG","CGG"
"36413277","OR482510.1",8027,"+",0,0,"CG","CGC"
"36413278","OR482510.1",8028,"-",0,0,"CG","CGG"
"36413279","OR482510.1",8075,"+",0,0,"CG","CGC"
"36413280","OR482510.1",8076,"-",0,0,"CG","CGC"
"36413281","OR482510.1",8219,"+",0,0,"CG","CGA"
"36413282","OR482510.1",8220,"-",0,0,"CG","CGA"
"36413283","OR482510.1",8234,"+",0,0,"CG","CGA"
"36413284","OR482510.1",8235,"-",0,0,"CG","CGG"
"36413285","OR482510.1",8242,"+",0,0,"CG","CGC"
"36413286","OR482510.1",8243,"-",0,0,"CG","CGA"
"36413287","OR482510.1",8267,"+",0,0,"CG","CGT"
"36413288","OR482510.1",8268,"-",0,0,"CG","CGG"
"36413289","OR482510.1",8425,"+",0,0,"CG","CGC"
"36413290","OR482510.1",8426,"-",0,0,"CG","CGA"
"36413291","OR482510.1",8427,"+",0,0,"CG","CGG"
"36413292","OR482510.1",8428,"-",0,0,"CG","CGC"
"36413293","OR482510.1",8465,"+",0,0,"CG","CGA"
"36413294","OR482510.1",8466,"-",0,0,"CG","CGC"
"36413295","OR482510.1",8515,"+",0,0,"CG","CGG"
"36413296","OR482510.1",8516,"-",0,0,"CG","CGG"
"36413297","OR482510.1",8530,"+",0,0,"CG","CGT"
"36413298","OR482510.1",8531,"-",0,0,"CG","CGG"
"36413299","OR482510.1",8539,"+",0,0,"CG","CGT"
"36413300","OR482510.1",8540,"-",0,0,"CG","CGA"
"36413301","OR482510.1",8545,"+",0,0,"CG","CGA"
"36413302","OR482510.1",8546,"-",0,0,"CG","CGA"
"36413303","OR482510.1",8567,"+",0,0,"CG","CGC"
"36413304","OR482510.1",8568,"-",0,0,"CG","CGG"
"36413305","OR482510.1",8588,"+",0,0,"CG","CGA"
"36413306","OR482510.1",8589,"-",0,0,"CG","CGT"
"36413307","OR482510.1",8650,"+",0,0,"CG","CGT"
"36413308","OR482510.1",8651,"-",0,0,"CG","CGA"
"36413309","OR482510.1",8674,"+",0,0,"CG","CGT"
"36413310","OR482510.1",8675,"-",0,0,"CG","CGG"
"36413311","OR482510.1",8749,"+",0,0,"CG","CGT"
"36413312","OR482510.1",8750,"-",0,0,"CG","CGT"
"36413313","OR482510.1",8755,"+",0,0,"CG","CGT"
"36413314","OR482510.1",8756,"-",0,0,"CG","CGA"
"36413315","OR482510.1",8788,"+",0,0,"CG","CGT"
"36413316","OR482510.1",8789,"-",0,0,"CG","CGT"
"36413317","OR482510.1",8888,"+",0,0,"CG","CGA"
"36413318","OR482510.1",8889,"-",0,0,"CG","CGC"
"36413319","OR482510.1",8905,"+",0,0,"CG","CGC"
"36413320","OR482510.1",8906,"-",0,0,"CG","CGA"
"36413321","OR482510.1",8968,"+",0,0,"CG","CGA"
"36413322","OR482510.1",8969,"-",0,0,"CG","CGT"
"36413323","OR482510.1",8976,"+",0,0,"CG","CGT"
"36413324","OR482510.1",8977,"-",0,0,"CG","CGA"
"36413325","OR482510.1",8980,"+",0,0,"CG","CGA"
"36413326","OR482510.1",8981,"-",0,0,"CG","CGT"
"36413327","OR482510.1",9008,"+",0,0,"CG","CGC"
"36413328","OR482510.1",9009,"-",0,0,"CG","CGT"
"36413329","OR482510.1",9015,"+",0,0,"CG","CGT"
"36413330","OR482510.1",9016,"-",0,0,"CG","CGG"
"36413331","OR482510.1",9031,"+",0,0,"CG","CGA"
"36413332","OR482510.1",9032,"-",0,0,"CG","CGA"
"36413333","OR482510.1",9036,"+",0,0,"CG","CGG"
"36413334","OR482510.1",9037,"-",0,0,"CG","CGT"
"36413335","OR482510.1",9060,"+",0,0,"CG","CGA"
"36413336","OR482510.1",9061,"-",0,0,"CG","CGG"
"36413337","OR482510.1",9102,"+",0,0,"CG","CGC"
"36413338","OR482510.1",9103,"-",0,0,"CG","CGT"
"36413339","OR482510.1",9111,"+",0,0,"CG","CGC"
"36413340","OR482510.1",9112,"-",0,0,"CG","CGA"
"36413341","OR482510.1",9149,"+",0,0,"CG","CGG"
"36413342","OR482510.1",9150,"-",0,0,"CG","CGT"
"36413343","OR482510.1",9213,"+",0,0,"CG","CGG"
"36413344","OR482510.1",9214,"-",0,0,"CG","CGG"
"36413345","OR482510.1",9221,"+",0,0,"CG","CGG"
"36413346","OR482510.1",9222,"-",0,0,"CG","CGT"
"36413347","OR482510.1",9259,"+",0,0,"CG","CGA"
"36413348","OR482510.1",9260,"-",0,0,"CG","CGT"
"36413349","OR482510.1",9278,"+",0,0,"CG","CGC"
"36413350","OR482510.1",9279,"-",0,0,"CG","CGA"
"36413351","OR482510.1",9366,"+",0,0,"CG","CGT"
"36413352","OR482510.1",9367,"-",0,0,"CG","CGC"
"36413353","OR482510.1",9372,"+",0,0,"CG","CGG"
"36413354","OR482510.1",9373,"-",0,0,"CG","CGT"
"36413355","OR482510.1",9387,"+",0,0,"CG","CGT"
"36413356","OR482510.1",9388,"-",0,0,"CG","CGA"
"36413357","OR482510.1",9405,"+",0,0,"CG","CGG"
"36413358","OR482510.1",9406,"-",0,0,"CG","CGT"
"36413359","OR482510.1",9414,"+",0,0,"CG","CGT"
"36413360","OR482510.1",9415,"-",0,0,"CG","CGT"
"36413361","OR482510.1",9454,"+",0,0,"CG","CGA"
"36413362","OR482510.1",9455,"-",0,0,"CG","CGT"
"36413363","OR482510.1",9480,"+",0,0,"CG","CGA"
"36413364","OR482510.1",9481,"-",0,0,"CG","CGG"
"36413365","OR482510.1",9492,"+",0,0,"CG","CGG"
"36413366","OR482510.1",9493,"-",0,0,"CG","CGA"
"36413367","OR482510.1",9498,"+",0,0,"CG","CGA"
"36413368","OR482510.1",9499,"-",0,0,"CG","CGA"
"36413369","OR482510.1",9525,"+",0,0,"CG","CGT"
"36413370","OR482510.1",9526,"-",0,0,"CG","CGA"
"36413371","OR482510.1",9531,"+",0,0,"CG","CGT"
"36413372","OR482510.1",9532,"-",0,0,"CG","CGT"
"36413373","OR482510.1",9622,"+",0,0,"CG","CGG"
"36413374","OR482510.1",9623,"-",0,0,"CG","CGG"
"36413375","OR482510.1",9656,"+",0,0,"CG","CGT"
"36413376","OR482510.1",9657,"-",0,0,"CG","CGT"
"36413377","OR482510.1",9695,"+",0,0,"CG","CGT"
"36413378","OR482510.1",9696,"-",0,0,"CG","CGG"
"36413379","OR482510.1",9746,"+",0,0,"CG","CGA"
"36413380","OR482510.1",9747,"-",0,0,"CG","CGT"
"36413381","OR482510.1",9776,"+",0,0,"CG","CGA"
"36413382","OR482510.1",9777,"-",0,0,"CG","CGA"
"36413383","OR482510.1",9795,"+",0,0,"CG","CGC"
"36413384","OR482510.1",9796,"-",0,0,"CG","CGG"
"36413385","OR482510.1",9813,"+",0,0,"CG","CGC"
"36413386","OR482510.1",9814,"-",0,0,"CG","CGG"
"36413387","OR482510.1",9827,"+",0,0,"CG","CGC"
"36413388","OR482510.1",9828,"-",0,0,"CG","CGA"
"36413389","OR482510.1",9848,"+",0,0,"CG","CGA"
"36413390","OR482510.1",9849,"-",0,0,"CG","CGA"
"36413391","OR482510.1",9874,"+",0,0,"CG","CGC"
"36413392","OR482510.1",9875,"-",0,0,"CG","CGG"
"36413393","OR482510.1",9926,"+",0,0,"CG","CGT"
"36413394","OR482510.1",9927,"-",0,0,"CG","CGG"
"36413395","OR482510.1",9929,"+",0,0,"CG","CGC"
"36413396","OR482510.1",9930,"-",0,0,"CG","CGA"
"36413397","OR482510.1",9932,"+",0,0,"CG","CGT"
"36413398","OR482510.1",9933,"-",0,0,"CG","CGG"
"36413399","OR482510.1",9965,"+",0,0,"CG","CGA"
"36413400","OR482510.1",9966,"-",0,0,"CG","CGT"
"36413401","OR482510.1",9995,"+",0,0,"CG","CGA"
"36413402","OR482510.1",9996,"-",0,0,"CG","CGG"
"36413403","OR482510.1",10031,"+",0,0,"CG","CGG"
"36413404","OR482510.1",10032,"-",0,0,"CG","CGA"
"36413405","OR482510.1",10077,"+",0,0,"CG","CGC"
"36413406","OR482510.1",10078,"-",0,0,"CG","CGG"
"36413407","OR482510.1",10086,"+",0,0,"CG","CGC"
"36413408","OR482510.1",10087,"-",0,0,"CG","CGA"
"36413409","OR482510.1",10097,"+",0,0,"CG","CGG"
"36413410","OR482510.1",10098,"-",0,0,"CG","CGA"
"36413411","OR482510.1",10135,"+",0,0,"CG","CGA"
"36413412","OR482510.1",10136,"-",0,0,"CG","CGA"
"36413413","OR482510.1",10152,"+",0,0,"CG","CGC"
"36413414","OR482510.1",10153,"-",0,0,"CG","CGG"
"36413415","OR482510.1",10202,"+",0,0,"CG","CGA"
"36413416","OR482510.1",10203,"-",0,0,"CG","CGA"
"36413417","OR482510.1",10241,"+",0,0,"CG","CGG"
"36413418","OR482510.1",10242,"-",0,0,"CG","CGC"
"36413419","OR482510.1",10284,"+",0,0,"CG","CGC"
"36413420","OR482510.1",10285,"-",0,0,"CG","CGC"
"36413421","OR482510.1",10315,"+",0,0,"CG","CGC"
"36413422","OR482510.1",10316,"-",0,0,"CG","CGA"
"36413423","OR482510.1",10333,"+",0,0,"CG","CGC"
"36413424","OR482510.1",10334,"-",0,0,"CG","CGA"
"36413425","OR482510.1",10496,"+",0,0,"CG","CGA"
"36413426","OR482510.1",10497,"-",0,0,"CG","CGG"
"36413427","OR482510.1",10519,"+",0,0,"CG","CGC"
"36413428","OR482510.1",10520,"-",0,0,"CG","CGT"
"36413429","OR482510.1",10546,"+",0,0,"CG","CGA"
"36413430","OR482510.1",10547,"-",0,0,"CG","CGA"
"36413431","OR482510.1",10619,"+",0,1,"CG","CGA"
"36413432","OR482510.1",10620,"-",0,0,"CG","CGA"
"36413433","OR482510.1",10632,"+",0,1,"CG","CGC"
"36413434","OR482510.1",10633,"-",0,0,"CG","CGG"
"36413435","OR482510.1",10638,"+",0,1,"CG","CGG"
"36413436","OR482510.1",10639,"-",0,0,"CG","CGT"
"36413437","OR482510.1",10691,"+",0,1,"CG","CGG"
"36413438","OR482510.1",10692,"-",0,0,"CG","CGA"
"36413439","OR482510.1",10764,"+",0,1,"CG","CGG"
"36413440","OR482510.1",10765,"-",0,0,"CG","CGA"
"36413441","OR482510.1",10785,"+",0,1,"CG","CGC"
"36413442","OR482510.1",10786,"-",0,0,"CG","CGT"
"36413443","OR482510.1",11044,"+",0,3,"CG","CGA"
"36413444","OR482510.1",11045,"-",0,0,"CG","CGA"
"36413445","OR482510.1",11084,"+",0,2,"CG","CGG"
"36413446","OR482510.1",11085,"-",0,0,"CG","CGT"
"36413447","OR482510.1",11094,"+",0,2,"CG","CGA"
"36413448","OR482510.1",11095,"-",0,0,"CG","CGG"
"36413449","OR482510.1",11153,"+",0,2,"CG","CGC"
"36413450","OR482510.1",11154,"-",0,0,"CG","CGA"
"36413451","OR482510.1",11185,"+",0,1,"CG","CGT"
"36413452","OR482510.1",11186,"-",0,0,"CG","CGT"
"36413453","OR482510.1",11193,"+",0,1,"CG","CGC"
"36413454","OR482510.1",11194,"-",0,0,"CG","CGA"
"36413455","OR482510.1",11219,"+",0,0,"CG","CGC"
"36413456","OR482510.1",11220,"-",0,0,"CG","CGA"
"36413457","OR482510.1",11231,"+",0,0,"CG","CGT"
"36413458","OR482510.1",11232,"-",0,0,"CG","CGG"
"36413459","OR482510.1",11252,"+",0,0,"CG","CGT"
"36413460","OR482510.1",11253,"-",0,0,"CG","CGA"
"36413461","OR482510.1",11291,"+",0,0,"CG","CGG"
"36413462","OR482510.1",11292,"-",0,0,"CG","CGG"
"36413463","OR482510.1",11297,"+",0,0,"CG","CGT"
"36413464","OR482510.1",11298,"-",0,0,"CG","CGG"
"36413465","OR482510.1",11318,"+",0,0,"CG","CGG"
"36413466","OR482510.1",11319,"-",0,0,"CG","CGT"
"36413467","OR482510.1",11326,"+",0,0,"CG","CGT"
"36413468","OR482510.1",11327,"-",0,0,"CG","CGT"
"36413469","OR482510.1",11332,"+",0,0,"CG","CGG"
"36413470","OR482510.1",11333,"-",0,0,"CG","CGA"
"36413471","OR482510.1",11367,"+",0,0,"CG","CGC"
"36413472","OR482510.1",11368,"-",0,0,"CG","CGT"
"36413473","OR482510.1",11379,"+",0,0,"CG","CGG"
"36413474","OR482510.1",11380,"-",0,0,"CG","CGG"
"36413475","OR482510.1",11397,"+",0,0,"CG","CGA"
"36413476","OR482510.1",11398,"-",0,0,"CG","CGG"
"36413477","OR482510.1",11453,"+",0,0,"CG","CGC"
"36413478","OR482510.1",11454,"-",0,0,"CG","CGA"
"36413479","OR482510.1",11570,"+",0,0,"CG","CGC"
"36413480","OR482510.1",11571,"-",0,0,"CG","CGG"
"36413481","OR482510.1",11572,"+",0,0,"CG","CGA"
"36413482","OR482510.1",11573,"-",0,0,"CG","CGC"
"36413483","OR482510.1",11607,"+",0,0,"CG","CGG"
"36413484","OR482510.1",11608,"-",0,0,"CG","CGT"
"36413485","OR482510.1",11655,"+",0,0,"CG","CGG"
"36413486","OR482510.1",11656,"-",0,0,"CG","CGG"
"36413487","OR482510.1",11714,"+",0,0,"CG","CGA"
"36413488","OR482510.1",11715,"-",0,0,"CG","CGG"
"36413489","OR482510.1",11808,"+",0,0,"CG","CGA"
"36413490","OR482510.1",11809,"-",0,0,"CG","CGG"
"36413491","OR482510.1",11819,"+",0,0,"CG","CGC"
"36413492","OR482510.1",11820,"-",0,0,"CG","CGA"
"36413493","OR482510.1",11828,"+",0,0,"CG","CGA"
"36413494","OR482510.1",11829,"-",0,0,"CG","CGT"
"36413495","OR482510.1",11845,"+",0,0,"CG","CGT"
"36413496","OR482510.1",11846,"-",0,0,"CG","CGG"
"36413497","OR482510.1",11875,"+",0,0,"CG","CGG"
"36413498","OR482510.1",11876,"-",0,0,"CG","CGA"
"36413499","OR482510.1",12041,"+",0,0,"CG","CGC"
"36413500","OR482510.1",12042,"-",0,0,"CG","CGA"
"36413501","OR482510.1",12047,"+",0,0,"CG","CGA"
"36413502","OR482510.1",12048,"-",0,0,"CG","CGG"
"36413503","OR482510.1",12055,"+",0,0,"CG","CGA"
"36413504","OR482510.1",12056,"-",0,0,"CG","CGG"
"36413505","OR482510.1",12064,"+",0,0,"CG","CGT"
"36413506","OR482510.1",12065,"-",0,0,"CG","CGG"
"36413507","OR482510.1",12084,"+",0,0,"CG","CGG"
"36413508","OR482510.1",12085,"-",0,0,"CG","CGC"
"36413509","OR482510.1",12088,"+",0,0,"CG","CGC"
"36413510","OR482510.1",12089,"-",0,0,"CG","CGA"
"36413511","OR482510.1",12103,"+",0,0,"CG","CGT"
"36413512","OR482510.1",12104,"-",0,0,"CG","CGA"
"36413513","OR482510.1",12136,"+",0,0,"CG","CGA"
"36413514","OR482510.1",12137,"-",0,0,"CG","CGT"
"36413515","OR482510.1",12142,"+",0,0,"CG","CGC"
"36413516","OR482510.1",12143,"-",0,0,"CG","CGC"
"36413517","OR482510.1",12150,"+",0,0,"CG","CGA"
"36413518","OR482510.1",12151,"-",0,0,"CG","CGC"
"36413519","OR482510.1",12190,"+",0,0,"CG","CGA"
"36413520","OR482510.1",12191,"-",0,0,"CG","CGA"
"36413521","OR482510.1",12193,"+",0,0,"CG","CGT"
"36413522","OR482510.1",12194,"-",0,0,"CG","CGT"
"36413523","OR482510.1",12225,"+",0,0,"CG","CGG"
"36413524","OR482510.1",12226,"-",0,0,"CG","CGA"
"36413525","OR482510.1",12253,"+",0,0,"CG","CGT"
"36413526","OR482510.1",12254,"-",0,0,"CG","CGT"
"36413527","OR482510.1",12295,"+",0,0,"CG","CGC"
"36413528","OR482510.1",12296,"-",0,0,"CG","CGT"
"36413529","OR482510.1",12303,"+",0,0,"CG","CGT"
"36413530","OR482510.1",12304,"-",0,0,"CG","CGG"
"36413531","OR482510.1",12314,"+",0,1,"CG","CGA"
"36413532","OR482510.1",12315,"-",0,0,"CG","CGG"
"36413533","OR482510.1",12445,"+",0,6,"CG","CGG"
"36413534","OR482510.1",12446,"-",0,0,"CG","CGT"
"36413535","OR482510.1",12449,"+",0,6,"CG","CGA"
"36413536","OR482510.1",12450,"-",0,0,"CG","CGT"
"36413537","OR482510.1",12453,"+",0,6,"CG","CGG"
"36413538","OR482510.1",12454,"-",0,0,"CG","CGC"
"36413539","OR482510.1",12468,"+",3,3,"CG","CGG"
"36413540","OR482510.1",12469,"-",0,0,"CG","CGC"
"36413541","OR482510.1",12481,"+",3,2,"CG","CGT"
"36413542","OR482510.1",12482,"-",0,0,"CG","CGG"
"36413543","OR482510.1",12494,"+",0,4,"CG","CGG"
"36413544","OR482510.1",12495,"-",0,0,"CG","CGA"
"36413545","OR482510.1",12499,"+",0,4,"CG","CGG"
"36413546","OR482510.1",12500,"-",0,0,"CG","CGA"
"36413547","OR482510.1",12544,"+",1,1,"CG","CGC"
"36413548","OR482510.1",12545,"-",0,0,"CG","CGT"
"36413549","OR482510.1",12625,"+",0,1,"CG","CGC"
"36413550","OR482510.1",12626,"-",0,0,"CG","CGA"
"36413551","OR482510.1",12628,"+",0,1,"CG","CGC"
"36413552","OR482510.1",12629,"-",0,0,"CG","CGG"
"36413553","OR482510.1",12642,"+",0,1,"CG","CGG"
"36413554","OR482510.1",12643,"-",0,0,"CG","CGA"
"36413555","OR482510.1",12696,"+",0,2,"CG","CGG"
"36413556","OR482510.1",12697,"-",0,0,"CG","CGG"
"36413557","OR482510.1",12736,"+",0,1,"CG","CGG"
"36413558","OR482510.1",12737,"-",0,0,"CG","CGG"
"36413559","OR482510.1",12755,"+",0,1,"CG","CGA"
"36413560","OR482510.1",12756,"-",0,0,"CG","CGT"
"36413561","OR482510.1",12822,"+",0,1,"CG","CGA"
"36413562","OR482510.1",12823,"-",0,0,"CG","CGT"
"36413563","OR482510.1",12825,"+",0,1,"CG","CGC"
"36413564","OR482510.1",12826,"-",0,0,"CG","CGT"
"36413565","OR482510.1",12874,"+",0,0,"CG","CGT"
"36413566","OR482510.1",12875,"-",0,0,"CG","CGA"
"36413567","OR482510.1",12901,"+",0,0,"CG","CGG"
"36413568","OR482510.1",12902,"-",0,0,"CG","CGA"
"36413569","OR482510.1",13024,"+",0,0,"CG","CGA"
"36413570","OR482510.1",13025,"-",0,0,"CG","CGT"
"36413571","OR482510.1",13027,"+",0,0,"CG","CGA"
"36413572","OR482510.1",13028,"-",0,0,"CG","CGT"
"36413573","OR482510.1",13040,"+",0,0,"CG","CGG"
"36413574","OR482510.1",13041,"-",0,0,"CG","CGG"
"36413575","OR482510.1",13077,"+",0,0,"CG","CGT"
"36413576","OR482510.1",13078,"-",0,0,"CG","CGT"
"36413577","OR482510.1",13186,"+",0,0,"CG","CGC"
"36413578","OR482510.1",13187,"-",0,0,"CG","CGT"
"36413579","OR482510.1",13244,"+",0,0,"CG","CGC"
"36413580","OR482510.1",13245,"-",0,0,"CG","CGG"
"36413581","OR482510.1",13246,"+",0,0,"CG","CGT"
"36413582","OR482510.1",13247,"-",0,0,"CG","CGC"
"36413583","OR482510.1",13277,"+",0,0,"CG","CGA"
"36413584","OR482510.1",13278,"-",0,0,"CG","CGT"
"36413585","OR482510.1",13285,"+",0,0,"CG","CGC"
"36413586","OR482510.1",13286,"-",0,0,"CG","CGT"
"36413587","OR482510.1",13317,"+",0,0,"CG","CGG"
"36413588","OR482510.1",13318,"-",0,0,"CG","CGC"
"36413589","OR482510.1",13337,"+",0,0,"CG","CGA"
"36413590","OR482510.1",13338,"-",0,0,"CG","CGC"
"36413591","OR482510.1",13360,"+",0,0,"CG","CGC"
"36413592","OR482510.1",13361,"-",0,0,"CG","CGA"
"36413593","OR482510.1",13422,"+",0,0,"CG","CGT"
"36413594","OR482510.1",13423,"-",0,0,"CG","CGG"
"36413595","OR482510.1",13477,"+",0,0,"CG","CGA"
"36413596","OR482510.1",13478,"-",0,1,"CG","CGA"
"36413597","OR482510.1",13577,"+",0,0,"CG","CGA"
"36413598","OR482510.1",13578,"-",0,1,"CG","CGG"
"36413599","OR482510.1",13657,"+",0,0,"CG","CGG"
"36413600","OR482510.1",13658,"-",0,1,"CG","CGA"
"36413601","OR482510.1",13787,"+",0,0,"CG","CGT"
"36413602","OR482510.1",13788,"-",0,5,"CG","CGG"
"36413603","OR482510.1",13799,"+",0,0,"CG","CGA"
"36413604","OR482510.1",13800,"-",0,5,"CG","CGG"
"36413605","OR482510.1",13811,"+",0,0,"CG","CGA"
"36413606","OR482510.1",13812,"-",0,5,"CG","CGG"
"36413607","OR482510.1",13823,"+",0,0,"CG","CGA"
"36413608","OR482510.1",13824,"-",0,4,"CG","CGA"
"36413609","OR482510.1",13867,"+",0,0,"CG","CGC"
"36413610","OR482510.1",13868,"-",0,3,"CG","CGT"
"36413611","OR482510.1",13909,"+",0,0,"CG","CGC"
"36413612","OR482510.1",13910,"-",0,2,"CG","CGC"
"36413613","OR482510.1",13931,"+",0,0,"CG","CGC"
"36413614","OR482510.1",13932,"-",0,0,"CG","CGA"
"36413615","OR482510.1",13959,"+",0,0,"CG","CGG"
"36413616","OR482510.1",13960,"-",0,0,"CG","CGA"
"36413617","OR482510.1",13963,"+",0,0,"CG","CGG"
"36413618","OR482510.1",13964,"-",0,0,"CG","CGG"
"36413619","OR482510.1",14043,"+",0,0,"CG","CGC"
"36413620","OR482510.1",14044,"-",0,0,"CG","CGA"
"36413621","OR482510.1",14074,"+",0,0,"CG","CGG"
"36413622","OR482510.1",14075,"-",0,0,"CG","CGG"
"36413623","OR482510.1",14088,"+",0,0,"CG","CGG"
"36413624","OR482510.1",14089,"-",0,0,"CG","CGC"
"36413625","OR482510.1",14095,"+",0,0,"CG","CGC"
"36413626","OR482510.1",14096,"-",0,0,"CG","CGC"
"36413627","OR482510.1",14098,"+",0,0,"CG","CGC"
"36413628","OR482510.1",14099,"-",0,0,"CG","CGG"
"36413629","OR482510.1",14101,"+",0,0,"CG","CGA"
"36413630","OR482510.1",14102,"-",0,0,"CG","CGG"
"36413631","OR482510.1",14107,"+",0,0,"CG","CGC"
"36413632","OR482510.1",14108,"-",0,0,"CG","CGT"
"36413633","OR482510.1",14155,"+",0,0,"CG","CGA"
"36413634","OR482510.1",14156,"-",0,0,"CG","CGC"
"36413635","OR482510.1",14203,"+",0,0,"CG","CGC"
"36413636","OR482510.1",14204,"-",0,0,"CG","CGG"
"36413637","OR482510.1",14357,"+",0,0,"CG","CGT"
"36413638","OR482510.1",14358,"-",0,0,"CG","CGG"
"36413639","OR482510.1",14398,"+",0,0,"CG","CGA"
"36413640","OR482510.1",14399,"-",0,0,"CG","CGT"
"36413641","OR482510.1",14424,"+",0,0,"CG","CGC"
"36413642","OR482510.1",14425,"-",0,0,"CG","CGA"
"36413643","OR482510.1",14451,"+",0,0,"CG","CGC"
"36413644","OR482510.1",14452,"-",0,0,"CG","CGG"
"36413645","OR482510.1",14484,"+",0,0,"CG","CGG"
"36413646","OR482510.1",14485,"-",0,0,"CG","CGA"
"36413647","OR482510.1",14567,"+",0,0,"CG","CGG"
"36413648","OR482510.1",14568,"-",0,0,"CG","CGT"
"36413649","OR482510.1",14580,"+",0,0,"CG","CGT"
"36413650","OR482510.1",14581,"-",0,0,"CG","CGG"
"36413651","OR482510.1",14596,"+",0,0,"CG","CGA"
"36413652","OR482510.1",14597,"-",0,0,"CG","CGG"
"36413653","OR482510.1",14601,"+",0,0,"CG","CGT"
"36413654","OR482510.1",14602,"-",0,0,"CG","CGT"
"36413655","OR482510.1",14610,"+",0,0,"CG","CGG"
"36413656","OR482510.1",14611,"-",0,0,"CG","CGT"
"36413657","OR482510.1",14623,"+",0,0,"CG","CGA"
"36413658","OR482510.1",14624,"-",0,0,"CG","CGG"
"36413659","OR482510.1",14634,"+",0,0,"CG","CGC"
"36413660","OR482510.1",14635,"-",0,0,"CG","CGT"
"36413661","OR482510.1",14640,"+",0,0,"CG","CGG"
"36413662","OR482510.1",14641,"-",0,0,"CG","CGT"
"36413663","OR482510.1",14683,"+",0,0,"CG","CGC"
"36413664","OR482510.1",14684,"-",0,0,"CG","CGG"
"36413665","OR482510.1",14685,"+",0,0,"CG","CGG"
"36413666","OR482510.1",14686,"-",0,0,"CG","CGC"
"36413667","OR482510.1",14697,"+",0,0,"CG","CGG"
"36413668","OR482510.1",14698,"-",0,0,"CG","CGT"
"36413669","OR482510.1",14730,"+",0,0,"CG","CGG"
"36413670","OR482510.1",14731,"-",0,0,"CG","CGA"
"36413671","OR482510.1",14769,"+",0,0,"CG","CGT"
"36413672","OR482510.1",14770,"-",0,0,"CG","CGA"
"36413673","OR482510.1",14772,"+",0,0,"CG","CGG"
"36413674","OR482510.1",14773,"-",0,0,"CG","CGA"
"36413675","OR482510.1",14817,"+",0,0,"CG","CGT"
"36413676","OR482510.1",14818,"-",0,0,"CG","CGG"
"36413677","OR482510.1",14850,"+",0,0,"CG","CGT"
"36413678","OR482510.1",14851,"-",0,0,"CG","CGT"
"36413679","OR482510.1",14859,"+",0,0,"CG","CGC"
"36413680","OR482510.1",14860,"-",0,0,"CG","CGT"
"36413681","OR482510.1",14914,"+",0,0,"CG","CGA"
"36413682","OR482510.1",14915,"-",0,0,"CG","CGG"
"36413683","OR482510.1",14958,"+",0,0,"CG","CGC"
"36413684","OR482510.1",14959,"-",0,0,"CG","CGC"
"36413685","OR482510.1",15012,"+",0,0,"CG","CGG"
"36413686","OR482510.1",15013,"-",0,0,"CG","CGA"
"36413687","OR482510.1",15029,"+",0,0,"CG","CGG"
"36413688","OR482510.1",15030,"-",0,0,"CG","CGC"
"36413689","OR482510.1",15081,"+",0,0,"CG","CGC"
"36413690","OR482510.1",15082,"-",0,0,"CG","CGA"
"36413691","OR482510.1",15159,"+",0,0,"CG","CGC"
"36413692","OR482510.1",15160,"-",0,0,"CG","CGG"
"36413693","OR482510.1",15213,"+",0,0,"CG","CGC"
"36413694","OR482510.1",15214,"-",0,0,"CG","CGA"
"36413695","OR482510.1",15229,"+",0,0,"CG","CGA"
"36413696","OR482510.1",15230,"-",0,0,"CG","CGT"
"36413697","OR482510.1",15275,"+",0,0,"CG","CGA"
"36413698","OR482510.1",15276,"-",0,0,"CG","CGA"
"36413699","OR482510.1",15294,"+",0,0,"CG","CGT"
"36413700","OR482510.1",15295,"-",0,0,"CG","CGA"
"36413701","OR482510.1",15311,"+",0,0,"CG","CGT"
"36413702","OR482510.1",15312,"-",0,0,"CG","CGT"
"36413703","OR482510.1",15322,"+",0,0,"CG","CGA"
"36413704","OR482510.1",15323,"-",0,0,"CG","CGT"
"36413705","OR482510.1",15337,"+",0,0,"CG","CGA"
"36413706","OR482510.1",15338,"-",0,0,"CG","CGG"
"36413707","OR482510.1",15372,"+",0,0,"CG","CGC"
"36413708","OR482510.1",15373,"-",0,0,"CG","CGA"
"36413709","OR482510.1",15378,"+",0,0,"CG","CGT"
"36413710","OR482510.1",15379,"-",0,0,"CG","CGT"
"36413711","OR482510.1",15399,"+",0,1,"CG","CGG"
"36413712","OR482510.1",15400,"-",0,0,"CG","CGA"
"36413713","OR482510.1",15422,"+",0,1,"CG","CGT"
"36413714","OR482510.1",15423,"-",0,0,"CG","CGG"
"36413715","OR482510.1",15426,"+",0,1,"CG","CGT"
"36413716","OR482510.1",15427,"-",0,0,"CG","CGA"
"36413717","OR482510.1",15444,"+",0,1,"CG","CGC"
"36413718","OR482510.1",15445,"-",0,0,"CG","CGA"
"36413719","OR482510.1",15542,"+",0,0,"CG","CGT"
"36413720","OR482510.1",15543,"-",0,0,"CG","CGC"
"36413721","OR482510.1",15573,"+",0,0,"CG","CGG"
"36413722","OR482510.1",15574,"-",0,0,"CG","CGA"
"36413723","OR482510.1",15804,"+",0,10,"CG","CGA"
"36413724","OR482510.1",15805,"-",0,0,"CG","CGT"
"36413725","OR482510.1",15857,"+",0,12,"CG","CGA"
"36413726","OR482510.1",15858,"-",0,0,"CG","CGG"
"36413727","OR482510.1",15861,"+",6,6,"CG","CGA"
"36413728","OR482510.1",15862,"-",0,0,"CG","CGC"
"36413729","OR482510.1",15952,"+",0,4,"CG","CGA"
"36413730","OR482510.1",15953,"-",0,0,"CG","CGG"
"36413731","OR482510.1",15981,"+",0,2,"CG","CGG"
"36413732","OR482510.1",15982,"-",0,0,"CG","CGT"
"36413733","OR482510.1",16127,"+",0,1,"CG","CGG"
"36413734","OR482510.1",16128,"-",0,0,"CG","CGC"
"36413735","OR482510.1",16133,"+",0,1,"CG","CGG"
"36413736","OR482510.1",16134,"-",0,0,"CG","CGC"
"36413737","OR482510.1",16145,"+",0,1,"CG","CGA"
"36413738","OR482510.1",16146,"-",0,0,"CG","CGG"
"36413739","OR482510.1",16149,"+",0,1,"CG","CGT"
"36413740","OR482510.1",16150,"-",0,0,"CG","CGC"
"36413741","OR482510.1",16161,"+",0,1,"CG","CGG"
"36413742","OR482510.1",16162,"-",0,0,"CG","CGA"
"36413743","OR482510.1",16338,"+",0,0,"CG","CGG"
"36413744","OR482510.1",16339,"-",0,0,"CG","CGA"
"36413745","OR482510.1",16374,"+",0,0,"CG","CGC"
"36413746","OR482510.1",16375,"-",0,0,"CG","CGA"
"36413747","OR482510.1",16376,"+",0,0,"CG","CGT"
"36413748","OR482510.1",16377,"-",0,0,"CG","CGC"
"36413749","OR482510.1",16417,"+",0,0,"CG","CGC"
"36413750","OR482510.1",16418,"-",0,0,"CG","CGT"
"36413751","OR482510.1",16434,"+",0,0,"CG","CGG"
"36413752","OR482510.1",16435,"-",0,0,"CG","CGG"
"36413753","OR482510.1",16451,"+",0,0,"CG","CGA"
"36413754","OR482510.1",16452,"-",0,0,"CG","CGA"
"36413755","OR482510.1",16456,"+",0,0,"CG","CGT"
"36413756","OR482510.1",16457,"-",0,0,"CG","CGA"
"36413757","OR482510.1",16542,"+",0,0,"CG","CGA"
"36413758","OR482510.1",16543,"-",0,0,"CG","CGC"
"36413759","OR482510.1",16729,"+",0,0,"CG","CGG"
"36413760","OR482510.1",16730,"-",0,0,"CG","CGG"
"36413761","OR482510.1",16820,"+",0,0,"CG","CGA"
"36413762","OR482510.1",16821,"-",0,0,"CG","CGC"
"36413763","OR482510.1",17007,"+",0,0,"CG","CGG"
"36413764","OR482510.1",17008,"-",0,0,"CG","CGG"
"36413765","OR482510.1",17098,"+",0,0,"CG","CGA"
"36413766","OR482510.1",17099,"-",0,0,"CG","CGC"
"36413767","OR482510.1",17285,"+",0,0,"CG","CGG"
"36413768","OR482510.1",17286,"-",0,0,"CG","CGG"
"36413769","OR482510.1",17376,"+",0,0,"CG","CGA"
"36413770","OR482510.1",17377,"-",0,0,"CG","CGC"
"36413771","OR482510.1",17563,"+",0,0,"CG","CGG"
"36413772","OR482510.1",17564,"-",0,0,"CG","CGG"
"36413773","phage_lambda",4,"+",0,0,"CG","CGG"
"36413774","phage_lambda",5,"-",0,0,"CG","CGC"
"36413775","phage_lambda",7,"+",0,0,"CG","CGA"
"36413776","phage_lambda",8,"-",0,0,"CG","CGC"
"36413777","phage_lambda",13,"+",0,0,"CG","CGC"
"36413778","phage_lambda",14,"-",0,0,"CG","CGA"
"36413779","phage_lambda",15,"+",0,0,"CG","CGG"
"36413780","phage_lambda",16,"-",0,0,"CG","CGC"
"36413781","phage_lambda",23,"+",0,0,"CG","CGC"
"36413782","phage_lambda",24,"-",0,0,"CG","CGA"
"36413783","phage_lambda",43,"+",0,0,"CG","CGG"
"36413784","phage_lambda",44,"-",0,0,"CG","CGG"
"36413785","phage_lambda",53,"+",0,0,"CG","CGT"
"36413786","phage_lambda",54,"-",0,0,"CG","CGC"
"36413787","phage_lambda",59,"+",0,0,"CG","CGT"
"36413788","phage_lambda",60,"-",0,0,"CG","CGG"
"36413789","phage_lambda",69,"+",0,0,"CG","CGT"
"36413790","phage_lambda",70,"-",0,0,"CG","CGA"
"36413791","phage_lambda",119,"+",0,0,"CG","CGA"
"36413792","phage_lambda",120,"-",0,0,"CG","CGT"
"36413793","phage_lambda",135,"+",0,1,"CG","CGA"
"36413794","phage_lambda",136,"-",0,0,"CG","CGC"
"36413795","phage_lambda",155,"+",0,1,"CG","CGT"
"36413796","phage_lambda",156,"-",1,0,"CG","CGA"
"36413797","phage_lambda",178,"+",0,1,"CG","CGT"
"36413798","phage_lambda",179,"-",0,1,"CG","CGG"
"36413799","phage_lambda",226,"+",0,1,"CG","CGG"
"36413800","phage_lambda",227,"-",0,1,"CG","CGA"
"36413801","phage_lambda",231,"+",0,1,"CG","CGA"
"36413802","phage_lambda",232,"-",0,1,"CG","CGC"
"36413803","phage_lambda",239,"+",0,1,"CG","CGT"
"36413804","phage_lambda",240,"-",0,1,"CG","CGG"
"36413805","phage_lambda",274,"+",0,2,"CG","CGT"
"36413806","phage_lambda",275,"-",0,1,"CG","CGG"
"36413807","phage_lambda",281,"+",0,2,"CG","CGA"
"36413808","phage_lambda",282,"-",0,1,"CG","CGC"
"36413809","phage_lambda",286,"+",0,2,"CG","CGG"
"36413810","phage_lambda",287,"-",0,1,"CG","CGC"
"36413811","phage_lambda",322,"+",0,2,"CG","CGC"
"36413812","phage_lambda",323,"-",0,1,"CG","CGG"
"36413813","phage_lambda",325,"+",0,2,"CG","CGT"
"36413814","phage_lambda",326,"-",0,1,"CG","CGG"
"36413815","phage_lambda",343,"+",0,2,"CG","CGA"
"36413816","phage_lambda",344,"-",0,1,"CG","CGG"
"36413817","phage_lambda",367,"+",0,2,"CG","CGA"
"36413818","phage_lambda",368,"-",0,0,"CG","CGT"
"36413819","phage_lambda",377,"+",0,1,"CG","CGC"
"36413820","phage_lambda",378,"-",0,1,"CG","CGC"
"36413821","phage_lambda",380,"+",0,1,"CG","CGG"
"36413822","phage_lambda",381,"-",0,1,"CG","CGG"
"36413823","phage_lambda",398,"+",0,1,"CG","CGG"
"36413824","phage_lambda",399,"-",0,1,"CG","CGC"
"36413825","phage_lambda",409,"+",0,0,"CG","CGA"
"36413826","phage_lambda",410,"-",0,1,"CG","CGC"
"36413827","phage_lambda",442,"+",0,1,"CG","CGA"
"36413828","phage_lambda",443,"-",0,1,"CG","CGT"
"36413829","phage_lambda",446,"+",0,1,"CG","CGC"
"36413830","phage_lambda",447,"-",0,1,"CG","CGT"
"36413831","phage_lambda",452,"+",0,1,"CG","CGA"
"36413832","phage_lambda",453,"-",0,1,"CG","CGA"
"36413833","phage_lambda",459,"+",0,1,"CG","CGC"
"36413834","phage_lambda",460,"-",0,1,"CG","CGT"
"36413835","phage_lambda",461,"+",0,1,"CG","CGT"
"36413836","phage_lambda",462,"-",0,1,"CG","CGC"
"36413837","phage_lambda",465,"+",0,1,"CG","CGC"
"36413838","phage_lambda",466,"-",0,1,"CG","CGC"
"36413839","phage_lambda",472,"+",0,1,"CG","CGA"
"36413840","phage_lambda",473,"-",0,1,"CG","CGG"
"36413841","phage_lambda",475,"+",0,1,"CG","CGC"
"36413842","phage_lambda",476,"-",0,1,"CG","CGT"
"36413843","phage_lambda",505,"+",0,1,"CG","CGC"
"36413844","phage_lambda",506,"-",0,1,"CG","CGG"
"36413845","phage_lambda",523,"+",0,1,"CG","CGC"
"36413846","phage_lambda",524,"-",0,1,"CG","CGG"
"36413847","phage_lambda",538,"+",0,2,"CG","CGT"
"36413848","phage_lambda",539,"-",0,0,"CG","CGA"
"36413849","phage_lambda",546,"+",0,2,"CG","CGC"
"36413850","phage_lambda",547,"-",0,0,"CG","CGA"
"36413851","phage_lambda",548,"+",0,2,"CG","CGG"
"36413852","phage_lambda",549,"-",0,0,"CG","CGC"
"36413853","phage_lambda",553,"+",0,2,"CG","CGC"
"36413854","phage_lambda",554,"-",0,0,"CG","CGA"
"36413855","phage_lambda",577,"+",0,2,"CG","CGA"
"36413856","phage_lambda",578,"-",0,0,"CG","CGA"
"36413857","phage_lambda",580,"+",0,2,"CG","CGG"
"36413858","phage_lambda",581,"-",0,0,"CG","CGT"
"36413859","phage_lambda",594,"+",0,1,"CG","CGG"
"36413860","phage_lambda",595,"-",0,0,"CG","CGA"
"36413861","phage_lambda",602,"+",0,1,"CG","CGG"
"36413862","phage_lambda",603,"-",0,0,"CG","CGC"
"36413863","phage_lambda",605,"+",0,1,"CG","CGT"
"36413864","phage_lambda",606,"-",0,0,"CG","CGC"
"36413865","phage_lambda",612,"+",0,1,"CG","CGG"
"36413866","phage_lambda",613,"-",0,0,"CG","CGG"
"36413867","phage_lambda",626,"+",0,1,"CG","CGA"
"36413868","phage_lambda",627,"-",0,0,"CG","CGG"
"36413869","phage_lambda",647,"+",0,1,"CG","CGG"
"36413870","phage_lambda",648,"-",0,0,"CG","CGT"
"36413871","phage_lambda",679,"+",0,0,"CG","CGC"
"36413872","phage_lambda",680,"-",0,1,"CG","CGG"
"36413873","phage_lambda",681,"+",0,0,"CG","CGC"
"36413874","phage_lambda",682,"-",0,1,"CG","CGC"
"36413875","phage_lambda",699,"+",0,0,"CG","CGG"
"36413876","phage_lambda",700,"-",0,1,"CG","CGG"
"36413877","phage_lambda",721,"+",0,0,"CG","CGA"
"36413878","phage_lambda",722,"-",0,1,"CG","CGA"
"36413879","phage_lambda",744,"+",0,0,"CG","CGG"
"36413880","phage_lambda",745,"-",0,1,"CG","CGC"
"36413881","phage_lambda",756,"+",0,1,"CG","CGC"
"36413882","phage_lambda",757,"-",0,1,"CG","CGG"
"36413883","phage_lambda",758,"+",0,1,"CG","CGC"
"36413884","phage_lambda",759,"-",0,1,"CG","CGC"
"36413885","phage_lambda",761,"+",0,1,"CG","CGG"
"36413886","phage_lambda",762,"-",0,1,"CG","CGG"
"36413887","phage_lambda",768,"+",0,1,"CG","CGC"
"36413888","phage_lambda",769,"-",0,1,"CG","CGA"
"36413889","phage_lambda",784,"+",0,2,"CG","CGG"
"36413890","phage_lambda",785,"-",0,1,"CG","CGG"
"36413891","phage_lambda",797,"+",0,2,"CG","CGC"
"36413892","phage_lambda",798,"-",0,1,"CG","CGG"
"36413893","phage_lambda",800,"+",0,2,"CG","CGT"
"36413894","phage_lambda",801,"-",0,1,"CG","CGG"
"36413895","phage_lambda",811,"+",0,2,"CG","CGG"
"36413896","phage_lambda",812,"-",0,1,"CG","CGC"
"36413897","phage_lambda",832,"+",0,2,"CG","CGA"
"36413898","phage_lambda",833,"-",0,0,"CG","CGG"
"36413899","phage_lambda",842,"+",0,2,"CG","CGC"
"36413900","phage_lambda",843,"-",0,0,"CG","CGG"
"36413901","phage_lambda",858,"+",0,2,"CG","CGC"
"36413902","phage_lambda",859,"-",0,0,"CG","CGC"
"36413903","phage_lambda",882,"+",0,2,"CG","CGG"
"36413904","phage_lambda",883,"-",0,0,"CG","CGC"
"36413905","phage_lambda",898,"+",0,1,"CG","CGA"
"36413906","phage_lambda",899,"-",0,0,"CG","CGC"
"36413907","phage_lambda",908,"+",0,1,"CG","CGA"
"36413908","phage_lambda",909,"-",0,0,"CG","CGC"
"36413909","phage_lambda",918,"+",0,1,"CG","CGT"
"36413910","phage_lambda",919,"-",0,0,"CG","CGG"
"36413911","phage_lambda",945,"+",0,1,"CG","CGT"
"36413912","phage_lambda",946,"-",0,0,"CG","CGG"
"36413913","phage_lambda",950,"+",0,1,"CG","CGG"
"36413914","phage_lambda",951,"-",0,0,"CG","CGA"
"36413915","phage_lambda",1005,"+",0,0,"CG","CGC"
"36413916","phage_lambda",1006,"-",0,0,"CG","CGC"
"36413917","phage_lambda",1027,"+",0,0,"CG","CGA"
"36413918","phage_lambda",1028,"-",0,0,"CG","CGG"
"36413919","phage_lambda",1030,"+",0,0,"CG","CGG"
"36413920","phage_lambda",1031,"-",0,0,"CG","CGT"
"36413921","phage_lambda",1043,"+",0,0,"CG","CGA"
"36413922","phage_lambda",1044,"-",0,0,"CG","CGG"
"36413923","phage_lambda",1064,"+",0,0,"CG","CGT"
"36413924","phage_lambda",1065,"-",0,0,"CG","CGT"
"36413925","phage_lambda",1072,"+",0,0,"CG","CGA"
"36413926","phage_lambda",1073,"-",0,0,"CG","CGG"
"36413927","phage_lambda",1080,"+",0,0,"CG","CGT"
"36413928","phage_lambda",1081,"-",0,0,"CG","CGA"
"36413929","phage_lambda",1090,"+",0,0,"CG","CGT"
"36413930","phage_lambda",1091,"-",0,0,"CG","CGG"
"36413931","phage_lambda",1093,"+",0,0,"CG","CGC"
"36413932","phage_lambda",1094,"-",0,0,"CG","CGA"
"36413933","phage_lambda",1102,"+",0,0,"CG","CGC"
"36413934","phage_lambda",1103,"-",0,0,"CG","CGC"
"36413935","phage_lambda",1111,"+",0,0,"CG","CGT"
"36413936","phage_lambda",1112,"-",0,0,"CG","CGG"
"36413937","phage_lambda",1131,"+",0,0,"CG","CGG"
"36413938","phage_lambda",1132,"-",0,0,"CG","CGG"
"36413939","phage_lambda",1141,"+",0,0,"CG","CGC"
"36413940","phage_lambda",1142,"-",0,0,"CG","CGT"
"36413941","phage_lambda",1155,"+",0,0,"CG","CGT"
"36413942","phage_lambda",1156,"-",0,0,"CG","CGC"
"36413943","phage_lambda",1170,"+",0,0,"CG","CGT"
"36413944","phage_lambda",1171,"-",0,0,"CG","CGC"
"36413945","phage_lambda",1190,"+",0,0,"CG","CGG"
"36413946","phage_lambda",1191,"-",0,0,"CG","CGC"
"36413947","phage_lambda",1198,"+",0,0,"CG","CGG"
"36413948","phage_lambda",1199,"-",0,0,"CG","CGC"
"36413949","phage_lambda",1212,"+",0,0,"CG","CGT"
"36413950","phage_lambda",1213,"-",0,0,"CG","CGG"
"36413951","phage_lambda",1222,"+",0,0,"CG","CGG"
"36413952","phage_lambda",1223,"-",0,0,"CG","CGA"
"36413953","phage_lambda",1234,"+",0,0,"CG","CGG"
"36413954","phage_lambda",1235,"-",0,0,"CG","CGC"
"36413955","phage_lambda",1288,"+",0,0,"CG","CGA"
"36413956","phage_lambda",1289,"-",0,0,"CG","CGG"
"36413957","phage_lambda",1291,"+",0,0,"CG","CGT"
"36413958","phage_lambda",1292,"-",0,0,"CG","CGT"
"36413959","phage_lambda",1308,"+",0,0,"CG","CGT"
"36413960","phage_lambda",1309,"-",0,0,"CG","CGC"
"36413961","phage_lambda",1321,"+",0,0,"CG","CGG"
"36413962","phage_lambda",1322,"-",0,0,"CG","CGA"
"36413963","phage_lambda",1341,"+",0,0,"CG","CGT"
"36413964","phage_lambda",1342,"-",0,0,"CG","CGG"
"36413965","phage_lambda",1351,"+",0,0,"CG","CGC"
"36413966","phage_lambda",1352,"-",0,0,"CG","CGT"
"36413967","phage_lambda",1383,"+",0,0,"CG","CGT"
"36413968","phage_lambda",1384,"-",0,0,"CG","CGC"
"36413969","phage_lambda",1402,"+",0,0,"CG","CGC"
"36413970","phage_lambda",1403,"-",0,0,"CG","CGG"
"36413971","phage_lambda",1413,"+",0,0,"CG","CGT"
"36413972","phage_lambda",1414,"-",0,0,"CG","CGC"
"36413973","phage_lambda",1432,"+",0,0,"CG","CGC"
"36413974","phage_lambda",1433,"-",0,0,"CG","CGG"
"36413975","phage_lambda",1439,"+",0,0,"CG","CGG"
"36413976","phage_lambda",1440,"-",0,0,"CG","CGC"
"36413977","phage_lambda",1466,"+",0,0,"CG","CGA"
"36413978","phage_lambda",1467,"-",0,0,"CG","CGC"
"36413979","phage_lambda",1477,"+",0,0,"CG","CGC"
"36413980","phage_lambda",1478,"-",0,0,"CG","CGT"
"36413981","phage_lambda",1480,"+",0,0,"CG","CGT"
"36413982","phage_lambda",1481,"-",0,0,"CG","CGG"
"36413983","phage_lambda",1498,"+",0,0,"CG","CGC"
"36413984","phage_lambda",1499,"-",0,0,"CG","CGT"
"36413985","phage_lambda",1501,"+",0,0,"CG","CGG"
"36413986","phage_lambda",1502,"-",0,0,"CG","CGG"
"36413987","phage_lambda",1517,"+",0,0,"CG","CGT"
"36413988","phage_lambda",1518,"-",0,0,"CG","CGC"
"36413989","phage_lambda",1532,"+",0,0,"CG","CGA"
"36413990","phage_lambda",1533,"-",0,0,"CG","CGC"
"36413991","phage_lambda",1547,"+",0,0,"CG","CGT"
"36413992","phage_lambda",1548,"-",0,0,"CG","CGC"
"36413993","phage_lambda",1554,"+",0,0,"CG","CGC"
"36413994","phage_lambda",1555,"-",0,0,"CG","CGG"
"36413995","phage_lambda",1584,"+",0,0,"CG","CGT"
"36413996","phage_lambda",1585,"-",0,0,"CG","CGG"
"36413997","phage_lambda",1595,"+",0,0,"CG","CGA"
"36413998","phage_lambda",1596,"-",0,0,"CG","CGC"
"36413999","phage_lambda",1604,"+",0,0,"CG","CGG"
"36414000","phage_lambda",1605,"-",0,0,"CG","CGG"
"36414001","phage_lambda",1617,"+",0,0,"CG","CGT"
"36414002","phage_lambda",1618,"-",0,0,"CG","CGG"
"36414003","phage_lambda",1639,"+",0,0,"CG","CGT"
"36414004","phage_lambda",1640,"-",0,0,"CG","CGA"
"36414005","phage_lambda",1646,"+",0,0,"CG","CGG"
"36414006","phage_lambda",1647,"-",0,0,"CG","CGG"
"36414007","phage_lambda",1696,"+",0,0,"CG","CGT"
"36414008","phage_lambda",1697,"-",0,1,"CG","CGC"
"36414009","phage_lambda",1705,"+",0,0,"CG","CGT"
"36414010","phage_lambda",1706,"-",0,1,"CG","CGG"
"36414011","phage_lambda",1747,"+",0,0,"CG","CGA"
"36414012","phage_lambda",1748,"-",0,1,"CG","CGT"
"36414013","phage_lambda",1759,"+",0,0,"CG","CGG"
"36414014","phage_lambda",1760,"-",0,1,"CG","CGT"
"36414015","phage_lambda",1767,"+",0,0,"CG","CGT"
"36414016","phage_lambda",1768,"-",0,1,"CG","CGT"
"36414017","phage_lambda",1778,"+",0,0,"CG","CGT"
"36414018","phage_lambda",1779,"-",0,1,"CG","CGA"
"36414019","phage_lambda",1789,"+",0,0,"CG","CGC"
"36414020","phage_lambda",1790,"-",0,1,"CG","CGT"
"36414021","phage_lambda",1793,"+",0,0,"CG","CGG"
"36414022","phage_lambda",1794,"-",0,1,"CG","CGA"
"36414023","phage_lambda",1801,"+",0,0,"CG","CGT"
"36414024","phage_lambda",1802,"-",0,1,"CG","CGT"
"36414025","phage_lambda",1810,"+",0,0,"CG","CGA"
"36414026","phage_lambda",1811,"-",0,1,"CG","CGC"
"36414027","phage_lambda",1820,"+",0,0,"CG","CGA"
"36414028","phage_lambda",1821,"-",0,1,"CG","CGC"
"36414029","phage_lambda",1824,"+",0,0,"CG","CGT"
"36414030","phage_lambda",1825,"-",0,1,"CG","CGT"
"36414031","phage_lambda",1828,"+",0,0,"CG","CGG"
"36414032","phage_lambda",1829,"-",0,1,"CG","CGG"
"36414033","phage_lambda",1851,"+",0,0,"CG","CGG"
"36414034","phage_lambda",1852,"-",0,0,"CG","CGC"
"36414035","phage_lambda",1870,"+",0,0,"CG","CGC"
"36414036","phage_lambda",1871,"-",0,0,"CG","CGC"
"36414037","phage_lambda",1874,"+",0,0,"CG","CGT"
"36414038","phage_lambda",1875,"-",0,0,"CG","CGG"
"36414039","phage_lambda",1884,"+",0,0,"CG","CGT"
"36414040","phage_lambda",1885,"-",0,0,"CG","CGG"
"36414041","phage_lambda",1901,"+",0,0,"CG","CGC"
"36414042","phage_lambda",1902,"-",0,0,"CG","CGG"
"36414043","phage_lambda",1904,"+",0,0,"CG","CGG"
"36414044","phage_lambda",1905,"-",0,0,"CG","CGG"
"36414045","phage_lambda",1910,"+",0,0,"CG","CGA"
"36414046","phage_lambda",1911,"-",0,0,"CG","CGA"
"36414047","phage_lambda",1926,"+",0,0,"CG","CGC"
"36414048","phage_lambda",1927,"-",0,0,"CG","CGG"
"36414049","phage_lambda",1931,"+",0,0,"CG","CGA"
"36414050","phage_lambda",1932,"-",0,0,"CG","CGT"
"36414051","phage_lambda",1938,"+",0,0,"CG","CGC"
"36414052","phage_lambda",1939,"-",0,0,"CG","CGC"
"36414053","phage_lambda",1940,"+",0,0,"CG","CGT"
"36414054","phage_lambda",1941,"-",0,0,"CG","CGC"
"36414055","phage_lambda",1957,"+",0,0,"CG","CGG"
"36414056","phage_lambda",1958,"-",0,0,"CG","CGG"
"36414057","phage_lambda",1983,"+",0,0,"CG","CGG"
"36414058","phage_lambda",1984,"-",0,0,"CG","CGG"
"36414059","phage_lambda",2001,"+",0,0,"CG","CGC"
"36414060","phage_lambda",2002,"-",0,0,"CG","CGG"
"36414061","phage_lambda",2006,"+",0,0,"CG","CGA"
"36414062","phage_lambda",2007,"-",0,0,"CG","CGT"
"36414063","phage_lambda",2009,"+",0,0,"CG","CGA"
"36414064","phage_lambda",2010,"-",0,0,"CG","CGT"
"36414065","phage_lambda",2020,"+",0,0,"CG","CGC"
"36414066","phage_lambda",2021,"-",0,0,"CG","CGT"
"36414067","phage_lambda",2028,"+",0,0,"CG","CGT"
"36414068","phage_lambda",2029,"-",0,0,"CG","CGC"
"36414069","phage_lambda",2061,"+",0,0,"CG","CGC"
"36414070","phage_lambda",2062,"-",0,0,"CG","CGG"
"36414071","phage_lambda",2064,"+",0,0,"CG","CGG"
"36414072","phage_lambda",2065,"-",0,0,"CG","CGG"
"36414073","phage_lambda",2083,"+",0,0,"CG","CGA"
"36414074","phage_lambda",2084,"-",0,0,"CG","CGA"
"36414075","phage_lambda",2091,"+",0,0,"CG","CGT"
"36414076","phage_lambda",2092,"-",0,0,"CG","CGG"
"36414077","phage_lambda",2111,"+",0,0,"CG","CGG"
"36414078","phage_lambda",2112,"-",0,0,"CG","CGC"
"36414079","phage_lambda",2122,"+",0,0,"CG","CGA"
"36414080","phage_lambda",2123,"-",0,0,"CG","CGG"
"36414081","phage_lambda",2139,"+",0,0,"CG","CGC"
"36414082","phage_lambda",2140,"-",0,0,"CG","CGT"
"36414083","phage_lambda",2143,"+",0,0,"CG","CGA"
"36414084","phage_lambda",2144,"-",0,0,"CG","CGA"
"36414085","phage_lambda",2163,"+",0,0,"CG","CGG"
"36414086","phage_lambda",2164,"-",0,0,"CG","CGG"
"36414087","phage_lambda",2189,"+",0,0,"CG","CGT"
"36414088","phage_lambda",2190,"-",0,0,"CG","CGG"
"36414089","phage_lambda",2195,"+",0,0,"CG","CGG"
"36414090","phage_lambda",2196,"-",0,0,"CG","CGT"
"36414091","phage_lambda",2203,"+",0,0,"CG","CGG"
"36414092","phage_lambda",2204,"-",0,0,"CG","CGG"
"36414093","phage_lambda",2220,"+",0,0,"CG","CGT"
"36414094","phage_lambda",2221,"-",0,0,"CG","CGT"
"36414095","phage_lambda",2226,"+",0,0,"CG","CGA"
"36414096","phage_lambda",2227,"-",0,0,"CG","CGC"
"36414097","phage_lambda",2237,"+",0,0,"CG","CGG"
"36414098","phage_lambda",2238,"-",0,0,"CG","CGT"
"36414099","phage_lambda",2252,"+",0,0,"CG","CGA"
"36414100","phage_lambda",2253,"-",0,0,"CG","CGG"
"36414101","phage_lambda",2258,"+",0,0,"CG","CGG"
"36414102","phage_lambda",2259,"-",0,0,"CG","CGA"
"36414103","phage_lambda",2263,"+",0,0,"CG","CGG"
"36414104","phage_lambda",2264,"-",0,0,"CG","CGT"
"36414105","phage_lambda",2270,"+",0,0,"CG","CGC"
"36414106","phage_lambda",2271,"-",0,0,"CG","CGG"
"36414107","phage_lambda",2272,"+",0,0,"CG","CGA"
"36414108","phage_lambda",2273,"-",0,0,"CG","CGC"
"36414109","phage_lambda",2292,"+",0,0,"CG","CGC"
"36414110","phage_lambda",2293,"-",0,0,"CG","CGG"
"36414111","phage_lambda",2305,"+",0,0,"CG","CGC"
"36414112","phage_lambda",2306,"-",0,0,"CG","CGT"
"36414113","phage_lambda",2308,"+",0,0,"CG","CGG"
"36414114","phage_lambda",2309,"-",0,0,"CG","CGG"
"36414115","phage_lambda",2323,"+",0,0,"CG","CGC"
"36414116","phage_lambda",2324,"-",0,0,"CG","CGG"
"36414117","phage_lambda",2330,"+",0,0,"CG","CGG"
"36414118","phage_lambda",2331,"-",0,0,"CG","CGG"
"36414119","phage_lambda",2336,"+",0,0,"CG","CGT"
"36414120","phage_lambda",2337,"-",0,0,"CG","CGG"
"36414121","phage_lambda",2347,"+",0,0,"CG","CGA"
"36414122","phage_lambda",2348,"-",0,0,"CG","CGG"
"36414123","phage_lambda",2356,"+",0,0,"CG","CGG"
"36414124","phage_lambda",2357,"-",0,0,"CG","CGG"
"36414125","phage_lambda",2375,"+",0,0,"CG","CGA"
"36414126","phage_lambda",2376,"-",0,0,"CG","CGG"
"36414127","phage_lambda",2380,"+",0,0,"CG","CGC"
"36414128","phage_lambda",2381,"-",0,0,"CG","CGC"
"36414129","phage_lambda",2408,"+",0,0,"CG","CGA"
"36414130","phage_lambda",2409,"-",0,0,"CG","CGA"
"36414131","phage_lambda",2457,"+",0,0,"CG","CGA"
"36414132","phage_lambda",2458,"-",0,0,"CG","CGC"
"36414133","phage_lambda",2460,"+",0,0,"CG","CGC"
"36414134","phage_lambda",2461,"-",0,0,"CG","CGT"
"36414135","phage_lambda",2474,"+",0,0,"CG","CGA"
"36414136","phage_lambda",2475,"-",0,0,"CG","CGA"
"36414137","phage_lambda",2483,"+",0,0,"CG","CGT"
"36414138","phage_lambda",2484,"-",0,0,"CG","CGA"
"36414139","phage_lambda",2491,"+",0,0,"CG","CGC"
"36414140","phage_lambda",2492,"-",0,0,"CG","CGC"
"36414141","phage_lambda",2497,"+",0,0,"CG","CGG"
"36414142","phage_lambda",2498,"-",0,0,"CG","CGC"
"36414143","phage_lambda",2500,"+",0,0,"CG","CGC"
"36414144","phage_lambda",2501,"-",0,0,"CG","CGC"
"36414145","phage_lambda",2505,"+",0,0,"CG","CGC"
"36414146","phage_lambda",2506,"-",0,0,"CG","CGC"
"36414147","phage_lambda",2520,"+",0,0,"CG","CGC"
"36414148","phage_lambda",2521,"-",0,0,"CG","CGG"
"36414149","phage_lambda",2542,"+",0,0,"CG","CGC"
"36414150","phage_lambda",2543,"-",0,0,"CG","CGC"
"36414151","phage_lambda",2551,"+",0,0,"CG","CGA"
"36414152","phage_lambda",2552,"-",0,0,"CG","CGC"
"36414153","phage_lambda",2606,"+",0,0,"CG","CGC"
"36414154","phage_lambda",2607,"-",0,0,"CG","CGT"
"36414155","phage_lambda",2610,"+",0,0,"CG","CGT"
"36414156","phage_lambda",2611,"-",0,0,"CG","CGG"
"36414157","phage_lambda",2621,"+",0,0,"CG","CGG"
"36414158","phage_lambda",2622,"-",0,0,"CG","CGG"
"36414159","phage_lambda",2637,"+",0,0,"CG","CGC"
"36414160","phage_lambda",2638,"-",0,0,"CG","CGT"
"36414161","phage_lambda",2639,"+",0,0,"CG","CGA"
"36414162","phage_lambda",2640,"-",0,0,"CG","CGC"
"36414163","phage_lambda",2656,"+",0,0,"CG","CGC"
"36414164","phage_lambda",2657,"-",0,0,"CG","CGG"
"36414165","phage_lambda",2663,"+",0,0,"CG","CGT"
"36414166","phage_lambda",2664,"-",0,0,"CG","CGG"
"36414167","phage_lambda",2667,"+",0,0,"CG","CGG"
"36414168","phage_lambda",2668,"-",0,0,"CG","CGC"
"36414169","phage_lambda",2696,"+",0,0,"CG","CGG"
"36414170","phage_lambda",2697,"-",0,0,"CG","CGT"
"36414171","phage_lambda",2719,"+",0,0,"CG","CGG"
"36414172","phage_lambda",2720,"-",0,0,"CG","CGT"
"36414173","phage_lambda",2723,"+",0,0,"CG","CGA"
"36414174","phage_lambda",2724,"-",0,0,"CG","CGT"
"36414175","phage_lambda",2739,"+",0,0,"CG","CGG"
"36414176","phage_lambda",2740,"-",0,0,"CG","CGT"
"36414177","phage_lambda",2749,"+",0,0,"CG","CGT"
"36414178","phage_lambda",2750,"-",0,0,"CG","CGG"
"36414179","phage_lambda",2794,"+",0,0,"CG","CGG"
"36414180","phage_lambda",2795,"-",0,0,"CG","CGG"
"36414181","phage_lambda",2807,"+",0,0,"CG","CGA"
"36414182","phage_lambda",2808,"-",0,0,"CG","CGC"
"36414183","phage_lambda",2810,"+",0,0,"CG","CGC"
"36414184","phage_lambda",2811,"-",0,0,"CG","CGT"
"36414185","phage_lambda",2843,"+",0,0,"CG","CGC"
"36414186","phage_lambda",2844,"-",0,0,"CG","CGT"
"36414187","phage_lambda",2870,"+",0,0,"CG","CGG"
"36414188","phage_lambda",2871,"-",0,0,"CG","CGG"
"36414189","phage_lambda",2874,"+",0,0,"CG","CGG"
"36414190","phage_lambda",2875,"-",0,0,"CG","CGT"
"36414191","phage_lambda",2885,"+",0,0,"CG","CGC"
"36414192","phage_lambda",2886,"-",0,0,"CG","CGA"
"36414193","phage_lambda",2890,"+",0,0,"CG","CGC"
"36414194","phage_lambda",2891,"-",0,0,"CG","CGC"
"36414195","phage_lambda",2892,"+",0,0,"CG","CGA"
"36414196","phage_lambda",2893,"-",0,0,"CG","CGC"
"36414197","phage_lambda",2901,"+",0,0,"CG","CGG"
"36414198","phage_lambda",2902,"-",0,0,"CG","CGG"
"36414199","phage_lambda",2910,"+",0,0,"CG","CGG"
"36414200","phage_lambda",2911,"-",0,0,"CG","CGT"
"36414201","phage_lambda",2913,"+",0,0,"CG","CGG"
"36414202","phage_lambda",2914,"-",0,0,"CG","CGC"
"36414203","phage_lambda",2922,"+",0,0,"CG","CGG"
"36414204","phage_lambda",2923,"-",0,0,"CG","CGC"
"36414205","phage_lambda",2941,"+",0,0,"CG","CGG"
"36414206","phage_lambda",2942,"-",0,1,"CG","CGC"
"36414207","phage_lambda",2945,"+",0,0,"CG","CGT"
"36414208","phage_lambda",2946,"-",0,1,"CG","CGA"
"36414209","phage_lambda",2957,"+",0,0,"CG","CGA"
"36414210","phage_lambda",2958,"-",0,1,"CG","CGG"
"36414211","phage_lambda",2998,"+",0,1,"CG","CGT"
"36414212","phage_lambda",2999,"-",0,1,"CG","CGG"
"36414213","phage_lambda",3010,"+",0,1,"CG","CGC"
"36414214","phage_lambda",3011,"-",0,1,"CG","CGG"
"36414215","phage_lambda",3012,"+",0,1,"CG","CGC"
"36414216","phage_lambda",3013,"-",0,1,"CG","CGC"
"36414217","phage_lambda",3018,"+",0,1,"CG","CGA"
"36414218","phage_lambda",3019,"-",0,1,"CG","CGT"
"36414219","phage_lambda",3028,"+",0,1,"CG","CGC"
"36414220","phage_lambda",3029,"-",0,1,"CG","CGT"
"36414221","phage_lambda",3036,"+",0,1,"CG","CGG"
"36414222","phage_lambda",3037,"-",0,1,"CG","CGT"
"36414223","phage_lambda",3045,"+",0,1,"CG","CGC"
"36414224","phage_lambda",3046,"-",0,1,"CG","CGG"
"36414225","phage_lambda",3051,"+",0,1,"CG","CGC"
"36414226","phage_lambda",3052,"-",0,1,"CG","CGT"
"36414227","phage_lambda",3078,"+",0,1,"CG","CGT"
"36414228","phage_lambda",3079,"-",0,1,"CG","CGA"
"36414229","phage_lambda",3081,"+",0,1,"CG","CGG"
"36414230","phage_lambda",3082,"-",0,1,"CG","CGA"
"36414231","phage_lambda",3094,"+",0,1,"CG","CGG"
"36414232","phage_lambda",3095,"-",0,1,"CG","CGG"
"36414233","phage_lambda",3106,"+",0,1,"CG","CGC"
"36414234","phage_lambda",3107,"-",0,1,"CG","CGA"
"36414235","phage_lambda",3118,"+",0,1,"CG","CGC"
"36414236","phage_lambda",3119,"-",0,1,"CG","CGC"
"36414237","phage_lambda",3132,"+",0,1,"CG","CGG"
"36414238","phage_lambda",3133,"-",0,1,"CG","CGA"
"36414239","phage_lambda",3148,"+",0,1,"CG","CGT"
"36414240","phage_lambda",3149,"-",0,0,"CG","CGG"
"36414241","phage_lambda",3160,"+",0,1,"CG","CGC"
"36414242","phage_lambda",3161,"-",0,0,"CG","CGG"
"36414243","phage_lambda",3162,"+",0,1,"CG","CGA"
"36414244","phage_lambda",3163,"-",0,0,"CG","CGC"
"36414245","phage_lambda",3173,"+",0,1,"CG","CGG"
"36414246","phage_lambda",3174,"-",0,0,"CG","CGC"
"36414247","phage_lambda",3192,"+",0,0,"CG","CGA"
"36414248","phage_lambda",3193,"-",0,0,"CG","CGG"
"36414249","phage_lambda",3216,"+",0,0,"CG","CGT"
"36414250","phage_lambda",3217,"-",0,0,"CG","CGT"
"36414251","phage_lambda",3223,"+",0,0,"CG","CGA"
"36414252","phage_lambda",3224,"-",0,0,"CG","CGC"
"36414253","phage_lambda",3229,"+",0,0,"CG","CGC"
"36414254","phage_lambda",3230,"-",0,0,"CG","CGT"
"36414255","phage_lambda",3233,"+",0,0,"CG","CGT"
"36414256","phage_lambda",3234,"-",0,0,"CG","CGT"
"36414257","phage_lambda",3250,"+",0,0,"CG","CGG"
"36414258","phage_lambda",3251,"-",0,0,"CG","CGA"
"36414259","phage_lambda",3270,"+",0,0,"CG","CGC"
"36414260","phage_lambda",3271,"-",0,0,"CG","CGT"
"36414261","phage_lambda",3279,"+",0,0,"CG","CGG"
"36414262","phage_lambda",3280,"-",0,0,"CG","CGT"
"36414263","phage_lambda",3291,"+",0,0,"CG","CGT"
"36414264","phage_lambda",3292,"-",0,0,"CG","CGA"
"36414265","phage_lambda",3317,"+",0,0,"CG","CGT"
"36414266","phage_lambda",3318,"-",0,0,"CG","CGA"
"36414267","phage_lambda",3320,"+",0,0,"CG","CGC"
"36414268","phage_lambda",3321,"-",0,0,"CG","CGA"
"36414269","phage_lambda",3322,"+",0,0,"CG","CGG"
"36414270","phage_lambda",3323,"-",0,0,"CG","CGC"
"36414271","phage_lambda",3331,"+",0,0,"CG","CGG"
"36414272","phage_lambda",3332,"-",0,0,"CG","CGG"
"36414273","phage_lambda",3343,"+",0,0,"CG","CGG"
"36414274","phage_lambda",3344,"-",0,0,"CG","CGG"
"36414275","phage_lambda",3356,"+",0,0,"CG","CGA"
"36414276","phage_lambda",3357,"-",0,0,"CG","CGG"
"36414277","phage_lambda",3361,"+",0,0,"CG","CGC"
"36414278","phage_lambda",3362,"-",0,0,"CG","CGC"
"36414279","phage_lambda",3374,"+",0,0,"CG","CGA"
"36414280","phage_lambda",3375,"-",0,1,"CG","CGG"
"36414281","phage_lambda",3384,"+",0,0,"CG","CGG"
"36414282","phage_lambda",3385,"-",0,1,"CG","CGG"
"36414283","phage_lambda",3387,"+",0,0,"CG","CGA"
"36414284","phage_lambda",3388,"-",0,1,"CG","CGC"
"36414285","phage_lambda",3394,"+",0,0,"CG","CGG"
"36414286","phage_lambda",3395,"-",0,1,"CG","CGG"
"36414287","phage_lambda",3403,"+",0,0,"CG","CGT"
"36414288","phage_lambda",3404,"-",0,1,"CG","CGG"
"36414289","phage_lambda",3408,"+",0,0,"CG","CGG"
"36414290","phage_lambda",3409,"-",0,1,"CG","CGG"
"36414291","phage_lambda",3429,"+",0,0,"CG","CGG"
"36414292","phage_lambda",3430,"-",0,1,"CG","CGC"
"36414293","phage_lambda",3434,"+",0,0,"CG","CGG"
"36414294","phage_lambda",3435,"-",0,1,"CG","CGC"
"36414295","phage_lambda",3437,"+",0,0,"CG","CGC"
"36414296","phage_lambda",3438,"-",0,1,"CG","CGC"
"36414297","phage_lambda",3450,"+",0,0,"CG","CGT"
"36414298","phage_lambda",3451,"-",0,1,"CG","CGT"
"36414299","phage_lambda",3456,"+",0,0,"CG","CGA"
"36414300","phage_lambda",3457,"-",0,1,"CG","CGC"
"36414301","phage_lambda",3462,"+",0,0,"CG","CGG"
"36414302","phage_lambda",3463,"-",0,1,"CG","CGT"
"36414303","phage_lambda",3482,"+",0,0,"CG","CGC"
"36414304","phage_lambda",3483,"-",0,1,"CG","CGG"
"36414305","phage_lambda",3505,"+",0,0,"CG","CGT"
"36414306","phage_lambda",3506,"-",0,1,"CG","CGG"
"36414307","phage_lambda",3516,"+",0,0,"CG","CGG"
"36414308","phage_lambda",3517,"-",0,1,"CG","CGG"
"36414309","phage_lambda",3519,"+",0,0,"CG","CGG"
"36414310","phage_lambda",3520,"-",0,0,"CG","CGC"
"36414311","phage_lambda",3523,"+",0,0,"CG","CGC"
"36414312","phage_lambda",3524,"-",0,0,"CG","CGC"
"36414313","phage_lambda",3525,"+",0,0,"CG","CGC"
"36414314","phage_lambda",3526,"-",0,0,"CG","CGC"
"36414315","phage_lambda",3530,"+",0,0,"CG","CGT"
"36414316","phage_lambda",3531,"-",0,0,"CG","CGA"
"36414317","phage_lambda",3540,"+",0,0,"CG","CGT"
"36414318","phage_lambda",3541,"-",0,0,"CG","CGT"
"36414319","phage_lambda",3552,"+",0,0,"CG","CGT"
"36414320","phage_lambda",3553,"-",0,0,"CG","CGG"
"36414321","phage_lambda",3561,"+",0,0,"CG","CGG"
"36414322","phage_lambda",3562,"-",0,0,"CG","CGT"
"36414323","phage_lambda",3571,"+",0,0,"CG","CGC"
"36414324","phage_lambda",3572,"-",0,1,"CG","CGA"
"36414325","phage_lambda",3573,"+",0,0,"CG","CGG"
"36414326","phage_lambda",3574,"-",0,1,"CG","CGC"
"36414327","phage_lambda",3594,"+",0,0,"CG","CGT"
"36414328","phage_lambda",3595,"-",0,1,"CG","CGC"
"36414329","phage_lambda",3618,"+",0,0,"CG","CGA"
"36414330","phage_lambda",3619,"-",0,1,"CG","CGA"
"36414331","phage_lambda",3623,"+",0,0,"CG","CGC"
"36414332","phage_lambda",3624,"-",0,1,"CG","CGT"
"36414333","phage_lambda",3635,"+",0,0,"CG","CGC"
"36414334","phage_lambda",3636,"-",0,1,"CG","CGT"
"36414335","phage_lambda",3648,"+",0,0,"CG","CGC"
"36414336","phage_lambda",3649,"-",0,1,"CG","CGC"
"36414337","phage_lambda",3662,"+",0,0,"CG","CGA"
"36414338","phage_lambda",3663,"-",0,1,"CG","CGC"
"36414339","phage_lambda",3672,"+",0,0,"CG","CGC"
"36414340","phage_lambda",3673,"-",0,1,"CG","CGG"
"36414341","phage_lambda",3698,"+",0,0,"CG","CGC"
"36414342","phage_lambda",3699,"-",0,1,"CG","CGT"
"36414343","phage_lambda",3707,"+",0,0,"CG","CGA"
"36414344","phage_lambda",3708,"-",0,1,"CG","CGC"
"36414345","phage_lambda",3726,"+",0,0,"CG","CGC"
"36414346","phage_lambda",3727,"-",0,0,"CG","CGC"
"36414347","phage_lambda",3728,"+",0,0,"CG","CGA"
"36414348","phage_lambda",3729,"-",0,0,"CG","CGC"
"36414349","phage_lambda",3745,"+",0,0,"CG","CGG"
"36414350","phage_lambda",3746,"-",0,0,"CG","CGC"
"36414351","phage_lambda",3759,"+",0,0,"CG","CGG"
"36414352","phage_lambda",3760,"-",0,0,"CG","CGG"
"36414353","phage_lambda",3780,"+",0,0,"CG","CGC"
"36414354","phage_lambda",3781,"-",0,0,"CG","CGG"
"36414355","phage_lambda",3782,"+",0,0,"CG","CGT"
"36414356","phage_lambda",3783,"-",0,0,"CG","CGC"
"36414357","phage_lambda",3789,"+",0,0,"CG","CGC"
"36414358","phage_lambda",3790,"-",0,0,"CG","CGT"
"36414359","phage_lambda",3792,"+",0,0,"CG","CGC"
"36414360","phage_lambda",3793,"-",0,0,"CG","CGG"
"36414361","phage_lambda",3797,"+",0,0,"CG","CGC"
"36414362","phage_lambda",3798,"-",0,0,"CG","CGC"
"36414363","phage_lambda",3800,"+",0,0,"CG","CGG"
"36414364","phage_lambda",3801,"-",0,0,"CG","CGG"
"36414365","phage_lambda",3805,"+",0,0,"CG","CGG"
"36414366","phage_lambda",3806,"-",0,0,"CG","CGG"
"36414367","phage_lambda",3816,"+",0,0,"CG","CGC"
"36414368","phage_lambda",3817,"-",0,0,"CG","CGC"
"36414369","phage_lambda",3827,"+",0,0,"CG","CGC"
"36414370","phage_lambda",3828,"-",0,0,"CG","CGG"
"36414371","phage_lambda",3839,"+",0,0,"CG","CGG"
"36414372","phage_lambda",3840,"-",0,0,"CG","CGG"
"36414373","phage_lambda",3863,"+",0,0,"CG","CGG"
"36414374","phage_lambda",3864,"-",0,0,"CG","CGT"
"36414375","phage_lambda",3875,"+",0,1,"CG","CGG"
"36414376","phage_lambda",3876,"-",0,0,"CG","CGT"
"36414377","phage_lambda",3882,"+",0,1,"CG","CGG"
"36414378","phage_lambda",3883,"-",0,0,"CG","CGT"
"36414379","phage_lambda",3891,"+",0,1,"CG","CGT"
"36414380","phage_lambda",3892,"-",0,0,"CG","CGG"
"36414381","phage_lambda",3913,"+",0,1,"CG","CGG"
"36414382","phage_lambda",3914,"-",0,0,"CG","CGC"
"36414383","phage_lambda",3921,"+",0,1,"CG","CGC"
"36414384","phage_lambda",3922,"-",0,0,"CG","CGA"
"36414385","phage_lambda",3927,"+",0,1,"CG","CGG"
"36414386","phage_lambda",3928,"-",0,0,"CG","CGG"
"36414387","phage_lambda",3941,"+",0,1,"CG","CGT"
"36414388","phage_lambda",3942,"-",0,0,"CG","CGA"
"36414389","phage_lambda",3958,"+",0,1,"CG","CGG"
"36414390","phage_lambda",3959,"-",0,0,"CG","CGG"
"36414391","phage_lambda",3966,"+",0,1,"CG","CGC"
"36414392","phage_lambda",3967,"-",0,0,"CG","CGT"
"36414393","phage_lambda",3986,"+",0,0,"CG","CGG"
"36414394","phage_lambda",3987,"-",0,0,"CG","CGT"
"36414395","phage_lambda",3991,"+",0,0,"CG","CGG"
"36414396","phage_lambda",3992,"-",0,0,"CG","CGT"
"36414397","phage_lambda",4001,"+",0,0,"CG","CGA"
"36414398","phage_lambda",4002,"-",0,0,"CG","CGC"
"36414399","phage_lambda",4005,"+",0,0,"CG","CGA"
"36414400","phage_lambda",4006,"-",0,0,"CG","CGT"
"36414401","phage_lambda",4010,"+",0,0,"CG","CGT"
"36414402","phage_lambda",4011,"-",0,0,"CG","CGA"
"36414403","phage_lambda",4016,"+",0,0,"CG","CGT"
"36414404","phage_lambda",4017,"-",0,0,"CG","CGC"
"36414405","phage_lambda",4030,"+",0,0,"CG","CGG"
"36414406","phage_lambda",4031,"-",0,0,"CG","CGC"
"36414407","phage_lambda",4033,"+",0,0,"CG","CGA"
"36414408","phage_lambda",4034,"-",0,0,"CG","CGC"
"36414409","phage_lambda",4041,"+",0,0,"CG","CGT"
"36414410","phage_lambda",4042,"-",0,0,"CG","CGA"
"36414411","phage_lambda",4044,"+",0,0,"CG","CGC"
"36414412","phage_lambda",4045,"-",0,0,"CG","CGA"
"36414413","phage_lambda",4051,"+",0,0,"CG","CGT"
"36414414","phage_lambda",4052,"-",0,0,"CG","CGG"
"36414415","phage_lambda",4058,"+",0,0,"CG","CGA"
"36414416","phage_lambda",4059,"-",0,0,"CG","CGC"
"36414417","phage_lambda",4095,"+",0,0,"CG","CGT"
"36414418","phage_lambda",4096,"-",0,0,"CG","CGA"
"36414419","phage_lambda",4099,"+",0,0,"CG","CGC"
"36414420","phage_lambda",4100,"-",0,0,"CG","CGA"
"36414421","phage_lambda",4102,"+",0,0,"CG","CGC"
"36414422","phage_lambda",4103,"-",0,0,"CG","CGG"
"36414423","phage_lambda",4104,"+",0,0,"CG","CGT"
"36414424","phage_lambda",4105,"-",0,0,"CG","CGC"
"36414425","phage_lambda",4112,"+",0,0,"CG","CGT"
"36414426","phage_lambda",4113,"-",0,0,"CG","CGT"
"36414427","phage_lambda",4127,"+",0,0,"CG","CGC"
"36414428","phage_lambda",4128,"-",0,0,"CG","CGC"
"36414429","phage_lambda",4129,"+",0,0,"CG","CGC"
"36414430","phage_lambda",4130,"-",0,0,"CG","CGC"
"36414431","phage_lambda",4150,"+",0,0,"CG","CGC"
"36414432","phage_lambda",4151,"-",0,0,"CG","CGG"
"36414433","phage_lambda",4170,"+",0,0,"CG","CGA"
"36414434","phage_lambda",4171,"-",0,0,"CG","CGC"
"36414435","phage_lambda",4185,"+",0,0,"CG","CGG"
"36414436","phage_lambda",4186,"-",0,0,"CG","CGG"
"36414437","phage_lambda",4189,"+",0,0,"CG","CGT"
"36414438","phage_lambda",4190,"-",0,0,"CG","CGA"
"36414439","phage_lambda",4200,"+",0,0,"CG","CGA"
"36414440","phage_lambda",4201,"-",0,0,"CG","CGA"
"36414441","phage_lambda",4226,"+",0,0,"CG","CGG"
"36414442","phage_lambda",4227,"-",0,0,"CG","CGC"
"36414443","phage_lambda",4245,"+",0,0,"CG","CGG"
"36414444","phage_lambda",4246,"-",0,0,"CG","CGG"
"36414445","phage_lambda",4260,"+",0,0,"CG","CGA"
"36414446","phage_lambda",4261,"-",0,0,"CG","CGT"
"36414447","phage_lambda",4272,"+",0,0,"CG","CGC"
"36414448","phage_lambda",4273,"-",0,0,"CG","CGC"
"36414449","phage_lambda",4279,"+",0,0,"CG","CGC"
"36414450","phage_lambda",4280,"-",0,0,"CG","CGT"
"36414451","phage_lambda",4281,"+",0,0,"CG","CGG"
"36414452","phage_lambda",4282,"-",0,0,"CG","CGC"
"36414453","phage_lambda",4287,"+",0,0,"CG","CGA"
"36414454","phage_lambda",4288,"-",0,0,"CG","CGT"
"36414455","phage_lambda",4318,"+",0,0,"CG","CGT"
"36414456","phage_lambda",4319,"-",0,0,"CG","CGG"
"36414457","phage_lambda",4325,"+",0,0,"CG","CGA"
"36414458","phage_lambda",4326,"-",0,0,"CG","CGT"
"36414459","phage_lambda",4333,"+",0,0,"CG","CGC"
"36414460","phage_lambda",4334,"-",0,0,"CG","CGC"
"36414461","phage_lambda",4336,"+",0,0,"CG","CGT"
"36414462","phage_lambda",4337,"-",0,0,"CG","CGG"
"36414463","phage_lambda",4344,"+",0,0,"CG","CGG"
"36414464","phage_lambda",4345,"-",0,0,"CG","CGG"
"36414465","phage_lambda",4355,"+",0,0,"CG","CGC"
"36414466","phage_lambda",4356,"-",0,0,"CG","CGG"
"36414467","phage_lambda",4359,"+",0,0,"CG","CGC"
"36414468","phage_lambda",4360,"-",0,0,"CG","CGG"
"36414469","phage_lambda",4367,"+",0,0,"CG","CGG"
"36414470","phage_lambda",4368,"-",0,0,"CG","CGC"
"36414471","phage_lambda",4386,"+",0,0,"CG","CGG"
"36414472","phage_lambda",4387,"-",0,0,"CG","CGG"
"36414473","phage_lambda",4393,"+",0,0,"CG","CGA"
"36414474","phage_lambda",4394,"-",0,0,"CG","CGC"
"36414475","phage_lambda",4433,"+",0,0,"CG","CGT"
"36414476","phage_lambda",4434,"-",0,0,"CG","CGC"
"36414477","phage_lambda",4443,"+",0,0,"CG","CGC"
"36414478","phage_lambda",4444,"-",0,0,"CG","CGG"
"36414479","phage_lambda",4473,"+",0,0,"CG","CGC"
"36414480","phage_lambda",4474,"-",0,0,"CG","CGG"
"36414481","phage_lambda",4489,"+",0,0,"CG","CGC"
"36414482","phage_lambda",4490,"-",0,0,"CG","CGG"
"36414483","phage_lambda",4497,"+",0,0,"CG","CGC"
"36414484","phage_lambda",4498,"-",0,0,"CG","CGC"
"36414485","phage_lambda",4499,"+",0,0,"CG","CGG"
"36414486","phage_lambda",4500,"-",0,0,"CG","CGC"
"36414487","phage_lambda",4515,"+",0,0,"CG","CGC"
"36414488","phage_lambda",4516,"-",0,0,"CG","CGC"
"36414489","phage_lambda",4548,"+",0,0,"CG","CGG"
"36414490","phage_lambda",4549,"-",0,0,"CG","CGT"
"36414491","phage_lambda",4554,"+",0,0,"CG","CGG"
"36414492","phage_lambda",4555,"-",0,0,"CG","CGC"
"36414493","phage_lambda",4561,"+",0,0,"CG","CGG"
"36414494","phage_lambda",4562,"-",0,0,"CG","CGG"
"36414495","phage_lambda",4564,"+",0,0,"CG","CGA"
"36414496","phage_lambda",4565,"-",0,0,"CG","CGC"
"36414497","phage_lambda",4591,"+",0,0,"CG","CGC"
"36414498","phage_lambda",4592,"-",0,0,"CG","CGA"
"36414499","phage_lambda",4593,"+",0,0,"CG","CGA"
"36414500","phage_lambda",4594,"-",0,0,"CG","CGC"
"36414501","phage_lambda",4596,"+",0,0,"CG","CGC"
"36414502","phage_lambda",4597,"-",0,0,"CG","CGT"
"36414503","phage_lambda",4609,"+",0,0,"CG","CGG"
"36414504","phage_lambda",4610,"-",0,0,"CG","CGG"
"36414505","phage_lambda",4621,"+",0,0,"CG","CGG"
"36414506","phage_lambda",4622,"-",0,0,"CG","CGT"
"36414507","phage_lambda",4628,"+",0,0,"CG","CGA"
"36414508","phage_lambda",4629,"-",0,0,"CG","CGT"
"36414509","phage_lambda",4637,"+",0,0,"CG","CGC"
"36414510","phage_lambda",4638,"-",0,0,"CG","CGG"
"36414511","phage_lambda",4657,"+",0,0,"CG","CGG"
"36414512","phage_lambda",4658,"-",0,0,"CG","CGT"
"36414513","phage_lambda",4663,"+",0,0,"CG","CGC"
"36414514","phage_lambda",4664,"-",0,0,"CG","CGA"
"36414515","phage_lambda",4666,"+",0,0,"CG","CGT"
"36414516","phage_lambda",4667,"-",0,0,"CG","CGG"
"36414517","phage_lambda",4674,"+",0,0,"CG","CGG"
"36414518","phage_lambda",4675,"-",0,0,"CG","CGG"
"36414519","phage_lambda",4681,"+",0,0,"CG","CGG"
"36414520","phage_lambda",4682,"-",0,0,"CG","CGG"
"36414521","phage_lambda",4686,"+",0,0,"CG","CGC"
"36414522","phage_lambda",4687,"-",0,0,"CG","CGT"
"36414523","phage_lambda",4697,"+",0,0,"CG","CGG"
"36414524","phage_lambda",4698,"-",0,0,"CG","CGG"
"36414525","phage_lambda",4701,"+",0,0,"CG","CGC"
"36414526","phage_lambda",4702,"-",0,1,"CG","CGT"
"36414527","phage_lambda",4703,"+",0,0,"CG","CGG"
"36414528","phage_lambda",4704,"-",0,1,"CG","CGC"
"36414529","phage_lambda",4707,"+",0,0,"CG","CGC"
"36414530","phage_lambda",4708,"-",0,1,"CG","CGC"
"36414531","phage_lambda",4716,"+",0,0,"CG","CGT"
"36414532","phage_lambda",4717,"-",0,1,"CG","CGG"
"36414533","phage_lambda",4722,"+",0,0,"CG","CGG"
"36414534","phage_lambda",4723,"-",0,1,"CG","CGA"
"36414535","phage_lambda",4732,"+",0,0,"CG","CGG"
"36414536","phage_lambda",4733,"-",0,1,"CG","CGG"
"36414537","phage_lambda",4741,"+",0,0,"CG","CGG"
"36414538","phage_lambda",4742,"-",0,1,"CG","CGT"
"36414539","phage_lambda",4750,"+",0,0,"CG","CGC"
"36414540","phage_lambda",4751,"-",0,1,"CG","CGA"
"36414541","phage_lambda",4754,"+",0,0,"CG","CGT"
"36414542","phage_lambda",4755,"-",0,1,"CG","CGG"
"36414543","phage_lambda",4774,"+",0,0,"CG","CGA"
"36414544","phage_lambda",4775,"-",0,1,"CG","CGC"
"36414545","phage_lambda",4779,"+",0,0,"CG","CGA"
"36414546","phage_lambda",4780,"-",0,1,"CG","CGG"
"36414547","phage_lambda",4789,"+",0,0,"CG","CGG"
"36414548","phage_lambda",4790,"-",0,1,"CG","CGT"
"36414549","phage_lambda",4801,"+",0,0,"CG","CGA"
"36414550","phage_lambda",4802,"-",0,1,"CG","CGA"
"36414551","phage_lambda",4812,"+",0,0,"CG","CGC"
"36414552","phage_lambda",4813,"-",0,1,"CG","CGT"
"36414553","phage_lambda",4816,"+",0,0,"CG","CGG"
"36414554","phage_lambda",4817,"-",0,1,"CG","CGG"
"36414555","phage_lambda",4819,"+",0,0,"CG","CGG"
"36414556","phage_lambda",4820,"-",0,1,"CG","CGC"
"36414557","phage_lambda",4830,"+",0,0,"CG","CGG"
"36414558","phage_lambda",4831,"-",0,1,"CG","CGC"
"36414559","phage_lambda",4846,"+",0,0,"CG","CGC"
"36414560","phage_lambda",4847,"-",0,1,"CG","CGC"
"36414561","phage_lambda",4858,"+",0,0,"CG","CGC"
"36414562","phage_lambda",4859,"-",0,0,"CG","CGA"
"36414563","phage_lambda",4862,"+",0,0,"CG","CGT"
"36414564","phage_lambda",4863,"-",0,0,"CG","CGG"
"36414565","phage_lambda",4868,"+",0,0,"CG","CGT"
"36414566","phage_lambda",4869,"-",0,0,"CG","CGC"
"36414567","phage_lambda",4881,"+",0,1,"CG","CGG"
"36414568","phage_lambda",4882,"-",0,0,"CG","CGG"
"36414569","phage_lambda",4890,"+",0,1,"CG","CGC"
"36414570","phage_lambda",4891,"-",0,0,"CG","CGC"
"36414571","phage_lambda",4900,"+",0,1,"CG","CGA"
"36414572","phage_lambda",4901,"-",0,0,"CG","CGT"
"36414573","phage_lambda",4939,"+",0,1,"CG","CGC"
"36414574","phage_lambda",4940,"-",0,1,"CG","CGG"
"36414575","phage_lambda",4946,"+",0,1,"CG","CGG"
"36414576","phage_lambda",4947,"-",0,1,"CG","CGG"
"36414577","phage_lambda",4949,"+",0,0,"CG","CGT"
"36414578","phage_lambda",4950,"-",0,1,"CG","CGC"
"36414579","phage_lambda",4959,"+",0,0,"CG","CGC"
"36414580","phage_lambda",4960,"-",0,1,"CG","CGT"
"36414581","phage_lambda",4966,"+",0,0,"CG","CGC"
"36414582","phage_lambda",4967,"-",0,1,"CG","CGG"
"36414583","phage_lambda",4970,"+",0,0,"CG","CGG"
"36414584","phage_lambda",4971,"-",0,1,"CG","CGG"
"36414585","phage_lambda",4984,"+",0,0,"CG","CGG"
"36414586","phage_lambda",4985,"-",0,1,"CG","CGA"
"36414587","phage_lambda",4987,"+",0,0,"CG","CGT"
"36414588","phage_lambda",4988,"-",0,1,"CG","CGC"
"36414589","phage_lambda",5011,"+",0,0,"CG","CGG"
"36414590","phage_lambda",5012,"-",0,1,"CG","CGT"
"36414591","phage_lambda",5019,"+",0,0,"CG","CGC"
"36414592","phage_lambda",5020,"-",0,1,"CG","CGC"
"36414593","phage_lambda",5046,"+",0,0,"CG","CGC"
"36414594","phage_lambda",5047,"-",0,1,"CG","CGT"
"36414595","phage_lambda",5059,"+",0,0,"CG","CGG"
"36414596","phage_lambda",5060,"-",0,0,"CG","CGC"
"36414597","phage_lambda",5100,"+",0,0,"CG","CGG"
"36414598","phage_lambda",5101,"-",0,0,"CG","CGG"
"36414599","phage_lambda",5107,"+",0,0,"CG","CGT"
"36414600","phage_lambda",5108,"-",0,0,"CG","CGT"
"36414601","phage_lambda",5111,"+",0,0,"CG","CGG"
"36414602","phage_lambda",5112,"-",0,0,"CG","CGG"
"36414603","phage_lambda",5129,"+",0,0,"CG","CGG"
"36414604","phage_lambda",5130,"-",0,0,"CG","CGG"
"36414605","phage_lambda",5137,"+",0,1,"CG","CGC"
"36414606","phage_lambda",5138,"-",0,0,"CG","CGT"
"36414607","phage_lambda",5144,"+",0,1,"CG","CGC"
"36414608","phage_lambda",5145,"-",0,0,"CG","CGG"
"36414609","phage_lambda",5157,"+",0,1,"CG","CGC"
"36414610","phage_lambda",5158,"-",0,1,"CG","CGC"
"36414611","phage_lambda",5169,"+",0,1,"CG","CGG"
"36414612","phage_lambda",5170,"-",0,1,"CG","CGA"
"36414613","phage_lambda",5179,"+",0,1,"CG","CGG"
"36414614","phage_lambda",5180,"-",0,1,"CG","CGG"
"36414615","phage_lambda",5188,"+",0,1,"CG","CGT"
"36414616","phage_lambda",5189,"-",0,1,"CG","CGG"
"36414617","phage_lambda",5209,"+",0,1,"CG","CGA"
"36414618","phage_lambda",5210,"-",0,1,"CG","CGG"
"36414619","phage_lambda",5227,"+",0,0,"CG","CGG"
"36414620","phage_lambda",5228,"-",0,1,"CG","CGC"
"36414621","phage_lambda",5248,"+",0,0,"CG","CGG"
"36414622","phage_lambda",5249,"-",0,2,"CG","CGG"
"36414623","phage_lambda",5278,"+",0,0,"CG","CGA"
"36414624","phage_lambda",5279,"-",0,2,"CG","CGG"
"36414625","phage_lambda",5283,"+",0,0,"CG","CGA"
"36414626","phage_lambda",5284,"-",0,2,"CG","CGC"
"36414627","phage_lambda",5290,"+",0,0,"CG","CGT"
"36414628","phage_lambda",5291,"-",0,2,"CG","CGG"
"36414629","phage_lambda",5297,"+",0,0,"CG","CGT"
"36414630","phage_lambda",5298,"-",0,2,"CG","CGC"
"36414631","phage_lambda",5315,"+",0,0,"CG","CGT"
"36414632","phage_lambda",5316,"-",0,1,"CG","CGT"
"36414633","phage_lambda",5324,"+",0,0,"CG","CGT"
"36414634","phage_lambda",5325,"-",0,1,"CG","CGG"
"36414635","phage_lambda",5339,"+",0,0,"CG","CGA"
"36414636","phage_lambda",5340,"-",0,1,"CG","CGC"
"36414637","phage_lambda",5385,"+",0,0,"CG","CGC"
"36414638","phage_lambda",5386,"-",0,0,"CG","CGA"
"36414639","phage_lambda",5395,"+",0,0,"CG","CGT"
"36414640","phage_lambda",5396,"-",0,0,"CG","CGT"
"36414641","phage_lambda",5404,"+",0,0,"CG","CGT"
"36414642","phage_lambda",5405,"-",0,0,"CG","CGT"
"36414643","phage_lambda",5415,"+",0,0,"CG","CGA"
"36414644","phage_lambda",5416,"-",0,0,"CG","CGC"
"36414645","phage_lambda",5418,"+",0,0,"CG","CGG"
"36414646","phage_lambda",5419,"-",0,0,"CG","CGT"
"36414647","phage_lambda",5425,"+",0,0,"CG","CGA"
"36414648","phage_lambda",5426,"-",0,0,"CG","CGC"
"36414649","phage_lambda",5431,"+",0,0,"CG","CGC"
"36414650","phage_lambda",5432,"-",0,0,"CG","CGT"
"36414651","phage_lambda",5437,"+",0,0,"CG","CGC"
"36414652","phage_lambda",5438,"-",0,0,"CG","CGC"
"36414653","phage_lambda",5439,"+",0,0,"CG","CGG"
"36414654","phage_lambda",5440,"-",0,0,"CG","CGC"
"36414655","phage_lambda",5442,"+",0,0,"CG","CGC"
"36414656","phage_lambda",5443,"-",0,0,"CG","CGC"
"36414657","phage_lambda",5448,"+",0,0,"CG","CGG"
"36414658","phage_lambda",5449,"-",0,0,"CG","CGG"
"36414659","phage_lambda",5452,"+",0,0,"CG","CGT"
"36414660","phage_lambda",5453,"-",0,0,"CG","CGT"
"36414661","phage_lambda",5458,"+",0,0,"CG","CGC"
"36414662","phage_lambda",5459,"-",0,0,"CG","CGT"
"36414663","phage_lambda",5460,"+",0,0,"CG","CGC"
"36414664","phage_lambda",5461,"-",0,0,"CG","CGC"
"36414665","phage_lambda",5470,"+",0,0,"CG","CGC"
"36414666","phage_lambda",5471,"-",0,0,"CG","CGG"
"36414667","phage_lambda",5475,"+",0,0,"CG","CGG"
"36414668","phage_lambda",5476,"-",0,0,"CG","CGC"
"36414669","phage_lambda",5481,"+",0,0,"CG","CGG"
"36414670","phage_lambda",5482,"-",0,0,"CG","CGC"
"36414671","phage_lambda",5495,"+",0,0,"CG","CGC"
"36414672","phage_lambda",5496,"-",0,0,"CG","CGG"
"36414673","phage_lambda",5530,"+",0,0,"CG","CGG"
"36414674","phage_lambda",5531,"-",0,0,"CG","CGT"
"36414675","phage_lambda",5534,"+",0,0,"CG","CGC"
"36414676","phage_lambda",5535,"-",0,0,"CG","CGT"
"36414677","phage_lambda",5536,"+",0,0,"CG","CGA"
"36414678","phage_lambda",5537,"-",0,0,"CG","CGC"
"36414679","phage_lambda",5549,"+",0,0,"CG","CGC"
"36414680","phage_lambda",5550,"-",0,0,"CG","CGT"
"36414681","phage_lambda",5551,"+",0,0,"CG","CGT"
"36414682","phage_lambda",5552,"-",0,0,"CG","CGC"
"36414683","phage_lambda",5569,"+",0,0,"CG","CGG"
"36414684","phage_lambda",5570,"-",0,0,"CG","CGG"
"36414685","phage_lambda",5578,"+",0,0,"CG","CGT"
"36414686","phage_lambda",5579,"-",0,0,"CG","CGG"
"36414687","phage_lambda",5586,"+",0,0,"CG","CGG"
"36414688","phage_lambda",5587,"-",0,0,"CG","CGT"
"36414689","phage_lambda",5591,"+",0,0,"CG","CGC"
"36414690","phage_lambda",5592,"-",0,0,"CG","CGG"
"36414691","phage_lambda",5594,"+",0,0,"CG","CGC"
"36414692","phage_lambda",5595,"-",0,0,"CG","CGG"
"36414693","phage_lambda",5605,"+",0,0,"CG","CGC"
"36414694","phage_lambda",5606,"-",0,0,"CG","CGG"
"36414695","phage_lambda",5628,"+",0,0,"CG","CGC"
"36414696","phage_lambda",5629,"-",0,0,"CG","CGC"
"36414697","phage_lambda",5630,"+",0,0,"CG","CGC"
"36414698","phage_lambda",5631,"-",0,0,"CG","CGC"
"36414699","phage_lambda",5643,"+",0,0,"CG","CGC"
"36414700","phage_lambda",5644,"-",0,0,"CG","CGC"
"36414701","phage_lambda",5651,"+",0,0,"CG","CGT"
"36414702","phage_lambda",5652,"-",0,0,"CG","CGA"
"36414703","phage_lambda",5670,"+",0,0,"CG","CGG"
"36414704","phage_lambda",5671,"-",0,0,"CG","CGG"
"36414705","phage_lambda",5676,"+",0,0,"CG","CGC"
"36414706","phage_lambda",5677,"-",0,0,"CG","CGG"
"36414707","phage_lambda",5694,"+",0,0,"CG","CGG"
"36414708","phage_lambda",5695,"-",0,0,"CG","CGG"
"36414709","phage_lambda",5707,"+",0,0,"CG","CGT"
"36414710","phage_lambda",5708,"-",0,0,"CG","CGG"
"36414711","phage_lambda",5713,"+",0,0,"CG","CGA"
"36414712","phage_lambda",5714,"-",0,0,"CG","CGT"
"36414713","phage_lambda",5751,"+",0,0,"CG","CGA"
"36414714","phage_lambda",5752,"-",0,0,"CG","CGT"
"36414715","phage_lambda",5781,"+",0,0,"CG","CGC"
"36414716","phage_lambda",5782,"-",0,0,"CG","CGG"
"36414717","phage_lambda",5799,"+",0,0,"CG","CGG"
"36414718","phage_lambda",5800,"-",0,0,"CG","CGG"
"36414719","phage_lambda",5809,"+",0,0,"CG","CGC"
"36414720","phage_lambda",5810,"-",0,0,"CG","CGG"
"36414721","phage_lambda",5815,"+",0,0,"CG","CGC"
"36414722","phage_lambda",5816,"-",0,0,"CG","CGG"
"36414723","phage_lambda",5817,"+",0,0,"CG","CGC"
"36414724","phage_lambda",5818,"-",0,0,"CG","CGC"
"36414725","phage_lambda",5821,"+",0,0,"CG","CGG"
"36414726","phage_lambda",5822,"-",0,0,"CG","CGG"
"36414727","phage_lambda",5824,"+",0,0,"CG","CGG"
"36414728","phage_lambda",5825,"-",0,0,"CG","CGC"
"36414729","phage_lambda",5835,"+",0,0,"CG","CGA"
"36414730","phage_lambda",5836,"-",0,0,"CG","CGC"
"36414731","phage_lambda",5841,"+",0,0,"CG","CGC"
"36414732","phage_lambda",5842,"-",0,0,"CG","CGC"
"36414733","phage_lambda",5856,"+",0,0,"CG","CGC"
"36414734","phage_lambda",5857,"-",0,0,"CG","CGG"
"36414735","phage_lambda",5879,"+",0,0,"CG","CGT"
"36414736","phage_lambda",5880,"-",0,0,"CG","CGG"
"36414737","phage_lambda",5892,"+",0,0,"CG","CGT"
"36414738","phage_lambda",5893,"-",0,0,"CG","CGC"
"36414739","phage_lambda",5908,"+",0,0,"CG","CGA"
"36414740","phage_lambda",5909,"-",0,0,"CG","CGG"
"36414741","phage_lambda",5911,"+",0,0,"CG","CGG"
"36414742","phage_lambda",5912,"-",0,0,"CG","CGT"
"36414743","phage_lambda",5920,"+",0,0,"CG","CGT"
"36414744","phage_lambda",5921,"-",0,0,"CG","CGG"
"36414745","phage_lambda",5934,"+",0,0,"CG","CGG"
"36414746","phage_lambda",5935,"-",0,0,"CG","CGC"
"36414747","phage_lambda",5961,"+",0,0,"CG","CGC"
"36414748","phage_lambda",5962,"-",0,0,"CG","CGT"
"36414749","phage_lambda",5967,"+",0,0,"CG","CGT"
"36414750","phage_lambda",5968,"-",0,0,"CG","CGT"
"36414751","phage_lambda",5980,"+",0,0,"CG","CGG"
"36414752","phage_lambda",5981,"-",0,0,"CG","CGG"
"36414753","phage_lambda",5985,"+",0,0,"CG","CGT"
"36414754","phage_lambda",5986,"-",0,0,"CG","CGT"
"36414755","phage_lambda",5990,"+",0,0,"CG","CGT"
"36414756","phage_lambda",5991,"-",0,0,"CG","CGG"
"36414757","phage_lambda",6012,"+",0,0,"CG","CGG"
"36414758","phage_lambda",6013,"-",0,0,"CG","CGG"
"36414759","phage_lambda",6025,"+",0,0,"CG","CGA"
"36414760","phage_lambda",6026,"-",0,0,"CG","CGC"
"36414761","phage_lambda",6028,"+",0,0,"CG","CGA"
"36414762","phage_lambda",6029,"-",0,0,"CG","CGT"
"36414763","phage_lambda",6033,"+",0,0,"CG","CGA"
"36414764","phage_lambda",6034,"-",0,0,"CG","CGT"
"36414765","phage_lambda",6041,"+",0,0,"CG","CGG"
"36414766","phage_lambda",6042,"-",0,0,"CG","CGT"
"36414767","phage_lambda",6046,"+",0,0,"CG","CGC"
"36414768","phage_lambda",6047,"-",0,0,"CG","CGG"
"36414769","phage_lambda",6048,"+",0,0,"CG","CGT"
"36414770","phage_lambda",6049,"-",0,0,"CG","CGC"
"36414771","phage_lambda",6055,"+",0,0,"CG","CGG"
"36414772","phage_lambda",6056,"-",0,0,"CG","CGG"
"36414773","phage_lambda",6060,"+",0,0,"CG","CGG"
"36414774","phage_lambda",6061,"-",0,0,"CG","CGT"
"36414775","phage_lambda",6073,"+",0,0,"CG","CGT"
"36414776","phage_lambda",6074,"-",0,0,"CG","CGA"
"36414777","phage_lambda",6103,"+",0,0,"CG","CGC"
"36414778","phage_lambda",6104,"-",0,0,"CG","CGG"
"36414779","phage_lambda",6111,"+",0,0,"CG","CGG"
"36414780","phage_lambda",6112,"-",0,0,"CG","CGC"
"36414781","phage_lambda",6123,"+",0,0,"CG","CGG"
"36414782","phage_lambda",6124,"-",0,0,"CG","CGT"
"36414783","phage_lambda",6139,"+",0,0,"CG","CGA"
"36414784","phage_lambda",6140,"-",0,0,"CG","CGA"
"36414785","phage_lambda",6152,"+",0,0,"CG","CGC"
"36414786","phage_lambda",6153,"-",0,0,"CG","CGG"
"36414787","phage_lambda",6166,"+",0,0,"CG","CGG"
"36414788","phage_lambda",6167,"-",0,0,"CG","CGC"
"36414789","phage_lambda",6196,"+",0,0,"CG","CGC"
"36414790","phage_lambda",6197,"-",0,0,"CG","CGG"
"36414791","phage_lambda",6207,"+",0,0,"CG","CGT"
"36414792","phage_lambda",6208,"-",0,0,"CG","CGC"
"36414793","phage_lambda",6219,"+",0,0,"CG","CGT"
"36414794","phage_lambda",6220,"-",0,0,"CG","CGG"
"36414795","phage_lambda",6241,"+",0,0,"CG","CGG"
"36414796","phage_lambda",6242,"-",0,0,"CG","CGT"
"36414797","phage_lambda",6268,"+",0,0,"CG","CGG"
"36414798","phage_lambda",6269,"-",0,0,"CG","CGG"
"36414799","phage_lambda",6286,"+",0,0,"CG","CGC"
"36414800","phage_lambda",6287,"-",0,0,"CG","CGC"
"36414801","phage_lambda",6293,"+",0,0,"CG","CGT"
"36414802","phage_lambda",6294,"-",0,0,"CG","CGT"
"36414803","phage_lambda",6298,"+",0,0,"CG","CGC"
"36414804","phage_lambda",6299,"-",0,0,"CG","CGA"
"36414805","phage_lambda",6301,"+",0,0,"CG","CGA"
"36414806","phage_lambda",6302,"-",0,0,"CG","CGG"
"36414807","phage_lambda",6311,"+",0,0,"CG","CGG"
"36414808","phage_lambda",6312,"-",0,0,"CG","CGG"
"36414809","phage_lambda",6324,"+",0,0,"CG","CGT"
"36414810","phage_lambda",6325,"-",0,0,"CG","CGG"
"36414811","phage_lambda",6330,"+",0,0,"CG","CGT"
"36414812","phage_lambda",6331,"-",0,0,"CG","CGG"
"36414813","phage_lambda",6335,"+",0,0,"CG","CGG"
"36414814","phage_lambda",6336,"-",0,0,"CG","CGC"
"36414815","phage_lambda",6355,"+",0,0,"CG","CGC"
"36414816","phage_lambda",6356,"-",0,0,"CG","CGT"
"36414817","phage_lambda",6358,"+",0,0,"CG","CGG"
"36414818","phage_lambda",6359,"-",0,0,"CG","CGG"
"36414819","phage_lambda",6373,"+",0,0,"CG","CGA"
"36414820","phage_lambda",6374,"-",0,0,"CG","CGG"
"36414821","phage_lambda",6391,"+",0,0,"CG","CGC"
"36414822","phage_lambda",6392,"-",0,0,"CG","CGG"
"36414823","phage_lambda",6405,"+",0,0,"CG","CGT"
"36414824","phage_lambda",6406,"-",0,0,"CG","CGC"
"36414825","phage_lambda",6408,"+",0,0,"CG","CGC"
"36414826","phage_lambda",6409,"-",0,0,"CG","CGA"
"36414827","phage_lambda",6415,"+",0,0,"CG","CGG"
"36414828","phage_lambda",6416,"-",0,0,"CG","CGG"
"36414829","phage_lambda",6427,"+",0,0,"CG","CGC"
"36414830","phage_lambda",6428,"-",0,1,"CG","CGG"
"36414831","phage_lambda",6439,"+",0,0,"CG","CGG"
"36414832","phage_lambda",6440,"-",0,1,"CG","CGC"
"36414833","phage_lambda",6445,"+",0,0,"CG","CGG"
"36414834","phage_lambda",6446,"-",0,1,"CG","CGG"
"36414835","phage_lambda",6453,"+",0,0,"CG","CGC"
"36414836","phage_lambda",6454,"-",0,1,"CG","CGG"
"36414837","phage_lambda",6456,"+",0,0,"CG","CGC"
"36414838","phage_lambda",6457,"-",0,1,"CG","CGG"
"36414839","phage_lambda",6459,"+",0,0,"CG","CGT"
"36414840","phage_lambda",6460,"-",0,1,"CG","CGG"
"36414841","phage_lambda",6462,"+",0,0,"CG","CGC"
"36414842","phage_lambda",6463,"-",0,1,"CG","CGA"
"36414843","phage_lambda",6483,"+",0,0,"CG","CGT"
"36414844","phage_lambda",6484,"-",0,0,"CG","CGC"
"36414845","phage_lambda",6488,"+",0,0,"CG","CGA"
"36414846","phage_lambda",6489,"-",0,0,"CG","CGT"
"36414847","phage_lambda",6512,"+",0,0,"CG","CGA"
"36414848","phage_lambda",6513,"-",0,0,"CG","CGA"
"36414849","phage_lambda",6536,"+",0,0,"CG","CGT"
"36414850","phage_lambda",6537,"-",0,0,"CG","CGG"
"36414851","phage_lambda",6563,"+",0,0,"CG","CGG"
"36414852","phage_lambda",6564,"-",0,0,"CG","CGG"
"36414853","phage_lambda",6575,"+",0,0,"CG","CGA"
"36414854","phage_lambda",6576,"-",0,0,"CG","CGA"
"36414855","phage_lambda",6580,"+",0,0,"CG","CGG"
"36414856","phage_lambda",6581,"-",0,0,"CG","CGG"
"36414857","phage_lambda",6600,"+",0,0,"CG","CGC"
"36414858","phage_lambda",6601,"-",0,0,"CG","CGG"
"36414859","phage_lambda",6622,"+",0,0,"CG","CGC"
"36414860","phage_lambda",6623,"-",0,0,"CG","CGT"
"36414861","phage_lambda",6629,"+",0,0,"CG","CGG"
"36414862","phage_lambda",6630,"-",0,0,"CG","CGG"
"36414863","phage_lambda",6632,"+",0,0,"CG","CGG"
"36414864","phage_lambda",6633,"-",0,0,"CG","CGC"
"36414865","phage_lambda",6637,"+",0,0,"CG","CGG"
"36414866","phage_lambda",6638,"-",0,0,"CG","CGT"
"36414867","phage_lambda",6651,"+",0,0,"CG","CGT"
"36414868","phage_lambda",6652,"-",0,0,"CG","CGC"
"36414869","phage_lambda",6664,"+",0,0,"CG","CGT"
"36414870","phage_lambda",6665,"-",0,0,"CG","CGT"
"36414871","phage_lambda",6673,"+",0,0,"CG","CGA"
"36414872","phage_lambda",6674,"-",0,0,"CG","CGG"
"36414873","phage_lambda",6677,"+",0,0,"CG","CGA"
"36414874","phage_lambda",6678,"-",0,0,"CG","CGG"
"36414875","phage_lambda",6680,"+",0,0,"CG","CGA"
"36414876","phage_lambda",6681,"-",0,0,"CG","CGT"
"36414877","phage_lambda",6686,"+",0,0,"CG","CGA"
"36414878","phage_lambda",6687,"-",0,0,"CG","CGA"
"36414879","phage_lambda",6695,"+",0,0,"CG","CGC"
"36414880","phage_lambda",6696,"-",0,0,"CG","CGT"
"36414881","phage_lambda",6697,"+",0,0,"CG","CGC"
"36414882","phage_lambda",6698,"-",0,0,"CG","CGC"
"36414883","phage_lambda",6704,"+",0,0,"CG","CGC"
"36414884","phage_lambda",6705,"-",0,0,"CG","CGT"
"36414885","phage_lambda",6710,"+",0,0,"CG","CGG"
"36414886","phage_lambda",6711,"-",0,0,"CG","CGC"
"36414887","phage_lambda",6728,"+",0,0,"CG","CGT"
"36414888","phage_lambda",6729,"-",0,0,"CG","CGA"
"36414889","phage_lambda",6734,"+",0,0,"CG","CGA"
"36414890","phage_lambda",6735,"-",0,0,"CG","CGA"
"36414891","phage_lambda",6739,"+",0,0,"CG","CGA"
"36414892","phage_lambda",6740,"-",0,0,"CG","CGG"
"36414893","phage_lambda",6751,"+",0,0,"CG","CGC"
"36414894","phage_lambda",6752,"-",0,0,"CG","CGC"
"36414895","phage_lambda",6759,"+",0,0,"CG","CGT"
"36414896","phage_lambda",6760,"-",0,0,"CG","CGG"
"36414897","phage_lambda",6773,"+",0,0,"CG","CGT"
"36414898","phage_lambda",6774,"-",0,0,"CG","CGG"
"36414899","phage_lambda",6795,"+",0,0,"CG","CGT"
"36414900","phage_lambda",6796,"-",0,0,"CG","CGG"
"36414901","phage_lambda",6798,"+",0,0,"CG","CGT"
"36414902","phage_lambda",6799,"-",0,0,"CG","CGA"
"36414903","phage_lambda",6812,"+",0,0,"CG","CGA"
"36414904","phage_lambda",6813,"-",0,0,"CG","CGG"
"36414905","phage_lambda",6826,"+",0,0,"CG","CGG"
"36414906","phage_lambda",6827,"-",0,0,"CG","CGC"
"36414907","phage_lambda",6847,"+",0,0,"CG","CGG"
"36414908","phage_lambda",6848,"-",0,0,"CG","CGC"
"36414909","phage_lambda",6872,"+",0,0,"CG","CGA"
"36414910","phage_lambda",6873,"-",0,0,"CG","CGC"
"36414911","phage_lambda",6884,"+",0,0,"CG","CGT"
"36414912","phage_lambda",6885,"-",0,0,"CG","CGA"
"36414913","phage_lambda",6887,"+",0,0,"CG","CGT"
"36414914","phage_lambda",6888,"-",0,0,"CG","CGA"
"36414915","phage_lambda",6896,"+",0,0,"CG","CGG"
"36414916","phage_lambda",6897,"-",0,0,"CG","CGG"
"36414917","phage_lambda",6905,"+",0,0,"CG","CGT"
"36414918","phage_lambda",6906,"-",0,0,"CG","CGT"
"36414919","phage_lambda",6914,"+",0,0,"CG","CGG"
"36414920","phage_lambda",6915,"-",0,0,"CG","CGT"
"36414921","phage_lambda",6917,"+",0,0,"CG","CGT"
"36414922","phage_lambda",6918,"-",0,0,"CG","CGC"
"36414923","phage_lambda",6937,"+",0,0,"CG","CGG"
"36414924","phage_lambda",6938,"-",0,0,"CG","CGG"
"36414925","phage_lambda",6946,"+",0,0,"CG","CGA"
"36414926","phage_lambda",6947,"-",0,0,"CG","CGT"
"36414927","phage_lambda",6972,"+",0,0,"CG","CGC"
"36414928","phage_lambda",6973,"-",0,0,"CG","CGT"
"36414929","phage_lambda",6974,"+",0,0,"CG","CGG"
"36414930","phage_lambda",6975,"-",0,0,"CG","CGC"
"36414931","phage_lambda",6981,"+",0,0,"CG","CGC"
"36414932","phage_lambda",6982,"-",0,0,"CG","CGC"
"36414933","phage_lambda",7006,"+",0,0,"CG","CGG"
"36414934","phage_lambda",7007,"-",0,0,"CG","CGC"
"36414935","phage_lambda",7010,"+",0,0,"CG","CGC"
"36414936","phage_lambda",7011,"-",0,0,"CG","CGT"
"36414937","phage_lambda",7017,"+",0,0,"CG","CGC"
"36414938","phage_lambda",7018,"-",0,0,"CG","CGC"
"36414939","phage_lambda",7019,"+",0,0,"CG","CGA"
"36414940","phage_lambda",7020,"-",0,0,"CG","CGC"
"36414941","phage_lambda",7031,"+",0,0,"CG","CGC"
"36414942","phage_lambda",7032,"-",0,0,"CG","CGT"
"36414943","phage_lambda",7041,"+",0,0,"CG","CGT"
"36414944","phage_lambda",7042,"-",0,0,"CG","CGG"
"36414945","phage_lambda",7048,"+",0,0,"CG","CGA"
"36414946","phage_lambda",7049,"-",0,0,"CG","CGG"
"36414947","phage_lambda",7067,"+",0,0,"CG","CGG"
"36414948","phage_lambda",7068,"-",0,0,"CG","CGG"
"36414949","phage_lambda",7070,"+",0,0,"CG","CGA"
"36414950","phage_lambda",7071,"-",0,0,"CG","CGC"
"36414951","phage_lambda",7075,"+",0,0,"CG","CGG"
"36414952","phage_lambda",7076,"-",0,0,"CG","CGG"
"36414953","phage_lambda",7078,"+",0,0,"CG","CGC"
"36414954","phage_lambda",7079,"-",0,0,"CG","CGC"
"36414955","phage_lambda",7080,"+",0,0,"CG","CGT"
"36414956","phage_lambda",7081,"-",0,0,"CG","CGC"
"36414957","phage_lambda",7108,"+",0,0,"CG","CGC"
"36414958","phage_lambda",7109,"-",0,0,"CG","CGG"
"36414959","phage_lambda",7139,"+",0,0,"CG","CGT"
"36414960","phage_lambda",7140,"-",0,0,"CG","CGA"
"36414961","phage_lambda",7145,"+",0,0,"CG","CGT"
"36414962","phage_lambda",7146,"-",0,0,"CG","CGG"
"36414963","phage_lambda",7156,"+",0,0,"CG","CGT"
"36414964","phage_lambda",7157,"-",0,0,"CG","CGC"
"36414965","phage_lambda",7172,"+",0,0,"CG","CGG"
"36414966","phage_lambda",7173,"-",0,0,"CG","CGA"
"36414967","phage_lambda",7206,"+",0,0,"CG","CGA"
"36414968","phage_lambda",7207,"-",0,0,"CG","CGT"
"36414969","phage_lambda",7226,"+",0,0,"CG","CGT"
"36414970","phage_lambda",7227,"-",0,0,"CG","CGG"
"36414971","phage_lambda",7232,"+",0,0,"CG","CGC"
"36414972","phage_lambda",7233,"-",0,0,"CG","CGG"
"36414973","phage_lambda",7236,"+",0,0,"CG","CGC"
"36414974","phage_lambda",7237,"-",0,0,"CG","CGA"
"36414975","phage_lambda",7256,"+",0,0,"CG","CGT"
"36414976","phage_lambda",7257,"-",0,0,"CG","CGG"
"36414977","phage_lambda",7272,"+",0,0,"CG","CGG"
"36414978","phage_lambda",7273,"-",0,0,"CG","CGT"
"36414979","phage_lambda",7278,"+",0,0,"CG","CGA"
"36414980","phage_lambda",7279,"-",0,0,"CG","CGT"
"36414981","phage_lambda",7293,"+",0,0,"CG","CGC"
"36414982","phage_lambda",7294,"-",0,0,"CG","CGC"
"36414983","phage_lambda",7298,"+",0,0,"CG","CGT"
"36414984","phage_lambda",7299,"-",0,0,"CG","CGG"
"36414985","phage_lambda",7332,"+",0,1,"CG","CGG"
"36414986","phage_lambda",7333,"-",0,0,"CG","CGT"
"36414987","phage_lambda",7345,"+",1,0,"CG","CGG"
"36414988","phage_lambda",7346,"-",0,0,"CG","CGG"
"36414989","phage_lambda",7367,"+",0,1,"CG","CGG"
"36414990","phage_lambda",7368,"-",0,0,"CG","CGG"
"36414991","phage_lambda",7384,"+",1,0,"CG","CGG"
"36414992","phage_lambda",7385,"-",0,0,"CG","CGG"
"36414993","phage_lambda",7410,"+",0,1,"CG","CGC"
"36414994","phage_lambda",7411,"-",0,0,"CG","CGC"
"36414995","phage_lambda",7416,"+",0,1,"CG","CGG"
"36414996","phage_lambda",7417,"-",0,0,"CG","CGG"
"36414997","phage_lambda",7423,"+",0,1,"CG","CGT"
"36414998","phage_lambda",7424,"-",0,0,"CG","CGG"
"36414999","phage_lambda",7437,"+",0,1,"CG","CGT"
"36415000","phage_lambda",7438,"-",0,0,"CG","CGT"
"36415001","phage_lambda",7452,"+",0,1,"CG","CGG"
"36415002","phage_lambda",7453,"-",0,0,"CG","CGT"
"36415003","phage_lambda",7456,"+",0,1,"CG","CGT"
"36415004","phage_lambda",7457,"-",0,0,"CG","CGA"
"36415005","phage_lambda",7492,"+",0,2,"CG","CGC"
"36415006","phage_lambda",7493,"-",0,0,"CG","CGT"
"36415007","phage_lambda",7497,"+",0,2,"CG","CGC"
"36415008","phage_lambda",7498,"-",0,0,"CG","CGT"
"36415009","phage_lambda",7499,"+",0,2,"CG","CGG"
"36415010","phage_lambda",7500,"-",0,0,"CG","CGC"
"36415011","phage_lambda",7527,"+",0,2,"CG","CGG"
"36415012","phage_lambda",7528,"-",0,0,"CG","CGG"
"36415013","phage_lambda",7533,"+",0,2,"CG","CGG"
"36415014","phage_lambda",7534,"-",0,0,"CG","CGT"
"36415015","phage_lambda",7536,"+",0,2,"CG","CGT"
"36415016","phage_lambda",7537,"-",0,0,"CG","CGC"
"36415017","phage_lambda",7541,"+",0,2,"CG","CGT"
"36415018","phage_lambda",7542,"-",0,0,"CG","CGA"
"36415019","phage_lambda",7552,"+",0,2,"CG","CGG"
"36415020","phage_lambda",7553,"-",0,0,"CG","CGG"
"36415021","phage_lambda",7564,"+",0,2,"CG","CGA"
"36415022","phage_lambda",7565,"-",0,0,"CG","CGG"
"36415023","phage_lambda",7577,"+",0,1,"CG","CGC"
"36415024","phage_lambda",7578,"-",0,0,"CG","CGC"
"36415025","phage_lambda",7579,"+",0,1,"CG","CGG"
"36415026","phage_lambda",7580,"-",0,0,"CG","CGC"
"36415027","phage_lambda",7601,"+",0,1,"CG","CGG"
"36415028","phage_lambda",7602,"-",0,0,"CG","CGT"
"36415029","phage_lambda",7608,"+",0,1,"CG","CGC"
"36415030","phage_lambda",7609,"-",0,0,"CG","CGC"
"36415031","phage_lambda",7623,"+",0,1,"CG","CGA"
"36415032","phage_lambda",7624,"-",0,0,"CG","CGA"
"36415033","phage_lambda",7635,"+",0,0,"CG","CGA"
"36415034","phage_lambda",7636,"-",0,0,"CG","CGA"
"36415035","phage_lambda",7651,"+",0,0,"CG","CGC"
"36415036","phage_lambda",7652,"-",0,0,"CG","CGG"
"36415037","phage_lambda",7653,"+",0,0,"CG","CGC"
"36415038","phage_lambda",7654,"-",0,0,"CG","CGC"
"36415039","phage_lambda",7656,"+",0,0,"CG","CGA"
"36415040","phage_lambda",7657,"-",0,0,"CG","CGG"
"36415041","phage_lambda",7664,"+",0,0,"CG","CGA"
"36415042","phage_lambda",7665,"-",0,0,"CG","CGT"
"36415043","phage_lambda",7669,"+",0,0,"CG","CGC"
"36415044","phage_lambda",7670,"-",0,0,"CG","CGT"
"36415045","phage_lambda",7671,"+",0,0,"CG","CGG"
"36415046","phage_lambda",7672,"-",0,0,"CG","CGC"
"36415047","phage_lambda",7685,"+",0,0,"CG","CGT"
"36415048","phage_lambda",7686,"-",0,0,"CG","CGT"
"36415049","phage_lambda",7704,"+",0,0,"CG","CGG"
"36415050","phage_lambda",7705,"-",0,0,"CG","CGG"
"36415051","phage_lambda",7721,"+",0,0,"CG","CGG"
"36415052","phage_lambda",7722,"-",0,0,"CG","CGC"
"36415053","phage_lambda",7729,"+",0,0,"CG","CGT"
"36415054","phage_lambda",7730,"-",0,0,"CG","CGT"
"36415055","phage_lambda",7767,"+",0,0,"CG","CGG"
"36415056","phage_lambda",7768,"-",0,0,"CG","CGG"
"36415057","phage_lambda",7776,"+",0,0,"CG","CGT"
"36415058","phage_lambda",7777,"-",0,0,"CG","CGC"
"36415059","phage_lambda",7780,"+",0,0,"CG","CGC"
"36415060","phage_lambda",7781,"-",0,0,"CG","CGC"
"36415061","phage_lambda",7782,"+",0,0,"CG","CGT"
"36415062","phage_lambda",7783,"-",0,0,"CG","CGC"
"36415063","phage_lambda",7799,"+",0,0,"CG","CGT"
"36415064","phage_lambda",7800,"-",0,0,"CG","CGG"
"36415065","phage_lambda",7813,"+",0,0,"CG","CGG"
"36415066","phage_lambda",7814,"-",0,0,"CG","CGG"
"36415067","phage_lambda",7828,"+",0,0,"CG","CGG"
"36415068","phage_lambda",7829,"-",0,0,"CG","CGC"
"36415069","phage_lambda",7837,"+",0,0,"CG","CGG"
"36415070","phage_lambda",7838,"-",0,0,"CG","CGC"
"36415071","phage_lambda",7840,"+",0,0,"CG","CGT"
"36415072","phage_lambda",7841,"-",0,0,"CG","CGC"
"36415073","phage_lambda",7850,"+",0,0,"CG","CGC"
"36415074","phage_lambda",7851,"-",0,0,"CG","CGT"
"36415075","phage_lambda",7860,"+",0,0,"CG","CGG"
"36415076","phage_lambda",7861,"-",0,0,"CG","CGA"
"36415077","phage_lambda",7885,"+",0,0,"CG","CGG"
"36415078","phage_lambda",7886,"-",0,0,"CG","CGA"
"36415079","phage_lambda",7892,"+",0,0,"CG","CGC"
"36415080","phage_lambda",7893,"-",0,0,"CG","CGA"
"36415081","phage_lambda",7895,"+",0,0,"CG","CGG"
"36415082","phage_lambda",7896,"-",0,0,"CG","CGG"
"36415083","phage_lambda",7905,"+",0,0,"CG","CGG"
"36415084","phage_lambda",7906,"-",0,0,"CG","CGC"
"36415085","phage_lambda",7930,"+",0,0,"CG","CGG"
"36415086","phage_lambda",7931,"-",0,0,"CG","CGT"
"36415087","phage_lambda",7935,"+",0,0,"CG","CGT"
"36415088","phage_lambda",7936,"-",0,0,"CG","CGC"
"36415089","phage_lambda",7940,"+",0,0,"CG","CGC"
"36415090","phage_lambda",7941,"-",0,0,"CG","CGG"
"36415091","phage_lambda",7947,"+",0,0,"CG","CGT"
"36415092","phage_lambda",7948,"-",0,0,"CG","CGG"
"36415093","phage_lambda",7954,"+",0,0,"CG","CGT"
"36415094","phage_lambda",7955,"-",0,0,"CG","CGG"
"36415095","phage_lambda",7957,"+",0,0,"CG","CGC"
"36415096","phage_lambda",7958,"-",0,0,"CG","CGA"
"36415097","phage_lambda",7960,"+",0,0,"CG","CGC"
"36415098","phage_lambda",7961,"-",0,0,"CG","CGG"
"36415099","phage_lambda",8003,"+",0,0,"CG","CGT"
"36415100","phage_lambda",8004,"-",0,0,"CG","CGG"
"36415101","phage_lambda",8019,"+",0,0,"CG","CGT"
"36415102","phage_lambda",8020,"-",0,0,"CG","CGG"
"36415103","phage_lambda",8032,"+",0,0,"CG","CGG"
"36415104","phage_lambda",8033,"-",0,0,"CG","CGT"
"36415105","phage_lambda",8035,"+",0,0,"CG","CGG"
"36415106","phage_lambda",8036,"-",0,0,"CG","CGC"
"36415107","phage_lambda",8048,"+",0,0,"CG","CGC"
"36415108","phage_lambda",8049,"-",0,0,"CG","CGG"
"36415109","phage_lambda",8051,"+",0,0,"CG","CGC"
"36415110","phage_lambda",8052,"-",0,0,"CG","CGG"
"36415111","phage_lambda",8067,"+",0,0,"CG","CGC"
"36415112","phage_lambda",8068,"-",0,0,"CG","CGG"
"36415113","phage_lambda",8069,"+",0,0,"CG","CGT"
"36415114","phage_lambda",8070,"-",0,0,"CG","CGC"
"36415115","phage_lambda",8081,"+",0,0,"CG","CGC"
"36415116","phage_lambda",8082,"-",0,0,"CG","CGG"
"36415117","phage_lambda",8083,"+",0,0,"CG","CGA"
"36415118","phage_lambda",8084,"-",0,0,"CG","CGC"
"36415119","phage_lambda",8089,"+",0,0,"CG","CGC"
"36415120","phage_lambda",8090,"-",0,0,"CG","CGA"
"36415121","phage_lambda",8095,"+",0,0,"CG","CGG"
"36415122","phage_lambda",8096,"-",0,0,"CG","CGA"
"36415123","phage_lambda",8098,"+",0,0,"CG","CGT"
"36415124","phage_lambda",8099,"-",0,0,"CG","CGC"
"36415125","phage_lambda",8112,"+",0,0,"CG","CGT"
"36415126","phage_lambda",8113,"-",0,0,"CG","CGG"
"36415127","phage_lambda",8127,"+",0,0,"CG","CGC"
"36415128","phage_lambda",8128,"-",0,0,"CG","CGT"
"36415129","phage_lambda",8130,"+",0,0,"CG","CGG"
"36415130","phage_lambda",8131,"-",0,0,"CG","CGG"
"36415131","phage_lambda",8170,"+",0,0,"CG","CGG"
"36415132","phage_lambda",8171,"-",0,0,"CG","CGT"
"36415133","phage_lambda",8182,"+",0,0,"CG","CGC"
"36415134","phage_lambda",8183,"-",0,0,"CG","CGG"
"36415135","phage_lambda",8205,"+",0,0,"CG","CGG"
"36415136","phage_lambda",8206,"-",0,0,"CG","CGG"
"36415137","phage_lambda",8219,"+",0,0,"CG","CGT"
"36415138","phage_lambda",8220,"-",0,0,"CG","CGG"
"36415139","phage_lambda",8239,"+",0,0,"CG","CGC"
"36415140","phage_lambda",8240,"-",0,0,"CG","CGC"
"36415141","phage_lambda",8241,"+",0,0,"CG","CGG"
"36415142","phage_lambda",8242,"-",0,0,"CG","CGC"
"36415143","phage_lambda",8254,"+",0,0,"CG","CGC"
"36415144","phage_lambda",8255,"-",0,0,"CG","CGA"
"36415145","phage_lambda",8256,"+",0,0,"CG","CGC"
"36415146","phage_lambda",8257,"-",0,0,"CG","CGC"
"36415147","phage_lambda",8259,"+",0,0,"CG","CGC"
"36415148","phage_lambda",8260,"-",0,0,"CG","CGG"
"36415149","phage_lambda",8265,"+",0,0,"CG","CGT"
"36415150","phage_lambda",8266,"-",0,0,"CG","CGC"
"36415151","phage_lambda",8268,"+",0,0,"CG","CGT"
"36415152","phage_lambda",8269,"-",0,0,"CG","CGA"
"36415153","phage_lambda",8283,"+",0,0,"CG","CGT"
"36415154","phage_lambda",8284,"-",0,0,"CG","CGC"
"36415155","phage_lambda",8303,"+",0,0,"CG","CGG"
"36415156","phage_lambda",8304,"-",0,0,"CG","CGC"
"36415157","phage_lambda",8309,"+",0,0,"CG","CGT"
"36415158","phage_lambda",8310,"-",0,0,"CG","CGC"
"36415159","phage_lambda",8328,"+",0,0,"CG","CGT"
"36415160","phage_lambda",8329,"-",0,0,"CG","CGG"
"36415161","phage_lambda",8331,"+",0,0,"CG","CGT"
"36415162","phage_lambda",8332,"-",0,0,"CG","CGA"
"36415163","phage_lambda",8339,"+",0,0,"CG","CGG"
"36415164","phage_lambda",8340,"-",0,0,"CG","CGG"
"36415165","phage_lambda",8342,"+",0,0,"CG","CGC"
"36415166","phage_lambda",8343,"-",0,0,"CG","CGC"
"36415167","phage_lambda",8344,"+",0,0,"CG","CGT"
"36415168","phage_lambda",8345,"-",0,0,"CG","CGC"
"36415169","phage_lambda",8370,"+",0,0,"CG","CGG"
"36415170","phage_lambda",8371,"-",0,0,"CG","CGG"
"36415171","phage_lambda",8388,"+",0,0,"CG","CGT"
"36415172","phage_lambda",8389,"-",0,0,"CG","CGC"
"36415173","phage_lambda",8406,"+",0,0,"CG","CGT"
"36415174","phage_lambda",8407,"-",0,0,"CG","CGG"
"36415175","phage_lambda",8434,"+",0,0,"CG","CGA"
"36415176","phage_lambda",8435,"-",0,0,"CG","CGG"
"36415177","phage_lambda",8440,"+",0,0,"CG","CGG"
"36415178","phage_lambda",8441,"-",0,0,"CG","CGC"
"36415179","phage_lambda",8446,"+",0,0,"CG","CGC"
"36415180","phage_lambda",8447,"-",0,0,"CG","CGG"
"36415181","phage_lambda",8455,"+",0,0,"CG","CGG"
"36415182","phage_lambda",8456,"-",0,0,"CG","CGT"
"36415183","phage_lambda",8458,"+",0,0,"CG","CGT"
"36415184","phage_lambda",8459,"-",0,0,"CG","CGC"
"36415185","phage_lambda",8478,"+",0,0,"CG","CGG"
"36415186","phage_lambda",8479,"-",0,0,"CG","CGC"
"36415187","phage_lambda",8484,"+",0,0,"CG","CGG"
"36415188","phage_lambda",8485,"-",0,0,"CG","CGT"
"36415189","phage_lambda",8487,"+",0,0,"CG","CGT"
"36415190","phage_lambda",8488,"-",0,0,"CG","CGC"
"36415191","phage_lambda",8493,"+",0,0,"CG","CGT"
"36415192","phage_lambda",8494,"-",0,0,"CG","CGT"
"36415193","phage_lambda",8500,"+",0,0,"CG","CGA"
"36415194","phage_lambda",8501,"-",0,0,"CG","CGG"
"36415195","phage_lambda",8518,"+",0,0,"CG","CGC"
"36415196","phage_lambda",8519,"-",0,0,"CG","CGC"
"36415197","phage_lambda",8550,"+",0,0,"CG","CGA"
"36415198","phage_lambda",8551,"-",0,0,"CG","CGC"
"36415199","phage_lambda",8570,"+",0,0,"CG","CGT"
"36415200","phage_lambda",8571,"-",0,0,"CG","CGG"
"36415201","phage_lambda",8578,"+",0,0,"CG","CGT"
"36415202","phage_lambda",8579,"-",0,0,"CG","CGG"
"36415203","phage_lambda",8608,"+",0,0,"CG","CGG"
"36415204","phage_lambda",8609,"-",0,0,"CG","CGG"
"36415205","phage_lambda",8613,"+",0,0,"CG","CGA"
"36415206","phage_lambda",8614,"-",0,0,"CG","CGC"
"36415207","phage_lambda",8616,"+",0,0,"CG","CGT"
"36415208","phage_lambda",8617,"-",0,0,"CG","CGT"
"36415209","phage_lambda",8630,"+",0,0,"CG","CGC"
"36415210","phage_lambda",8631,"-",0,0,"CG","CGA"
"36415211","phage_lambda",8635,"+",0,0,"CG","CGC"
"36415212","phage_lambda",8636,"-",0,0,"CG","CGG"
"36415213","phage_lambda",8652,"+",0,0,"CG","CGG"
"36415214","phage_lambda",8653,"-",0,0,"CG","CGC"
"36415215","phage_lambda",8661,"+",0,0,"CG","CGG"
"36415216","phage_lambda",8662,"-",0,0,"CG","CGG"
"36415217","phage_lambda",8671,"+",0,0,"CG","CGT"
"36415218","phage_lambda",8672,"-",0,0,"CG","CGG"
"36415219","phage_lambda",8683,"+",0,0,"CG","CGG"
"36415220","phage_lambda",8684,"-",0,0,"CG","CGG"
"36415221","phage_lambda",8686,"+",0,0,"CG","CGC"
"36415222","phage_lambda",8687,"-",0,0,"CG","CGC"
"36415223","phage_lambda",8697,"+",0,0,"CG","CGG"
"36415224","phage_lambda",8698,"-",0,0,"CG","CGT"
"36415225","phage_lambda",8701,"+",0,0,"CG","CGA"
"36415226","phage_lambda",8702,"-",0,0,"CG","CGC"
"36415227","phage_lambda",8716,"+",0,0,"CG","CGA"
"36415228","phage_lambda",8717,"-",0,0,"CG","CGC"
"36415229","phage_lambda",8730,"+",0,0,"CG","CGG"
"36415230","phage_lambda",8731,"-",0,0,"CG","CGC"
"36415231","phage_lambda",8743,"+",0,0,"CG","CGA"
"36415232","phage_lambda",8744,"-",0,0,"CG","CGA"
"36415233","phage_lambda",8769,"+",0,0,"CG","CGG"
"36415234","phage_lambda",8770,"-",0,0,"CG","CGG"
"36415235","phage_lambda",8787,"+",0,0,"CG","CGT"
"36415236","phage_lambda",8788,"-",0,0,"CG","CGC"
"36415237","phage_lambda",8801,"+",0,0,"CG","CGG"
"36415238","phage_lambda",8802,"-",0,0,"CG","CGG"
"36415239","phage_lambda",8811,"+",0,0,"CG","CGG"
"36415240","phage_lambda",8812,"-",0,0,"CG","CGG"
"36415241","phage_lambda",8821,"+",0,0,"CG","CGA"
"36415242","phage_lambda",8822,"-",0,0,"CG","CGC"
"36415243","phage_lambda",8829,"+",0,0,"CG","CGG"
"36415244","phage_lambda",8830,"-",0,0,"CG","CGG"
"36415245","phage_lambda",8866,"+",0,0,"CG","CGG"
"36415246","phage_lambda",8867,"-",0,0,"CG","CGC"
"36415247","phage_lambda",8879,"+",0,0,"CG","CGG"
"36415248","phage_lambda",8880,"-",0,0,"CG","CGG"
"36415249","phage_lambda",8882,"+",0,0,"CG","CGC"
"36415250","phage_lambda",8883,"-",0,0,"CG","CGC"
"36415251","phage_lambda",8884,"+",0,0,"CG","CGA"
"36415252","phage_lambda",8885,"-",0,0,"CG","CGC"
"36415253","phage_lambda",8887,"+",0,0,"CG","CGA"
"36415254","phage_lambda",8888,"-",0,0,"CG","CGT"
"36415255","phage_lambda",8895,"+",0,0,"CG","CGG"
"36415256","phage_lambda",8896,"-",0,0,"CG","CGC"
"36415257","phage_lambda",8914,"+",0,0,"CG","CGA"
"36415258","phage_lambda",8915,"-",0,0,"CG","CGG"
"36415259","phage_lambda",8951,"+",0,0,"CG","CGC"
"36415260","phage_lambda",8952,"-",0,0,"CG","CGT"
"36415261","phage_lambda",8980,"+",0,0,"CG","CGG"
"36415262","phage_lambda",8981,"-",0,0,"CG","CGG"
"36415263","phage_lambda",8993,"+",0,0,"CG","CGG"
"36415264","phage_lambda",8994,"-",0,0,"CG","CGG"
"36415265","phage_lambda",9023,"+",0,0,"CG","CGG"
"36415266","phage_lambda",9024,"-",0,0,"CG","CGC"
"36415267","phage_lambda",9035,"+",0,0,"CG","CGC"
"36415268","phage_lambda",9036,"-",0,0,"CG","CGT"
"36415269","phage_lambda",9037,"+",0,0,"CG","CGA"
"36415270","phage_lambda",9038,"-",0,0,"CG","CGC"
"36415271","phage_lambda",9043,"+",0,0,"CG","CGC"
"36415272","phage_lambda",9044,"-",0,0,"CG","CGG"
"36415273","phage_lambda",9053,"+",0,0,"CG","CGT"
"36415274","phage_lambda",9054,"-",0,0,"CG","CGT"
"36415275","phage_lambda",9064,"+",0,0,"CG","CGC"
"36415276","phage_lambda",9065,"-",0,0,"CG","CGA"
"36415277","phage_lambda",9066,"+",0,0,"CG","CGT"
"36415278","phage_lambda",9067,"-",0,0,"CG","CGC"
"36415279","phage_lambda",9091,"+",0,0,"CG","CGC"
"36415280","phage_lambda",9092,"-",0,0,"CG","CGT"
"36415281","phage_lambda",9095,"+",0,0,"CG","CGG"
"36415282","phage_lambda",9096,"-",0,0,"CG","CGG"
"36415283","phage_lambda",9098,"+",0,0,"CG","CGA"
"36415284","phage_lambda",9099,"-",0,0,"CG","CGC"
"36415285","phage_lambda",9107,"+",0,0,"CG","CGC"
"36415286","phage_lambda",9108,"-",0,0,"CG","CGG"
"36415287","phage_lambda",9122,"+",0,0,"CG","CGA"
"36415288","phage_lambda",9123,"-",0,0,"CG","CGT"
"36415289","phage_lambda",9134,"+",0,0,"CG","CGA"
"36415290","phage_lambda",9135,"-",0,0,"CG","CGA"
"36415291","phage_lambda",9160,"+",0,0,"CG","CGA"
"36415292","phage_lambda",9161,"-",0,0,"CG","CGC"
"36415293","phage_lambda",9164,"+",0,0,"CG","CGG"
"36415294","phage_lambda",9165,"-",0,0,"CG","CGG"
"36415295","phage_lambda",9185,"+",0,0,"CG","CGG"
"36415296","phage_lambda",9186,"-",0,0,"CG","CGG"
"36415297","phage_lambda",9202,"+",0,0,"CG","CGC"
"36415298","phage_lambda",9203,"-",0,0,"CG","CGT"
"36415299","phage_lambda",9208,"+",0,0,"CG","CGT"
"36415300","phage_lambda",9209,"-",0,0,"CG","CGC"
"36415301","phage_lambda",9218,"+",0,1,"CG","CGG"
"36415302","phage_lambda",9219,"-",0,0,"CG","CGG"
"36415303","phage_lambda",9238,"+",0,1,"CG","CGC"
"36415304","phage_lambda",9239,"-",0,0,"CG","CGC"
"36415305","phage_lambda",9247,"+",0,1,"CG","CGT"
"36415306","phage_lambda",9248,"-",0,0,"CG","CGC"
"36415307","phage_lambda",9263,"+",0,1,"CG","CGA"
"36415308","phage_lambda",9264,"-",0,0,"CG","CGC"
"36415309","phage_lambda",9270,"+",0,1,"CG","CGT"
"36415310","phage_lambda",9271,"-",0,0,"CG","CGG"
"36415311","phage_lambda",9285,"+",0,1,"CG","CGC"
"36415312","phage_lambda",9286,"-",0,0,"CG","CGG"
"36415313","phage_lambda",9292,"+",0,1,"CG","CGA"
"36415314","phage_lambda",9293,"-",0,0,"CG","CGG"
"36415315","phage_lambda",9296,"+",0,1,"CG","CGG"
"36415316","phage_lambda",9297,"-",0,0,"CG","CGT"
"36415317","phage_lambda",9301,"+",0,1,"CG","CGG"
"36415318","phage_lambda",9302,"-",0,0,"CG","CGT"
"36415319","phage_lambda",9305,"+",0,1,"CG","CGA"
"36415320","phage_lambda",9306,"-",0,0,"CG","CGA"
"36415321","phage_lambda",9315,"+",0,1,"CG","CGT"
"36415322","phage_lambda",9316,"-",0,0,"CG","CGG"
"36415323","phage_lambda",9335,"+",0,1,"CG","CGG"
"36415324","phage_lambda",9336,"-",0,0,"CG","CGA"
"36415325","phage_lambda",9343,"+",0,1,"CG","CGG"
"36415326","phage_lambda",9344,"-",0,0,"CG","CGC"
"36415327","phage_lambda",9349,"+",0,1,"CG","CGG"
"36415328","phage_lambda",9350,"-",0,0,"CG","CGT"
"36415329","phage_lambda",9352,"+",0,1,"CG","CGA"
"36415330","phage_lambda",9353,"-",0,0,"CG","CGC"
"36415331","phage_lambda",9369,"+",0,1,"CG","CGC"
"36415332","phage_lambda",9370,"-",0,0,"CG","CGG"
"36415333","phage_lambda",9373,"+",0,1,"CG","CGG"
"36415334","phage_lambda",9374,"-",0,0,"CG","CGT"
"36415335","phage_lambda",9396,"+",0,1,"CG","CGT"
"36415336","phage_lambda",9397,"-",0,0,"CG","CGT"
"36415337","phage_lambda",9400,"+",0,1,"CG","CGT"
"36415338","phage_lambda",9401,"-",0,0,"CG","CGG"
"36415339","phage_lambda",9403,"+",0,1,"CG","CGA"
"36415340","phage_lambda",9404,"-",0,0,"CG","CGA"
"36415341","phage_lambda",9417,"+",0,1,"CG","CGC"
"36415342","phage_lambda",9418,"-",0,0,"CG","CGA"
"36415343","phage_lambda",9424,"+",0,1,"CG","CGG"
"36415344","phage_lambda",9425,"-",0,0,"CG","CGT"
"36415345","phage_lambda",9433,"+",1,0,"CG","CGG"
"36415346","phage_lambda",9434,"-",0,0,"CG","CGC"
"36415347","phage_lambda",9440,"+",0,1,"CG","CGG"
"36415348","phage_lambda",9441,"-",0,0,"CG","CGG"
"36415349","phage_lambda",9449,"+",0,1,"CG","CGT"
"36415350","phage_lambda",9450,"-",0,0,"CG","CGG"
"36415351","phage_lambda",9454,"+",0,1,"CG","CGC"
"36415352","phage_lambda",9455,"-",0,0,"CG","CGT"
"36415353","phage_lambda",9469,"+",0,1,"CG","CGG"
"36415354","phage_lambda",9470,"-",0,0,"CG","CGA"
"36415355","phage_lambda",9493,"+",0,1,"CG","CGC"
"36415356","phage_lambda",9494,"-",0,0,"CG","CGT"
"36415357","phage_lambda",9500,"+",0,1,"CG","CGT"
"36415358","phage_lambda",9501,"-",0,0,"CG","CGG"
"36415359","phage_lambda",9514,"+",0,0,"CG","CGG"
"36415360","phage_lambda",9515,"-",0,0,"CG","CGG"
"36415361","phage_lambda",9521,"+",0,0,"CG","CGT"
"36415362","phage_lambda",9522,"-",0,0,"CG","CGC"
"36415363","phage_lambda",9527,"+",0,0,"CG","CGA"
"36415364","phage_lambda",9528,"-",0,0,"CG","CGG"
"36415365","phage_lambda",9540,"+",0,0,"CG","CGT"
"36415366","phage_lambda",9541,"-",0,0,"CG","CGA"
"36415367","phage_lambda",9544,"+",0,0,"CG","CGG"
"36415368","phage_lambda",9545,"-",0,0,"CG","CGC"
"36415369","phage_lambda",9553,"+",0,0,"CG","CGG"
"36415370","phage_lambda",9554,"-",0,0,"CG","CGC"
"36415371","phage_lambda",9572,"+",0,0,"CG","CGT"
"36415372","phage_lambda",9573,"-",0,0,"CG","CGG"
"36415373","phage_lambda",9577,"+",0,0,"CG","CGG"
"36415374","phage_lambda",9578,"-",0,0,"CG","CGA"
"36415375","phage_lambda",9599,"+",0,0,"CG","CGT"
"36415376","phage_lambda",9600,"-",0,0,"CG","CGG"
"36415377","phage_lambda",9605,"+",0,0,"CG","CGG"
"36415378","phage_lambda",9606,"-",0,0,"CG","CGT"
"36415379","phage_lambda",9608,"+",0,0,"CG","CGT"
"36415380","phage_lambda",9609,"-",0,0,"CG","CGC"
"36415381","phage_lambda",9634,"+",0,0,"CG","CGG"
"36415382","phage_lambda",9635,"-",0,1,"CG","CGG"
"36415383","phage_lambda",9644,"+",0,0,"CG","CGG"
"36415384","phage_lambda",9645,"-",0,1,"CG","CGG"
"36415385","phage_lambda",9664,"+",0,0,"CG","CGG"
"36415386","phage_lambda",9665,"-",0,1,"CG","CGC"
"36415387","phage_lambda",9680,"+",0,0,"CG","CGT"
"36415388","phage_lambda",9681,"-",0,1,"CG","CGG"
"36415389","phage_lambda",9686,"+",0,0,"CG","CGC"
"36415390","phage_lambda",9687,"-",0,1,"CG","CGG"
"36415391","phage_lambda",9698,"+",0,0,"CG","CGG"
"36415392","phage_lambda",9699,"-",0,1,"CG","CGG"
"36415393","phage_lambda",9709,"+",0,0,"CG","CGA"
"36415394","phage_lambda",9710,"-",0,1,"CG","CGC"
"36415395","phage_lambda",9725,"+",0,0,"CG","CGA"
"36415396","phage_lambda",9726,"-",0,1,"CG","CGG"
"36415397","phage_lambda",9743,"+",0,0,"CG","CGG"
"36415398","phage_lambda",9744,"-",0,1,"CG","CGT"
"36415399","phage_lambda",9752,"+",0,0,"CG","CGT"
"36415400","phage_lambda",9753,"-",0,1,"CG","CGG"
"36415401","phage_lambda",9757,"+",0,0,"CG","CGC"
"36415402","phage_lambda",9758,"-",0,1,"CG","CGT"
"36415403","phage_lambda",9783,"+",0,0,"CG","CGC"
"36415404","phage_lambda",9784,"-",0,1,"CG","CGC"
"36415405","phage_lambda",9797,"+",0,0,"CG","CGC"
"36415406","phage_lambda",9798,"-",0,1,"CG","CGA"
"36415407","phage_lambda",9810,"+",0,0,"CG","CGG"
"36415408","phage_lambda",9811,"-",0,1,"CG","CGT"
"36415409","phage_lambda",9826,"+",0,0,"CG","CGG"
"36415410","phage_lambda",9827,"-",0,1,"CG","CGC"
"36415411","phage_lambda",9843,"+",0,0,"CG","CGG"
"36415412","phage_lambda",9844,"-",0,1,"CG","CGG"
"36415413","phage_lambda",9863,"+",0,0,"CG","CGC"
"36415414","phage_lambda",9864,"-",1,0,"CG","CGT"
"36415415","phage_lambda",9875,"+",0,0,"CG","CGG"
"36415416","phage_lambda",9876,"-",0,1,"CG","CGG"
"36415417","phage_lambda",9878,"+",0,0,"CG","CGC"
"36415418","phage_lambda",9879,"-",1,0,"CG","CGC"
"36415419","phage_lambda",9880,"+",0,0,"CG","CGT"
"36415420","phage_lambda",9881,"-",1,0,"CG","CGC"
"36415421","phage_lambda",9892,"+",0,0,"CG","CGA"
"36415422","phage_lambda",9893,"-",0,1,"CG","CGC"
"36415423","phage_lambda",9916,"+",0,0,"CG","CGC"
"36415424","phage_lambda",9917,"-",0,0,"CG","CGG"
"36415425","phage_lambda",9925,"+",0,0,"CG","CGC"
"36415426","phage_lambda",9926,"-",0,0,"CG","CGT"
"36415427","phage_lambda",9934,"+",0,0,"CG","CGT"
"36415428","phage_lambda",9935,"-",0,0,"CG","CGG"
"36415429","phage_lambda",9950,"+",0,0,"CG","CGT"
"36415430","phage_lambda",9951,"-",0,0,"CG","CGG"
"36415431","phage_lambda",9991,"+",0,0,"CG","CGG"
"36415432","phage_lambda",9992,"-",0,0,"CG","CGT"
"36415433","phage_lambda",10016,"+",0,0,"CG","CGT"
"36415434","phage_lambda",10017,"-",0,0,"CG","CGT"
"36415435","phage_lambda",10026,"+",0,0,"CG","CGG"
"36415436","phage_lambda",10027,"-",0,0,"CG","CGG"
"36415437","phage_lambda",10082,"+",0,0,"CG","CGC"
"36415438","phage_lambda",10083,"-",0,0,"CG","CGT"
"36415439","phage_lambda",10085,"+",0,0,"CG","CGG"
"36415440","phage_lambda",10086,"-",0,0,"CG","CGG"
"36415441","phage_lambda",10091,"+",0,0,"CG","CGC"
"36415442","phage_lambda",10092,"-",0,0,"CG","CGG"
"36415443","phage_lambda",10108,"+",0,0,"CG","CGG"
"36415444","phage_lambda",10109,"-",0,0,"CG","CGC"
"36415445","phage_lambda",10120,"+",0,0,"CG","CGA"
"36415446","phage_lambda",10121,"-",0,0,"CG","CGA"
"36415447","phage_lambda",10123,"+",0,0,"CG","CGG"
"36415448","phage_lambda",10124,"-",0,0,"CG","CGT"
"36415449","phage_lambda",10152,"+",0,0,"CG","CGC"
"36415450","phage_lambda",10153,"-",0,0,"CG","CGC"
"36415451","phage_lambda",10154,"+",0,0,"CG","CGT"
"36415452","phage_lambda",10155,"-",0,0,"CG","CGC"
"36415453","phage_lambda",10166,"+",0,0,"CG","CGA"
"36415454","phage_lambda",10167,"-",0,0,"CG","CGC"
"36415455","phage_lambda",10171,"+",0,0,"CG","CGA"
"36415456","phage_lambda",10172,"-",0,0,"CG","CGG"
"36415457","phage_lambda",10178,"+",0,0,"CG","CGT"
"36415458","phage_lambda",10179,"-",0,0,"CG","CGC"
"36415459","phage_lambda",10192,"+",0,0,"CG","CGG"
"36415460","phage_lambda",10193,"-",0,0,"CG","CGG"
"36415461","phage_lambda",10206,"+",0,0,"CG","CGG"
"36415462","phage_lambda",10207,"-",0,0,"CG","CGT"
"36415463","phage_lambda",10216,"+",0,0,"CG","CGA"
"36415464","phage_lambda",10217,"-",0,0,"CG","CGG"
"36415465","phage_lambda",10226,"+",0,0,"CG","CGC"
"36415466","phage_lambda",10227,"-",0,0,"CG","CGG"
"36415467","phage_lambda",10279,"+",0,0,"CG","CGG"
"36415468","phage_lambda",10280,"-",0,0,"CG","CGG"
"36415469","phage_lambda",10287,"+",0,0,"CG","CGT"
"36415470","phage_lambda",10288,"-",0,0,"CG","CGT"
"36415471","phage_lambda",10294,"+",0,0,"CG","CGT"
"36415472","phage_lambda",10295,"-",0,0,"CG","CGG"
"36415473","phage_lambda",10315,"+",0,0,"CG","CGA"
"36415474","phage_lambda",10316,"-",0,0,"CG","CGC"
"36415475","phage_lambda",10320,"+",0,0,"CG","CGG"
"36415476","phage_lambda",10321,"-",0,0,"CG","CGG"
"36415477","phage_lambda",10332,"+",0,0,"CG","CGC"
"36415478","phage_lambda",10333,"-",0,0,"CG","CGG"
"36415479","phage_lambda",10355,"+",0,0,"CG","CGG"
"36415480","phage_lambda",10356,"-",0,0,"CG","CGG"
"36415481","phage_lambda",10358,"+",0,0,"CG","CGC"
"36415482","phage_lambda",10359,"-",0,0,"CG","CGC"
"36415483","phage_lambda",10360,"+",0,0,"CG","CGA"
"36415484","phage_lambda",10361,"-",0,0,"CG","CGC"
"36415485","phage_lambda",10369,"+",0,0,"CG","CGA"
"36415486","phage_lambda",10370,"-",0,0,"CG","CGT"
"36415487","phage_lambda",10404,"+",0,0,"CG","CGG"
"36415488","phage_lambda",10405,"-",0,0,"CG","CGC"
"36415489","phage_lambda",10417,"+",0,0,"CG","CGG"
"36415490","phage_lambda",10418,"-",0,0,"CG","CGG"
"36415491","phage_lambda",10427,"+",0,1,"CG","CGC"
"36415492","phage_lambda",10428,"-",0,0,"CG","CGG"
"36415493","phage_lambda",10437,"+",0,1,"CG","CGG"
"36415494","phage_lambda",10438,"-",0,0,"CG","CGG"
"36415495","phage_lambda",10441,"+",0,1,"CG","CGG"
"36415496","phage_lambda",10442,"-",0,0,"CG","CGT"
"36415497","phage_lambda",10459,"+",0,1,"CG","CGC"
"36415498","phage_lambda",10460,"-",0,1,"CG","CGG"
"36415499","phage_lambda",10467,"+",0,1,"CG","CGG"
"36415500","phage_lambda",10468,"-",0,1,"CG","CGG"
"36415501","phage_lambda",10476,"+",0,1,"CG","CGG"
"36415502","phage_lambda",10477,"-",0,1,"CG","CGC"
"36415503","phage_lambda",10485,"+",0,1,"CG","CGG"
"36415504","phage_lambda",10486,"-",0,1,"CG","CGT"
"36415505","phage_lambda",10495,"+",0,1,"CG","CGT"
"36415506","phage_lambda",10496,"-",0,1,"CG","CGT"
"36415507","phage_lambda",10525,"+",0,1,"CG","CGC"
"36415508","phage_lambda",10526,"-",0,1,"CG","CGA"
"36415509","phage_lambda",10538,"+",0,1,"CG","CGG"
"36415510","phage_lambda",10539,"-",0,1,"CG","CGG"
"36415511","phage_lambda",10552,"+",0,1,"CG","CGG"
"36415512","phage_lambda",10553,"-",0,1,"CG","CGG"
"36415513","phage_lambda",10559,"+",0,1,"CG","CGA"
"36415514","phage_lambda",10560,"-",0,1,"CG","CGC"
"36415515","phage_lambda",10568,"+",0,1,"CG","CGT"
"36415516","phage_lambda",10569,"-",0,1,"CG","CGA"
"36415517","phage_lambda",10588,"+",0,0,"CG","CGG"
"36415518","phage_lambda",10589,"-",0,1,"CG","CGC"
"36415519","phage_lambda",10601,"+",0,0,"CG","CGA"
"36415520","phage_lambda",10602,"-",0,1,"CG","CGT"
"36415521","phage_lambda",10623,"+",0,0,"CG","CGT"
"36415522","phage_lambda",10624,"-",0,1,"CG","CGC"
"36415523","phage_lambda",10639,"+",0,0,"CG","CGG"
"36415524","phage_lambda",10640,"-",0,1,"CG","CGT"
"36415525","phage_lambda",10651,"+",0,0,"CG","CGA"
"36415526","phage_lambda",10652,"-",0,0,"CG","CGC"
"36415527","phage_lambda",10663,"+",0,0,"CG","CGG"
"36415528","phage_lambda",10664,"-",0,0,"CG","CGC"
"36415529","phage_lambda",10670,"+",0,0,"CG","CGT"
"36415530","phage_lambda",10671,"-",0,0,"CG","CGA"
"36415531","phage_lambda",10681,"+",0,0,"CG","CGC"
"36415532","phage_lambda",10682,"-",0,0,"CG","CGA"
"36415533","phage_lambda",10689,"+",0,0,"CG","CGA"
"36415534","phage_lambda",10690,"-",0,0,"CG","CGG"
"36415535","phage_lambda",10696,"+",0,0,"CG","CGC"
"36415536","phage_lambda",10697,"-",0,0,"CG","CGC"
"36415537","phage_lambda",10714,"+",0,0,"CG","CGG"
"36415538","phage_lambda",10715,"-",0,0,"CG","CGC"
"36415539","phage_lambda",10724,"+",0,0,"CG","CGT"
"36415540","phage_lambda",10725,"-",0,0,"CG","CGG"
"36415541","phage_lambda",10727,"+",0,0,"CG","CGG"
"36415542","phage_lambda",10728,"-",0,0,"CG","CGA"
"36415543","phage_lambda",10742,"+",0,0,"CG","CGC"
"36415544","phage_lambda",10743,"-",0,0,"CG","CGG"
"36415545","phage_lambda",10749,"+",0,0,"CG","CGT"
"36415546","phage_lambda",10750,"-",0,0,"CG","CGC"
"36415547","phage_lambda",10772,"+",0,0,"CG","CGA"
"36415548","phage_lambda",10773,"-",0,0,"CG","CGG"
"36415549","phage_lambda",10775,"+",0,0,"CG","CGT"
"36415550","phage_lambda",10776,"-",0,0,"CG","CGT"
"36415551","phage_lambda",10783,"+",0,0,"CG","CGC"
"36415552","phage_lambda",10784,"-",0,0,"CG","CGT"
"36415553","phage_lambda",10796,"+",0,0,"CG","CGG"
"36415554","phage_lambda",10797,"-",0,0,"CG","CGC"
"36415555","phage_lambda",10807,"+",0,0,"CG","CGT"
"36415556","phage_lambda",10808,"-",0,0,"CG","CGG"
"36415557","phage_lambda",10853,"+",0,0,"CG","CGG"
"36415558","phage_lambda",10854,"-",0,0,"CG","CGA"
"36415559","phage_lambda",10856,"+",0,0,"CG","CGG"
"36415560","phage_lambda",10857,"-",0,0,"CG","CGC"
"36415561","phage_lambda",10886,"+",0,0,"CG","CGG"
"36415562","phage_lambda",10887,"-",0,0,"CG","CGG"
"36415563","phage_lambda",10891,"+",0,0,"CG","CGA"
"36415564","phage_lambda",10892,"-",0,0,"CG","CGC"
"36415565","phage_lambda",10903,"+",0,0,"CG","CGA"
"36415566","phage_lambda",10904,"-",0,0,"CG","CGG"
"36415567","phage_lambda",10921,"+",0,0,"CG","CGC"
"36415568","phage_lambda",10922,"-",0,0,"CG","CGA"
"36415569","phage_lambda",10927,"+",0,0,"CG","CGG"
"36415570","phage_lambda",10928,"-",0,0,"CG","CGC"
"36415571","phage_lambda",10933,"+",0,0,"CG","CGA"
"36415572","phage_lambda",10934,"-",0,0,"CG","CGC"
"36415573","phage_lambda",10937,"+",0,0,"CG","CGG"
"36415574","phage_lambda",10938,"-",0,0,"CG","CGG"
"36415575","phage_lambda",10942,"+",0,0,"CG","CGC"
"36415576","phage_lambda",10943,"-",0,0,"CG","CGC"
"36415577","phage_lambda",10948,"+",0,0,"CG","CGT"
"36415578","phage_lambda",10949,"-",0,0,"CG","CGC"
"36415579","phage_lambda",10982,"+",0,0,"CG","CGA"
"36415580","phage_lambda",10983,"-",0,0,"CG","CGG"
"36415581","phage_lambda",10996,"+",0,0,"CG","CGC"
"36415582","phage_lambda",10997,"-",0,0,"CG","CGT"
"36415583","phage_lambda",11009,"+",0,0,"CG","CGG"
"36415584","phage_lambda",11010,"-",0,0,"CG","CGG"
"36415585","phage_lambda",11020,"+",0,0,"CG","CGG"
"36415586","phage_lambda",11021,"-",0,0,"CG","CGC"
"36415587","phage_lambda",11029,"+",0,0,"CG","CGG"
"36415588","phage_lambda",11030,"-",0,0,"CG","CGT"
"36415589","phage_lambda",11037,"+",0,0,"CG","CGT"
"36415590","phage_lambda",11038,"-",0,0,"CG","CGA"
"36415591","phage_lambda",11060,"+",0,0,"CG","CGG"
"36415592","phage_lambda",11061,"-",0,0,"CG","CGG"
"36415593","phage_lambda",11068,"+",0,0,"CG","CGG"
"36415594","phage_lambda",11069,"-",0,0,"CG","CGC"
"36415595","phage_lambda",11080,"+",0,0,"CG","CGT"
"36415596","phage_lambda",11081,"-",0,0,"CG","CGT"
"36415597","phage_lambda",11096,"+",0,0,"CG","CGA"
"36415598","phage_lambda",11097,"-",0,0,"CG","CGC"
"36415599","phage_lambda",11108,"+",0,0,"CG","CGC"
"36415600","phage_lambda",11109,"-",0,0,"CG","CGC"
"36415601","phage_lambda",11122,"+",0,0,"CG","CGG"
"36415602","phage_lambda",11123,"-",0,0,"CG","CGC"
"36415603","phage_lambda",11132,"+",0,0,"CG","CGG"
"36415604","phage_lambda",11133,"-",0,0,"CG","CGC"
"36415605","phage_lambda",11149,"+",0,0,"CG","CGT"
"36415606","phage_lambda",11150,"-",0,0,"CG","CGC"
"36415607","phage_lambda",11170,"+",0,0,"CG","CGC"
"36415608","phage_lambda",11171,"-",0,0,"CG","CGC"
"36415609","phage_lambda",11172,"+",0,0,"CG","CGT"
"36415610","phage_lambda",11173,"-",0,0,"CG","CGC"
"36415611","phage_lambda",11189,"+",0,0,"CG","CGG"
"36415612","phage_lambda",11190,"-",0,0,"CG","CGG"
"36415613","phage_lambda",11192,"+",0,0,"CG","CGT"
"36415614","phage_lambda",11193,"-",0,0,"CG","CGC"
"36415615","phage_lambda",11210,"+",0,0,"CG","CGC"
"36415616","phage_lambda",11211,"-",0,0,"CG","CGA"
"36415617","phage_lambda",11222,"+",0,0,"CG","CGG"
"36415618","phage_lambda",11223,"-",0,0,"CG","CGA"
"36415619","phage_lambda",11242,"+",0,0,"CG","CGA"
"36415620","phage_lambda",11243,"-",0,0,"CG","CGG"
"36415621","phage_lambda",11245,"+",0,0,"CG","CGT"
"36415622","phage_lambda",11246,"-",0,0,"CG","CGT"
"36415623","phage_lambda",11248,"+",0,0,"CG","CGG"
"36415624","phage_lambda",11249,"-",0,0,"CG","CGA"
"36415625","phage_lambda",11257,"+",0,0,"CG","CGG"
"36415626","phage_lambda",11258,"-",0,0,"CG","CGT"
"36415627","phage_lambda",11260,"+",0,0,"CG","CGA"
"36415628","phage_lambda",11261,"-",0,0,"CG","CGC"
"36415629","phage_lambda",11268,"+",0,0,"CG","CGC"
"36415630","phage_lambda",11269,"-",0,0,"CG","CGA"
"36415631","phage_lambda",11282,"+",0,0,"CG","CGT"
"36415632","phage_lambda",11283,"-",0,0,"CG","CGT"
"36415633","phage_lambda",11287,"+",0,0,"CG","CGG"
"36415634","phage_lambda",11288,"-",0,0,"CG","CGA"
"36415635","phage_lambda",11290,"+",0,0,"CG","CGG"
"36415636","phage_lambda",11291,"-",0,0,"CG","CGC"
"36415637","phage_lambda",11302,"+",0,1,"CG","CGT"
"36415638","phage_lambda",11303,"-",0,0,"CG","CGC"
"36415639","phage_lambda",11322,"+",0,1,"CG","CGT"
"36415640","phage_lambda",11323,"-",0,0,"CG","CGC"
"36415641","phage_lambda",11327,"+",0,1,"CG","CGG"
"36415642","phage_lambda",11328,"-",0,0,"CG","CGG"
"36415643","phage_lambda",11330,"+",0,1,"CG","CGA"
"36415644","phage_lambda",11331,"-",0,0,"CG","CGC"
"36415645","phage_lambda",11339,"+",0,1,"CG","CGG"
"36415646","phage_lambda",11340,"-",0,0,"CG","CGG"
"36415647","phage_lambda",11353,"+",1,0,"CG","CGG"
"36415648","phage_lambda",11354,"-",0,0,"CG","CGC"
"36415649","phage_lambda",11356,"+",1,0,"CG","CGA"
"36415650","phage_lambda",11357,"-",0,0,"CG","CGC"
"36415651","phage_lambda",11360,"+",0,1,"CG","CGA"
"36415652","phage_lambda",11361,"-",0,0,"CG","CGT"
"36415653","phage_lambda",11366,"+",1,0,"CG","CGC"
"36415654","phage_lambda",11367,"-",0,0,"CG","CGG"
"36415655","phage_lambda",11371,"+",0,1,"CG","CGA"
"36415656","phage_lambda",11372,"-",0,0,"CG","CGT"
"36415657","phage_lambda",11394,"+",0,1,"CG","CGC"
"36415658","phage_lambda",11395,"-",0,0,"CG","CGG"
"36415659","phage_lambda",11397,"+",0,1,"CG","CGC"
"36415660","phage_lambda",11398,"-",0,0,"CG","CGG"
"36415661","phage_lambda",11419,"+",0,1,"CG","CGC"
"36415662","phage_lambda",11420,"-",0,0,"CG","CGT"
"36415663","phage_lambda",11446,"+",0,1,"CG","CGC"
"36415664","phage_lambda",11447,"-",0,0,"CG","CGC"
"36415665","phage_lambda",11448,"+",0,0,"CG","CGG"
"36415666","phage_lambda",11449,"-",0,1,"CG","CGC"
"36415667","phage_lambda",11473,"+",0,1,"CG","CGG"
"36415668","phage_lambda",11474,"-",0,1,"CG","CGC"
"36415669","phage_lambda",11490,"+",0,1,"CG","CGT"
"36415670","phage_lambda",11491,"-",0,1,"CG","CGA"
"36415671","phage_lambda",11501,"+",0,1,"CG","CGC"
"36415672","phage_lambda",11502,"-",0,1,"CG","CGG"
"36415673","phage_lambda",11503,"+",0,1,"CG","CGC"
"36415674","phage_lambda",11504,"-",0,1,"CG","CGC"
"36415675","phage_lambda",11533,"+",0,1,"CG","CGT"
"36415676","phage_lambda",11534,"-",0,1,"CG","CGC"
"36415677","phage_lambda",11549,"+",0,1,"CG","CGA"
"36415678","phage_lambda",11550,"-",0,1,"CG","CGT"
"36415679","phage_lambda",11565,"+",0,1,"CG","CGC"
"36415680","phage_lambda",11566,"-",0,0,"CG","CGC"
"36415681","phage_lambda",11588,"+",0,1,"CG","CGA"
"36415682","phage_lambda",11589,"-",0,0,"CG","CGT"
"36415683","phage_lambda",11596,"+",0,1,"CG","CGC"
"36415684","phage_lambda",11597,"-",0,0,"CG","CGC"
"36415685","phage_lambda",11598,"+",0,1,"CG","CGG"
"36415686","phage_lambda",11599,"-",0,0,"CG","CGC"
"36415687","phage_lambda",11602,"+",0,0,"CG","CGC"
"36415688","phage_lambda",11603,"-",0,0,"CG","CGC"
"36415689","phage_lambda",11604,"+",0,0,"CG","CGT"
"36415690","phage_lambda",11605,"-",0,0,"CG","CGC"
"36415691","phage_lambda",11619,"+",0,0,"CG","CGT"
"36415692","phage_lambda",11620,"-",0,0,"CG","CGA"
"36415693","phage_lambda",11631,"+",0,0,"CG","CGT"
"36415694","phage_lambda",11632,"-",0,1,"CG","CGG"
"36415695","phage_lambda",11638,"+",0,0,"CG","CGC"
"36415696","phage_lambda",11639,"-",0,1,"CG","CGC"
"36415697","phage_lambda",11648,"+",0,0,"CG","CGC"
"36415698","phage_lambda",11649,"-",0,1,"CG","CGG"
"36415699","phage_lambda",11652,"+",0,0,"CG","CGA"
"36415700","phage_lambda",11653,"-",0,1,"CG","CGG"
"36415701","phage_lambda",11692,"+",0,1,"CG","CGC"
"36415702","phage_lambda",11693,"-",0,1,"CG","CGC"
"36415703","phage_lambda",11705,"+",0,1,"CG","CGA"
"36415704","phage_lambda",11706,"-",0,1,"CG","CGC"
"36415705","phage_lambda",11711,"+",0,1,"CG","CGA"
"36415706","phage_lambda",11712,"-",0,1,"CG","CGG"
"36415707","phage_lambda",11716,"+",0,1,"CG","CGT"
"36415708","phage_lambda",11717,"-",0,1,"CG","CGC"
"36415709","phage_lambda",11721,"+",0,1,"CG","CGG"
"36415710","phage_lambda",11722,"-",0,1,"CG","CGT"
"36415711","phage_lambda",11735,"+",0,1,"CG","CGA"
"36415712","phage_lambda",11736,"-",0,1,"CG","CGG"
"36415713","phage_lambda",11743,"+",0,1,"CG","CGC"
"36415714","phage_lambda",11744,"-",0,1,"CG","CGC"
"36415715","phage_lambda",11756,"+",0,1,"CG","CGA"
"36415716","phage_lambda",11757,"-",0,1,"CG","CGT"
"36415717","phage_lambda",11760,"+",0,1,"CG","CGG"
"36415718","phage_lambda",11761,"-",0,1,"CG","CGT"
"36415719","phage_lambda",11770,"+",0,1,"CG","CGC"
"36415720","phage_lambda",11771,"-",0,1,"CG","CGT"
"36415721","phage_lambda",11773,"+",0,1,"CG","CGC"
"36415722","phage_lambda",11774,"-",0,1,"CG","CGG"
"36415723","phage_lambda",11789,"+",0,1,"CG","CGC"
"36415724","phage_lambda",11790,"-",0,1,"CG","CGG"
"36415725","phage_lambda",11793,"+",0,1,"CG","CGT"
"36415726","phage_lambda",11794,"-",0,1,"CG","CGG"
"36415727","phage_lambda",11825,"+",0,1,"CG","CGG"
"36415728","phage_lambda",11826,"-",0,1,"CG","CGT"
"36415729","phage_lambda",11842,"+",0,0,"CG","CGG"
"36415730","phage_lambda",11843,"-",0,0,"CG","CGC"
"36415731","phage_lambda",11854,"+",0,0,"CG","CGC"
"36415732","phage_lambda",11855,"-",0,0,"CG","CGT"
"36415733","phage_lambda",11863,"+",0,0,"CG","CGG"
"36415734","phage_lambda",11864,"-",0,0,"CG","CGC"
"36415735","phage_lambda",11866,"+",0,0,"CG","CGG"
"36415736","phage_lambda",11867,"-",0,0,"CG","CGC"
"36415737","phage_lambda",11869,"+",0,0,"CG","CGA"
"36415738","phage_lambda",11870,"-",0,0,"CG","CGC"
"36415739","phage_lambda",11887,"+",0,0,"CG","CGA"
"36415740","phage_lambda",11888,"-",0,0,"CG","CGC"
"36415741","phage_lambda",11890,"+",0,0,"CG","CGC"
"36415742","phage_lambda",11891,"-",0,0,"CG","CGT"
"36415743","phage_lambda",11902,"+",0,0,"CG","CGA"
"36415744","phage_lambda",11903,"-",0,0,"CG","CGG"
"36415745","phage_lambda",11915,"+",0,0,"CG","CGT"
"36415746","phage_lambda",11916,"-",0,0,"CG","CGC"
"36415747","phage_lambda",11929,"+",0,0,"CG","CGG"
"36415748","phage_lambda",11930,"-",0,0,"CG","CGC"
"36415749","phage_lambda",11933,"+",0,0,"CG","CGA"
"36415750","phage_lambda",11934,"-",0,0,"CG","CGC"
"36415751","phage_lambda",11937,"+",0,0,"CG","CGT"
"36415752","phage_lambda",11938,"-",0,0,"CG","CGA"
"36415753","phage_lambda",11971,"+",0,0,"CG","CGC"
"36415754","phage_lambda",11972,"-",0,0,"CG","CGT"
"36415755","phage_lambda",11988,"+",0,0,"CG","CGG"
"36415756","phage_lambda",11989,"-",0,0,"CG","CGG"
"36415757","phage_lambda",11992,"+",0,0,"CG","CGC"
"36415758","phage_lambda",11993,"-",0,0,"CG","CGT"
"36415759","phage_lambda",12008,"+",0,0,"CG","CGG"
"36415760","phage_lambda",12009,"-",0,0,"CG","CGG"
"36415761","phage_lambda",12036,"+",0,0,"CG","CGC"
"36415762","phage_lambda",12037,"-",0,0,"CG","CGC"
"36415763","phage_lambda",12039,"+",0,0,"CG","CGG"
"36415764","phage_lambda",12040,"-",0,0,"CG","CGG"
"36415765","phage_lambda",12055,"+",0,0,"CG","CGG"
"36415766","phage_lambda",12056,"-",0,0,"CG","CGC"
"36415767","phage_lambda",12068,"+",0,0,"CG","CGC"
"36415768","phage_lambda",12069,"-",0,0,"CG","CGA"
"36415769","phage_lambda",12070,"+",0,0,"CG","CGG"
"36415770","phage_lambda",12071,"-",0,0,"CG","CGC"
"36415771","phage_lambda",12085,"+",0,0,"CG","CGG"
"36415772","phage_lambda",12086,"-",0,0,"CG","CGC"
"36415773","phage_lambda",12088,"+",0,0,"CG","CGC"
"36415774","phage_lambda",12089,"-",0,0,"CG","CGC"
"36415775","phage_lambda",12093,"+",0,0,"CG","CGT"
"36415776","phage_lambda",12094,"-",0,0,"CG","CGT"
"36415777","phage_lambda",12096,"+",0,0,"CG","CGC"
"36415778","phage_lambda",12097,"-",0,0,"CG","CGA"
"36415779","phage_lambda",12130,"+",0,0,"CG","CGC"
"36415780","phage_lambda",12131,"-",0,0,"CG","CGC"
"36415781","phage_lambda",12145,"+",0,0,"CG","CGC"
"36415782","phage_lambda",12146,"-",0,0,"CG","CGT"
"36415783","phage_lambda",12159,"+",0,1,"CG","CGC"
"36415784","phage_lambda",12160,"-",0,0,"CG","CGT"
"36415785","phage_lambda",12179,"+",0,1,"CG","CGA"
"36415786","phage_lambda",12180,"-",0,0,"CG","CGC"
"36415787","phage_lambda",12190,"+",0,1,"CG","CGT"
"36415788","phage_lambda",12191,"-",0,0,"CG","CGT"
"36415789","phage_lambda",12201,"+",0,1,"CG","CGC"
"36415790","phage_lambda",12202,"-",0,0,"CG","CGC"
"36415791","phage_lambda",12209,"+",0,1,"CG","CGC"
"36415792","phage_lambda",12210,"-",0,0,"CG","CGT"
"36415793","phage_lambda",12211,"+",0,1,"CG","CGC"
"36415794","phage_lambda",12212,"-",0,0,"CG","CGC"
"36415795","phage_lambda",12217,"+",0,1,"CG","CGC"
"36415796","phage_lambda",12218,"-",0,0,"CG","CGC"
"36415797","phage_lambda",12226,"+",0,1,"CG","CGG"
"36415798","phage_lambda",12227,"-",0,0,"CG","CGC"
"36415799","phage_lambda",12236,"+",0,1,"CG","CGC"
"36415800","phage_lambda",12237,"-",0,0,"CG","CGA"
"36415801","phage_lambda",12249,"+",0,0,"CG","CGG"
"36415802","phage_lambda",12250,"-",0,0,"CG","CGT"
"36415803","phage_lambda",12258,"+",0,0,"CG","CGG"
"36415804","phage_lambda",12259,"-",0,0,"CG","CGT"
"36415805","phage_lambda",12263,"+",0,0,"CG","CGC"
"36415806","phage_lambda",12264,"-",0,0,"CG","CGG"
"36415807","phage_lambda",12274,"+",0,0,"CG","CGA"
"36415808","phage_lambda",12275,"-",0,0,"CG","CGC"
"36415809","phage_lambda",12282,"+",0,0,"CG","CGG"
"36415810","phage_lambda",12283,"-",0,0,"CG","CGG"
"36415811","phage_lambda",12297,"+",0,0,"CG","CGG"
"36415812","phage_lambda",12298,"-",0,0,"CG","CGG"
"36415813","phage_lambda",12309,"+",0,0,"CG","CGG"
"36415814","phage_lambda",12310,"-",0,0,"CG","CGT"
"36415815","phage_lambda",12319,"+",0,0,"CG","CGG"
"36415816","phage_lambda",12320,"-",0,0,"CG","CGT"
"36415817","phage_lambda",12327,"+",0,0,"CG","CGC"
"36415818","phage_lambda",12328,"-",0,0,"CG","CGC"
"36415819","phage_lambda",12347,"+",0,0,"CG","CGA"
"36415820","phage_lambda",12348,"-",0,0,"CG","CGC"
"36415821","phage_lambda",12355,"+",0,0,"CG","CGC"
"36415822","phage_lambda",12356,"-",0,0,"CG","CGG"
"36415823","phage_lambda",12361,"+",0,0,"CG","CGC"
"36415824","phage_lambda",12362,"-",0,0,"CG","CGC"
"36415825","phage_lambda",12371,"+",0,0,"CG","CGT"
"36415826","phage_lambda",12372,"-",0,0,"CG","CGT"
"36415827","phage_lambda",12400,"+",0,0,"CG","CGG"
"36415828","phage_lambda",12401,"-",0,0,"CG","CGC"
"36415829","phage_lambda",12417,"+",0,1,"CG","CGC"
"36415830","phage_lambda",12418,"-",0,0,"CG","CGA"
"36415831","phage_lambda",12419,"+",0,1,"CG","CGG"
"36415832","phage_lambda",12420,"-",0,0,"CG","CGC"
"36415833","phage_lambda",12446,"+",0,1,"CG","CGG"
"36415834","phage_lambda",12447,"-",0,0,"CG","CGG"
"36415835","phage_lambda",12470,"+",0,1,"CG","CGC"
"36415836","phage_lambda",12471,"-",0,0,"CG","CGC"
"36415837","phage_lambda",12475,"+",0,1,"CG","CGG"
"36415838","phage_lambda",12476,"-",0,0,"CG","CGT"
"36415839","phage_lambda",12487,"+",0,1,"CG","CGC"
"36415840","phage_lambda",12488,"-",0,0,"CG","CGA"
"36415841","phage_lambda",12508,"+",0,1,"CG","CGC"
"36415842","phage_lambda",12509,"-",0,0,"CG","CGT"
"36415843","phage_lambda",12541,"+",0,0,"CG","CGG"
"36415844","phage_lambda",12542,"-",0,0,"CG","CGC"
"36415845","phage_lambda",12544,"+",0,0,"CG","CGA"
"36415846","phage_lambda",12545,"-",0,0,"CG","CGC"
"36415847","phage_lambda",12554,"+",0,0,"CG","CGG"
"36415848","phage_lambda",12555,"-",0,0,"CG","CGG"
"36415849","phage_lambda",12573,"+",1,0,"CG","CGC"
"36415850","phage_lambda",12574,"-",0,1,"CG","CGC"
"36415851","phage_lambda",12585,"+",1,0,"CG","CGT"
"36415852","phage_lambda",12586,"-",0,1,"CG","CGG"
"36415853","phage_lambda",12590,"+",1,0,"CG","CGT"
"36415854","phage_lambda",12591,"-",0,1,"CG","CGG"
"36415855","phage_lambda",12644,"+",0,1,"CG","CGG"
"36415856","phage_lambda",12645,"-",0,1,"CG","CGA"
"36415857","phage_lambda",12653,"+",0,1,"CG","CGG"
"36415858","phage_lambda",12654,"-",0,1,"CG","CGA"
"36415859","phage_lambda",12659,"+",0,1,"CG","CGC"
"36415860","phage_lambda",12660,"-",0,1,"CG","CGC"
"36415861","phage_lambda",12668,"+",0,1,"CG","CGG"
"36415862","phage_lambda",12669,"-",0,1,"CG","CGC"
"36415863","phage_lambda",12683,"+",0,1,"CG","CGG"
"36415864","phage_lambda",12684,"-",0,1,"CG","CGC"
"36415865","phage_lambda",12686,"+",0,1,"CG","CGC"
"36415866","phage_lambda",12687,"-",0,1,"CG","CGC"
"36415867","phage_lambda",12692,"+",0,1,"CG","CGC"
"36415868","phage_lambda",12693,"-",0,1,"CG","CGG"
"36415869","phage_lambda",12694,"+",0,1,"CG","CGT"
"36415870","phage_lambda",12695,"-",0,1,"CG","CGC"
"36415871","phage_lambda",12701,"+",0,0,"CG","CGG"
"36415872","phage_lambda",12702,"-",0,1,"CG","CGC"
"36415873","phage_lambda",12719,"+",0,0,"CG","CGC"
"36415874","phage_lambda",12720,"-",0,1,"CG","CGG"
"36415875","phage_lambda",12724,"+",0,0,"CG","CGG"
"36415876","phage_lambda",12725,"-",0,1,"CG","CGC"
"36415877","phage_lambda",12727,"+",0,0,"CG","CGA"
"36415878","phage_lambda",12728,"-",0,1,"CG","CGC"
"36415879","phage_lambda",12746,"+",0,0,"CG","CGG"
"36415880","phage_lambda",12747,"-",0,1,"CG","CGG"
"36415881","phage_lambda",12757,"+",0,0,"CG","CGG"
"36415882","phage_lambda",12758,"-",0,1,"CG","CGT"
"36415883","phage_lambda",12764,"+",0,0,"CG","CGG"
"36415884","phage_lambda",12765,"-",0,1,"CG","CGG"
"36415885","phage_lambda",12767,"+",0,0,"CG","CGG"
"36415886","phage_lambda",12768,"-",0,1,"CG","CGC"
"36415887","phage_lambda",12784,"+",0,0,"CG","CGG"
"36415888","phage_lambda",12785,"-",0,0,"CG","CGC"
"36415889","phage_lambda",12798,"+",0,0,"CG","CGT"
"36415890","phage_lambda",12799,"-",0,0,"CG","CGG"
"36415891","phage_lambda",12817,"+",0,0,"CG","CGA"
"36415892","phage_lambda",12818,"-",0,0,"CG","CGT"
"36415893","phage_lambda",12834,"+",0,0,"CG","CGG"
"36415894","phage_lambda",12835,"-",0,0,"CG","CGG"
"36415895","phage_lambda",12842,"+",0,0,"CG","CGT"
"36415896","phage_lambda",12843,"-",0,0,"CG","CGC"
"36415897","phage_lambda",12858,"+",0,0,"CG","CGG"
"36415898","phage_lambda",12859,"-",0,0,"CG","CGG"
"36415899","phage_lambda",12867,"+",0,0,"CG","CGC"
"36415900","phage_lambda",12868,"-",0,0,"CG","CGC"
"36415901","phage_lambda",12869,"+",0,0,"CG","CGG"
"36415902","phage_lambda",12870,"-",0,0,"CG","CGC"
"36415903","phage_lambda",12881,"+",0,0,"CG","CGG"
"36415904","phage_lambda",12882,"-",0,0,"CG","CGG"
"36415905","phage_lambda",12884,"+",0,0,"CG","CGG"
"36415906","phage_lambda",12885,"-",0,0,"CG","CGC"
"36415907","phage_lambda",12893,"+",0,0,"CG","CGG"
"36415908","phage_lambda",12894,"-",0,0,"CG","CGA"
"36415909","phage_lambda",12901,"+",0,0,"CG","CGG"
"36415910","phage_lambda",12902,"-",0,0,"CG","CGG"
"36415911","phage_lambda",12921,"+",0,0,"CG","CGG"
"36415912","phage_lambda",12922,"-",0,0,"CG","CGG"
"36415913","phage_lambda",12925,"+",0,0,"CG","CGC"
"36415914","phage_lambda",12926,"-",0,0,"CG","CGA"
"36415915","phage_lambda",12931,"+",0,0,"CG","CGT"
"36415916","phage_lambda",12932,"-",0,0,"CG","CGC"
"36415917","phage_lambda",12935,"+",0,0,"CG","CGG"
"36415918","phage_lambda",12936,"-",0,0,"CG","CGG"
"36415919","phage_lambda",12940,"+",0,0,"CG","CGT"
"36415920","phage_lambda",12941,"-",0,0,"CG","CGT"
"36415921","phage_lambda",12974,"+",0,0,"CG","CGA"
"36415922","phage_lambda",12975,"-",0,0,"CG","CGT"
"36415923","phage_lambda",12977,"+",0,0,"CG","CGG"
"36415924","phage_lambda",12978,"-",0,0,"CG","CGT"
"36415925","phage_lambda",12982,"+",0,0,"CG","CGA"
"36415926","phage_lambda",12983,"-",0,0,"CG","CGT"
"36415927","phage_lambda",12986,"+",0,0,"CG","CGG"
"36415928","phage_lambda",12987,"-",0,0,"CG","CGT"
"36415929","phage_lambda",13000,"+",0,0,"CG","CGG"
"36415930","phage_lambda",13001,"-",0,0,"CG","CGG"
"36415931","phage_lambda",13015,"+",0,0,"CG","CGG"
"36415932","phage_lambda",13016,"-",0,0,"CG","CGC"
"36415933","phage_lambda",13032,"+",0,0,"CG","CGC"
"36415934","phage_lambda",13033,"-",0,0,"CG","CGG"
"36415935","phage_lambda",13044,"+",0,0,"CG","CGT"
"36415936","phage_lambda",13045,"-",0,0,"CG","CGG"
"36415937","phage_lambda",13068,"+",0,0,"CG","CGT"
"36415938","phage_lambda",13069,"-",0,0,"CG","CGC"
"36415939","phage_lambda",13088,"+",0,0,"CG","CGG"
"36415940","phage_lambda",13089,"-",0,0,"CG","CGG"
"36415941","phage_lambda",13098,"+",0,0,"CG","CGA"
"36415942","phage_lambda",13099,"-",0,0,"CG","CGT"
"36415943","phage_lambda",13112,"+",0,0,"CG","CGC"
"36415944","phage_lambda",13113,"-",0,0,"CG","CGG"
"36415945","phage_lambda",13129,"+",0,0,"CG","CGG"
"36415946","phage_lambda",13130,"-",0,0,"CG","CGG"
"36415947","phage_lambda",13146,"+",0,0,"CG","CGG"
"36415948","phage_lambda",13147,"-",0,0,"CG","CGA"
"36415949","phage_lambda",13169,"+",0,0,"CG","CGC"
"36415950","phage_lambda",13170,"-",0,0,"CG","CGC"
"36415951","phage_lambda",13193,"+",0,0,"CG","CGA"
"36415952","phage_lambda",13194,"-",0,0,"CG","CGC"
"36415953","phage_lambda",13197,"+",0,0,"CG","CGC"
"36415954","phage_lambda",13198,"-",0,0,"CG","CGC"
"36415955","phage_lambda",13204,"+",0,0,"CG","CGG"
"36415956","phage_lambda",13205,"-",0,0,"CG","CGG"
"36415957","phage_lambda",13227,"+",0,0,"CG","CGT"
"36415958","phage_lambda",13228,"-",0,0,"CG","CGT"
"36415959","phage_lambda",13234,"+",0,0,"CG","CGT"
"36415960","phage_lambda",13235,"-",0,0,"CG","CGC"
"36415961","phage_lambda",13239,"+",0,0,"CG","CGC"
"36415962","phage_lambda",13240,"-",0,0,"CG","CGT"
"36415963","phage_lambda",13253,"+",0,0,"CG","CGT"
"36415964","phage_lambda",13254,"-",0,0,"CG","CGG"
"36415965","phage_lambda",13266,"+",0,0,"CG","CGG"
"36415966","phage_lambda",13267,"-",0,0,"CG","CGT"
"36415967","phage_lambda",13278,"+",0,0,"CG","CGT"
"36415968","phage_lambda",13279,"-",0,0,"CG","CGA"
"36415969","phage_lambda",13294,"+",0,0,"CG","CGG"
"36415970","phage_lambda",13295,"-",0,0,"CG","CGT"
"36415971","phage_lambda",13320,"+",0,0,"CG","CGC"
"36415972","phage_lambda",13321,"-",0,0,"CG","CGT"
"36415973","phage_lambda",13323,"+",0,0,"CG","CGC"
"36415974","phage_lambda",13324,"-",0,0,"CG","CGG"
"36415975","phage_lambda",13337,"+",0,0,"CG","CGG"
"36415976","phage_lambda",13338,"-",0,0,"CG","CGC"
"36415977","phage_lambda",13357,"+",0,0,"CG","CGC"
"36415978","phage_lambda",13358,"-",0,0,"CG","CGC"
"36415979","phage_lambda",13368,"+",0,0,"CG","CGT"
"36415980","phage_lambda",13369,"-",0,0,"CG","CGA"
"36415981","phage_lambda",13371,"+",0,0,"CG","CGC"
"36415982","phage_lambda",13372,"-",0,0,"CG","CGA"
"36415983","phage_lambda",13373,"+",0,0,"CG","CGG"
"36415984","phage_lambda",13374,"-",0,0,"CG","CGC"
"36415985","phage_lambda",13388,"+",0,0,"CG","CGT"
"36415986","phage_lambda",13389,"-",0,0,"CG","CGC"
"36415987","phage_lambda",13402,"+",0,0,"CG","CGC"
"36415988","phage_lambda",13403,"-",0,0,"CG","CGC"
"36415989","phage_lambda",13441,"+",0,0,"CG","CGG"
"36415990","phage_lambda",13442,"-",0,0,"CG","CGG"
"36415991","phage_lambda",13468,"+",0,0,"CG","CGT"
"36415992","phage_lambda",13469,"-",0,0,"CG","CGG"
"36415993","phage_lambda",13472,"+",0,0,"CG","CGG"
"36415994","phage_lambda",13473,"-",0,0,"CG","CGC"
"36415995","phage_lambda",13481,"+",0,0,"CG","CGG"
"36415996","phage_lambda",13482,"-",0,0,"CG","CGA"
"36415997","phage_lambda",13488,"+",0,0,"CG","CGT"
"36415998","phage_lambda",13489,"-",0,0,"CG","CGC"
"36415999","phage_lambda",13506,"+",0,0,"CG","CGA"
"36416000","phage_lambda",13507,"-",0,0,"CG","CGA"
"36416001","phage_lambda",13521,"+",0,0,"CG","CGG"
"36416002","phage_lambda",13522,"-",0,0,"CG","CGA"
"36416003","phage_lambda",13531,"+",0,0,"CG","CGT"
"36416004","phage_lambda",13532,"-",0,0,"CG","CGT"
"36416005","phage_lambda",13557,"+",0,0,"CG","CGA"
"36416006","phage_lambda",13558,"-",0,0,"CG","CGT"
"36416007","phage_lambda",13571,"+",0,0,"CG","CGG"
"36416008","phage_lambda",13572,"-",0,0,"CG","CGG"
"36416009","phage_lambda",13588,"+",0,0,"CG","CGA"
"36416010","phage_lambda",13589,"-",0,0,"CG","CGC"
"36416011","phage_lambda",13601,"+",0,0,"CG","CGT"
"36416012","phage_lambda",13602,"-",0,0,"CG","CGG"
"36416013","phage_lambda",13620,"+",0,0,"CG","CGG"
"36416014","phage_lambda",13621,"-",0,0,"CG","CGC"
"36416015","phage_lambda",13652,"+",0,0,"CG","CGC"
"36416016","phage_lambda",13653,"-",0,0,"CG","CGT"
"36416017","phage_lambda",13654,"+",0,0,"CG","CGC"
"36416018","phage_lambda",13655,"-",0,0,"CG","CGC"
"36416019","phage_lambda",13661,"+",0,0,"CG","CGC"
"36416020","phage_lambda",13662,"-",0,1,"CG","CGT"
"36416021","phage_lambda",13667,"+",0,0,"CG","CGG"
"36416022","phage_lambda",13668,"-",0,1,"CG","CGT"
"36416023","phage_lambda",13683,"+",0,0,"CG","CGG"
"36416024","phage_lambda",13684,"-",0,1,"CG","CGT"
"36416025","phage_lambda",13695,"+",0,0,"CG","CGG"
"36416026","phage_lambda",13696,"-",0,1,"CG","CGG"
"36416027","phage_lambda",13703,"+",0,0,"CG","CGG"
"36416028","phage_lambda",13704,"-",0,1,"CG","CGC"
"36416029","phage_lambda",13725,"+",0,0,"CG","CGG"
"36416030","phage_lambda",13726,"-",0,1,"CG","CGA"
"36416031","phage_lambda",13728,"+",0,0,"CG","CGG"
"36416032","phage_lambda",13729,"-",0,1,"CG","CGC"
"36416033","phage_lambda",13733,"+",0,0,"CG","CGG"
"36416034","phage_lambda",13734,"-",0,1,"CG","CGT"
"36416035","phage_lambda",13741,"+",0,0,"CG","CGG"
"36416036","phage_lambda",13742,"-",0,1,"CG","CGG"
"36416037","phage_lambda",13744,"+",0,0,"CG","CGT"
"36416038","phage_lambda",13745,"-",0,1,"CG","CGC"
"36416039","phage_lambda",13755,"+",0,0,"CG","CGC"
"36416040","phage_lambda",13756,"-",0,1,"CG","CGT"
"36416041","phage_lambda",13759,"+",0,0,"CG","CGT"
"36416042","phage_lambda",13760,"-",0,1,"CG","CGG"
"36416043","phage_lambda",13772,"+",0,0,"CG","CGG"
"36416044","phage_lambda",13773,"-",0,0,"CG","CGC"
"36416045","phage_lambda",13782,"+",0,0,"CG","CGT"
"36416046","phage_lambda",13783,"-",0,0,"CG","CGA"
"36416047","phage_lambda",13788,"+",0,0,"CG","CGG"
"36416048","phage_lambda",13789,"-",0,0,"CG","CGT"
"36416049","phage_lambda",13800,"+",0,0,"CG","CGC"
"36416050","phage_lambda",13801,"-",0,0,"CG","CGT"
"36416051","phage_lambda",13803,"+",0,0,"CG","CGA"
"36416052","phage_lambda",13804,"-",0,0,"CG","CGG"
"36416053","phage_lambda",13808,"+",0,0,"CG","CGG"
"36416054","phage_lambda",13809,"-",0,0,"CG","CGG"
"36416055","phage_lambda",13828,"+",0,0,"CG","CGC"
"36416056","phage_lambda",13829,"-",0,0,"CG","CGG"
"36416057","phage_lambda",13834,"+",0,0,"CG","CGC"
"36416058","phage_lambda",13835,"-",0,0,"CG","CGC"
"36416059","phage_lambda",13851,"+",0,0,"CG","CGA"
"36416060","phage_lambda",13852,"-",0,0,"CG","CGC"
"36416061","phage_lambda",13860,"+",0,0,"CG","CGC"
"36416062","phage_lambda",13861,"-",0,0,"CG","CGC"
"36416063","phage_lambda",13862,"+",0,0,"CG","CGG"
"36416064","phage_lambda",13863,"-",0,0,"CG","CGC"
"36416065","phage_lambda",13889,"+",0,0,"CG","CGC"
"36416066","phage_lambda",13890,"-",0,0,"CG","CGT"
"36416067","phage_lambda",13892,"+",0,0,"CG","CGA"
"36416068","phage_lambda",13893,"-",0,0,"CG","CGG"
"36416069","phage_lambda",13895,"+",0,0,"CG","CGG"
"36416070","phage_lambda",13896,"-",0,0,"CG","CGT"
"36416071","phage_lambda",13901,"+",0,0,"CG","CGG"
"36416072","phage_lambda",13902,"-",0,0,"CG","CGT"
"36416073","phage_lambda",13908,"+",0,0,"CG","CGC"
"36416074","phage_lambda",13909,"-",0,0,"CG","CGC"
"36416075","phage_lambda",13919,"+",0,0,"CG","CGG"
"36416076","phage_lambda",13920,"-",0,0,"CG","CGG"
"36416077","phage_lambda",13924,"+",0,0,"CG","CGT"
"36416078","phage_lambda",13925,"-",0,0,"CG","CGT"
"36416079","phage_lambda",13960,"+",0,0,"CG","CGC"
"36416080","phage_lambda",13961,"-",0,0,"CG","CGA"
"36416081","phage_lambda",13962,"+",0,0,"CG","CGG"
"36416082","phage_lambda",13963,"-",0,0,"CG","CGC"
"36416083","phage_lambda",13968,"+",0,0,"CG","CGA"
"36416084","phage_lambda",13969,"-",0,0,"CG","CGT"
"36416085","phage_lambda",13974,"+",0,0,"CG","CGG"
"36416086","phage_lambda",13975,"-",0,0,"CG","CGC"
"36416087","phage_lambda",13983,"+",0,0,"CG","CGG"
"36416088","phage_lambda",13984,"-",0,0,"CG","CGC"
"36416089","phage_lambda",13988,"+",0,0,"CG","CGG"
"36416090","phage_lambda",13989,"-",0,0,"CG","CGG"
"36416091","phage_lambda",13995,"+",0,0,"CG","CGC"
"36416092","phage_lambda",13996,"-",0,0,"CG","CGA"
"36416093","phage_lambda",13997,"+",0,0,"CG","CGG"
"36416094","phage_lambda",13998,"-",0,0,"CG","CGC"
"36416095","phage_lambda",14018,"+",0,0,"CG","CGT"
"36416096","phage_lambda",14019,"-",0,0,"CG","CGT"
"36416097","phage_lambda",14022,"+",0,0,"CG","CGA"
"36416098","phage_lambda",14023,"-",0,0,"CG","CGG"
"36416099","phage_lambda",14030,"+",0,0,"CG","CGA"
"36416100","phage_lambda",14031,"-",0,0,"CG","CGT"
"36416101","phage_lambda",14058,"+",0,0,"CG","CGG"
"36416102","phage_lambda",14059,"-",0,0,"CG","CGC"
"36416103","phage_lambda",14071,"+",0,1,"CG","CGC"
"36416104","phage_lambda",14072,"-",0,0,"CG","CGG"
"36416105","phage_lambda",14079,"+",0,1,"CG","CGT"
"36416106","phage_lambda",14080,"-",0,0,"CG","CGT"
"36416107","phage_lambda",14082,"+",0,1,"CG","CGG"
"36416108","phage_lambda",14083,"-",0,0,"CG","CGA"
"36416109","phage_lambda",14094,"+",0,1,"CG","CGG"
"36416110","phage_lambda",14095,"-",0,0,"CG","CGC"
"36416111","phage_lambda",14120,"+",0,1,"CG","CGC"
"36416112","phage_lambda",14121,"-",0,0,"CG","CGA"
"36416113","phage_lambda",14152,"+",0,1,"CG","CGA"
"36416114","phage_lambda",14153,"-",0,0,"CG","CGC"
"36416115","phage_lambda",14161,"+",0,1,"CG","CGC"
"36416116","phage_lambda",14162,"-",0,0,"CG","CGC"
"36416117","phage_lambda",14165,"+",0,1,"CG","CGC"
"36416118","phage_lambda",14166,"-",0,0,"CG","CGT"
"36416119","phage_lambda",14169,"+",0,1,"CG","CGG"
"36416120","phage_lambda",14170,"-",0,0,"CG","CGG"
"36416121","phage_lambda",14172,"+",0,1,"CG","CGA"
"36416122","phage_lambda",14173,"-",0,0,"CG","CGC"
"36416123","phage_lambda",14179,"+",0,1,"CG","CGC"
"36416124","phage_lambda",14180,"-",0,0,"CG","CGC"
"36416125","phage_lambda",14185,"+",0,1,"CG","CGG"
"36416126","phage_lambda",14186,"-",0,0,"CG","CGC"
"36416127","phage_lambda",14191,"+",0,1,"CG","CGT"
"36416128","phage_lambda",14192,"-",0,0,"CG","CGA"
"36416129","phage_lambda",14195,"+",0,1,"CG","CGG"
"36416130","phage_lambda",14196,"-",0,0,"CG","CGC"
"36416131","phage_lambda",14201,"+",0,1,"CG","CGT"
"36416132","phage_lambda",14202,"-",0,0,"CG","CGA"
"36416133","phage_lambda",14212,"+",0,0,"CG","CGC"
"36416134","phage_lambda",14213,"-",0,0,"CG","CGT"
"36416135","phage_lambda",14215,"+",0,0,"CG","CGG"
"36416136","phage_lambda",14216,"-",0,0,"CG","CGG"
"36416137","phage_lambda",14240,"+",0,0,"CG","CGT"
"36416138","phage_lambda",14241,"-",0,0,"CG","CGC"
"36416139","phage_lambda",14252,"+",0,1,"CG","CGG"
"36416140","phage_lambda",14253,"-",0,0,"CG","CGG"
"36416141","phage_lambda",14260,"+",0,1,"CG","CGG"
"36416142","phage_lambda",14261,"-",0,0,"CG","CGG"
"36416143","phage_lambda",14273,"+",0,1,"CG","CGT"
"36416144","phage_lambda",14274,"-",0,0,"CG","CGG"
"36416145","phage_lambda",14280,"+",0,1,"CG","CGC"
"36416146","phage_lambda",14281,"-",0,0,"CG","CGA"
"36416147","phage_lambda",14283,"+",0,1,"CG","CGG"
"36416148","phage_lambda",14284,"-",0,0,"CG","CGG"
"36416149","phage_lambda",14325,"+",0,1,"CG","CGC"
"36416150","phage_lambda",14326,"-",0,0,"CG","CGC"
"36416151","phage_lambda",14344,"+",0,1,"CG","CGG"
"36416152","phage_lambda",14345,"-",0,0,"CG","CGG"
"36416153","phage_lambda",14371,"+",0,1,"CG","CGA"
"36416154","phage_lambda",14372,"-",0,0,"CG","CGG"
"36416155","phage_lambda",14375,"+",0,1,"CG","CGG"
"36416156","phage_lambda",14376,"-",0,0,"CG","CGG"
"36416157","phage_lambda",14378,"+",0,1,"CG","CGG"
"36416158","phage_lambda",14379,"-",0,0,"CG","CGC"
"36416159","phage_lambda",14403,"+",0,0,"CG","CGT"
"36416160","phage_lambda",14404,"-",0,1,"CG","CGG"
"36416161","phage_lambda",14420,"+",0,0,"CG","CGG"
"36416162","phage_lambda",14421,"-",0,1,"CG","CGG"
"36416163","phage_lambda",14427,"+",0,0,"CG","CGA"
"36416164","phage_lambda",14428,"-",0,1,"CG","CGT"
"36416165","phage_lambda",14441,"+",0,0,"CG","CGC"
"36416166","phage_lambda",14442,"-",0,1,"CG","CGG"
"36416167","phage_lambda",14451,"+",0,0,"CG","CGC"
"36416168","phage_lambda",14452,"-",0,1,"CG","CGG"
"36416169","phage_lambda",14461,"+",0,0,"CG","CGG"
"36416170","phage_lambda",14462,"-",0,0,"CG","CGG"
"36416171","phage_lambda",14465,"+",0,0,"CG","CGG"
"36416172","phage_lambda",14466,"-",0,0,"CG","CGC"
"36416173","phage_lambda",14468,"+",0,0,"CG","CGC"
"36416174","phage_lambda",14469,"-",0,0,"CG","CGC"
"36416175","phage_lambda",14479,"+",0,0,"CG","CGG"
"36416176","phage_lambda",14480,"-",0,0,"CG","CGT"
"36416177","phage_lambda",14487,"+",0,0,"CG","CGG"
"36416178","phage_lambda",14488,"-",0,0,"CG","CGT"
"36416179","phage_lambda",14507,"+",0,0,"CG","CGG"
"36416180","phage_lambda",14508,"-",0,0,"CG","CGG"
"36416181","phage_lambda",14526,"+",0,0,"CG","CGG"
"36416182","phage_lambda",14527,"-",0,1,"CG","CGC"
"36416183","phage_lambda",14541,"+",0,0,"CG","CGG"
"36416184","phage_lambda",14542,"-",0,1,"CG","CGG"
"36416185","phage_lambda",14552,"+",0,1,"CG","CGT"
"36416186","phage_lambda",14553,"-",0,1,"CG","CGA"
"36416187","phage_lambda",14570,"+",0,1,"CG","CGT"
"36416188","phage_lambda",14571,"-",0,1,"CG","CGC"
"36416189","phage_lambda",14575,"+",0,1,"CG","CGG"
"36416190","phage_lambda",14576,"-",0,1,"CG","CGT"
"36416191","phage_lambda",14607,"+",0,1,"CG","CGA"
"36416192","phage_lambda",14608,"-",0,1,"CG","CGC"
"36416193","phage_lambda",14610,"+",0,1,"CG","CGG"
"36416194","phage_lambda",14611,"-",0,1,"CG","CGT"
"36416195","phage_lambda",14628,"+",0,1,"CG","CGT"
"36416196","phage_lambda",14629,"-",1,1,"CG","CGG"
"36416197","phage_lambda",14637,"+",0,1,"CG","CGG"
"36416198","phage_lambda",14638,"-",1,1,"CG","CGC"
"36416199","phage_lambda",14646,"+",0,1,"CG","CGG"
"36416200","phage_lambda",14647,"-",0,2,"CG","CGG"
"36416201","phage_lambda",14650,"+",0,1,"CG","CGA"
"36416202","phage_lambda",14651,"-",0,2,"CG","CGC"
"36416203","phage_lambda",14685,"+",0,1,"CG","CGA"
"36416204","phage_lambda",14686,"-",0,2,"CG","CGG"
"36416205","phage_lambda",14692,"+",0,1,"CG","CGC"
"36416206","phage_lambda",14693,"-",0,2,"CG","CGT"
"36416207","phage_lambda",14695,"+",0,1,"CG","CGC"
"36416208","phage_lambda",14696,"-",0,2,"CG","CGG"
"36416209","phage_lambda",14707,"+",0,0,"CG","CGG"
"36416210","phage_lambda",14708,"-",0,2,"CG","CGC"
"36416211","phage_lambda",14710,"+",0,0,"CG","CGA"
"36416212","phage_lambda",14711,"-",0,2,"CG","CGC"
"36416213","phage_lambda",14713,"+",0,0,"CG","CGG"
"36416214","phage_lambda",14714,"-",0,2,"CG","CGT"
"36416215","phage_lambda",14716,"+",0,0,"CG","CGA"
"36416216","phage_lambda",14717,"-",0,2,"CG","CGC"
"36416217","phage_lambda",14753,"+",0,0,"CG","CGA"
"36416218","phage_lambda",14754,"-",0,1,"CG","CGT"
"36416219","phage_lambda",14767,"+",0,0,"CG","CGA"
"36416220","phage_lambda",14768,"-",0,1,"CG","CGG"
"36416221","phage_lambda",14780,"+",0,0,"CG","CGA"
"36416222","phage_lambda",14781,"-",0,0,"CG","CGC"
"36416223","phage_lambda",14783,"+",0,0,"CG","CGC"
"36416224","phage_lambda",14784,"-",0,0,"CG","CGT"
"36416225","phage_lambda",14801,"+",0,1,"CG","CGT"
"36416226","phage_lambda",14802,"-",0,0,"CG","CGC"
"36416227","phage_lambda",14807,"+",0,1,"CG","CGG"
"36416228","phage_lambda",14808,"-",0,0,"CG","CGG"
"36416229","phage_lambda",14816,"+",0,1,"CG","CGC"
"36416230","phage_lambda",14817,"-",0,0,"CG","CGC"
"36416231","phage_lambda",14818,"+",0,1,"CG","CGC"
"36416232","phage_lambda",14819,"-",0,0,"CG","CGC"
"36416233","phage_lambda",14832,"+",0,1,"CG","CGG"
"36416234","phage_lambda",14833,"-",0,0,"CG","CGT"
"36416235","phage_lambda",14845,"+",0,1,"CG","CGA"
"36416236","phage_lambda",14846,"-",0,0,"CG","CGT"
"36416237","phage_lambda",14854,"+",0,1,"CG","CGC"
"36416238","phage_lambda",14855,"-",0,0,"CG","CGA"
"36416239","phage_lambda",14857,"+",0,1,"CG","CGC"
"36416240","phage_lambda",14858,"-",0,0,"CG","CGG"
"36416241","phage_lambda",14862,"+",0,1,"CG","CGA"
"36416242","phage_lambda",14863,"-",0,0,"CG","CGA"
"36416243","phage_lambda",14869,"+",0,1,"CG","CGT"
"36416244","phage_lambda",14870,"-",0,1,"CG","CGA"
"36416245","phage_lambda",14879,"+",0,1,"CG","CGG"
"36416246","phage_lambda",14880,"-",0,1,"CG","CGT"
"36416247","phage_lambda",14896,"+",0,1,"CG","CGG"
"36416248","phage_lambda",14897,"-",0,1,"CG","CGG"
"36416249","phage_lambda",14918,"+",0,1,"CG","CGG"
"36416250","phage_lambda",14919,"-",0,1,"CG","CGG"
"36416251","phage_lambda",14921,"+",0,1,"CG","CGT"
"36416252","phage_lambda",14922,"-",0,1,"CG","CGC"
"36416253","phage_lambda",14926,"+",0,1,"CG","CGT"
"36416254","phage_lambda",14927,"-",0,1,"CG","CGA"
"36416255","phage_lambda",14940,"+",0,1,"CG","CGA"
"36416256","phage_lambda",14941,"-",0,1,"CG","CGC"
"36416257","phage_lambda",14943,"+",0,1,"CG","CGG"
"36416258","phage_lambda",14944,"-",0,1,"CG","CGT"
"36416259","phage_lambda",14959,"+",0,0,"CG","CGG"
"36416260","phage_lambda",14960,"-",0,1,"CG","CGT"
"36416261","phage_lambda",14967,"+",0,0,"CG","CGG"
"36416262","phage_lambda",14968,"-",0,1,"CG","CGG"
"36416263","phage_lambda",14971,"+",0,0,"CG","CGG"
"36416264","phage_lambda",14972,"-",0,1,"CG","CGC"
"36416265","phage_lambda",14976,"+",0,0,"CG","CGT"
"36416266","phage_lambda",14977,"-",0,1,"CG","CGT"
"36416267","phage_lambda",14984,"+",0,0,"CG","CGT"
"36416268","phage_lambda",14985,"-",0,1,"CG","CGT"
"36416269","phage_lambda",14988,"+",0,0,"CG","CGG"
"36416270","phage_lambda",14989,"-",0,1,"CG","CGG"
"36416271","phage_lambda",14996,"+",0,0,"CG","CGG"
"36416272","phage_lambda",14997,"-",0,1,"CG","CGT"
"36416273","phage_lambda",14999,"+",0,0,"CG","CGC"
"36416274","phage_lambda",15000,"-",0,1,"CG","CGC"
"36416275","phage_lambda",15027,"+",0,0,"CG","CGC"
"36416276","phage_lambda",15028,"-",0,0,"CG","CGC"
"36416277","phage_lambda",15054,"+",0,0,"CG","CGC"
"36416278","phage_lambda",15055,"-",0,0,"CG","CGA"
"36416279","phage_lambda",15057,"+",0,0,"CG","CGG"
"36416280","phage_lambda",15058,"-",0,0,"CG","CGG"
"36416281","phage_lambda",15075,"+",0,0,"CG","CGT"
"36416282","phage_lambda",15076,"-",0,0,"CG","CGC"
"36416283","phage_lambda",15102,"+",0,0,"CG","CGC"
"36416284","phage_lambda",15103,"-",0,0,"CG","CGG"
"36416285","phage_lambda",15111,"+",0,0,"CG","CGG"
"36416286","phage_lambda",15112,"-",0,0,"CG","CGG"
"36416287","phage_lambda",15126,"+",0,0,"CG","CGC"
"36416288","phage_lambda",15127,"-",0,0,"CG","CGG"
"36416289","phage_lambda",15129,"+",0,0,"CG","CGG"
"36416290","phage_lambda",15130,"-",0,0,"CG","CGG"
"36416291","phage_lambda",15168,"+",0,0,"CG","CGG"
"36416292","phage_lambda",15169,"-",0,0,"CG","CGG"
"36416293","phage_lambda",15180,"+",0,0,"CG","CGG"
"36416294","phage_lambda",15181,"-",0,0,"CG","CGG"
"36416295","phage_lambda",15198,"+",0,0,"CG","CGG"
"36416296","phage_lambda",15199,"-",0,0,"CG","CGA"
"36416297","phage_lambda",15216,"+",0,0,"CG","CGG"
"36416298","phage_lambda",15217,"-",0,0,"CG","CGA"
"36416299","phage_lambda",15227,"+",0,0,"CG","CGC"
"36416300","phage_lambda",15228,"-",0,0,"CG","CGC"
"36416301","phage_lambda",15242,"+",0,0,"CG","CGA"
"36416302","phage_lambda",15243,"-",0,0,"CG","CGG"
"36416303","phage_lambda",15259,"+",0,0,"CG","CGT"
"36416304","phage_lambda",15260,"-",0,0,"CG","CGG"
"36416305","phage_lambda",15272,"+",0,0,"CG","CGG"
"36416306","phage_lambda",15273,"-",0,0,"CG","CGT"
"36416307","phage_lambda",15279,"+",0,0,"CG","CGG"
"36416308","phage_lambda",15280,"-",0,0,"CG","CGT"
"36416309","phage_lambda",15351,"+",0,0,"CG","CGG"
"36416310","phage_lambda",15352,"-",0,1,"CG","CGT"
"36416311","phage_lambda",15361,"+",0,0,"CG","CGC"
"36416312","phage_lambda",15362,"-",0,1,"CG","CGC"
"36416313","phage_lambda",15363,"+",0,0,"CG","CGT"
"36416314","phage_lambda",15364,"-",0,1,"CG","CGC"
"36416315","phage_lambda",15373,"+",0,0,"CG","CGC"
"36416316","phage_lambda",15374,"-",0,1,"CG","CGT"
"36416317","phage_lambda",15375,"+",0,0,"CG","CGT"
"36416318","phage_lambda",15376,"-",0,1,"CG","CGC"
"36416319","phage_lambda",15398,"+",0,0,"CG","CGG"
"36416320","phage_lambda",15399,"-",0,2,"CG","CGT"
"36416321","phage_lambda",15405,"+",0,0,"CG","CGA"
"36416322","phage_lambda",15406,"-",0,2,"CG","CGT"
"36416323","phage_lambda",15414,"+",0,0,"CG","CGG"
"36416324","phage_lambda",15415,"-",0,2,"CG","CGT"
"36416325","phage_lambda",15439,"+",0,0,"CG","CGC"
"36416326","phage_lambda",15440,"-",0,1,"CG","CGA"
"36416327","phage_lambda",15467,"+",0,0,"CG","CGC"
"36416328","phage_lambda",15468,"-",1,0,"CG","CGG"
"36416329","phage_lambda",15473,"+",0,1,"CG","CGG"
"36416330","phage_lambda",15474,"-",1,0,"CG","CGC"
"36416331","phage_lambda",15477,"+",0,1,"CG","CGG"
"36416332","phage_lambda",15478,"-",1,0,"CG","CGC"
"36416333","phage_lambda",15497,"+",0,1,"CG","CGT"
"36416334","phage_lambda",15498,"-",0,1,"CG","CGC"
"36416335","phage_lambda",15536,"+",0,1,"CG","CGC"
"36416336","phage_lambda",15537,"-",0,0,"CG","CGG"
"36416337","phage_lambda",15538,"+",0,1,"CG","CGC"
"36416338","phage_lambda",15539,"-",0,0,"CG","CGC"
"36416339","phage_lambda",15540,"+",0,1,"CG","CGA"
"36416340","phage_lambda",15541,"-",0,0,"CG","CGC"
"36416341","phage_lambda",15545,"+",0,1,"CG","CGA"
"36416342","phage_lambda",15546,"-",0,0,"CG","CGC"
"36416343","phage_lambda",15566,"+",0,1,"CG","CGC"
"36416344","phage_lambda",15567,"-",0,0,"CG","CGT"
"36416345","phage_lambda",15585,"+",0,1,"CG","CGA"
"36416346","phage_lambda",15586,"-",0,0,"CG","CGA"
"36416347","phage_lambda",15597,"+",0,1,"CG","CGA"
"36416348","phage_lambda",15598,"-",0,0,"CG","CGC"
"36416349","phage_lambda",15605,"+",0,1,"CG","CGA"
"36416350","phage_lambda",15606,"-",0,0,"CG","CGG"
"36416351","phage_lambda",15617,"+",0,1,"CG","CGG"
"36416352","phage_lambda",15618,"-",0,0,"CG","CGG"
"36416353","phage_lambda",15636,"+",0,1,"CG","CGT"
"36416354","phage_lambda",15637,"-",0,0,"CG","CGC"
"36416355","phage_lambda",15653,"+",0,1,"CG","CGC"
"36416356","phage_lambda",15654,"-",0,0,"CG","CGT"
"36416357","phage_lambda",15656,"+",0,1,"CG","CGG"
"36416358","phage_lambda",15657,"-",0,0,"CG","CGG"
"36416359","phage_lambda",15690,"+",0,0,"CG","CGG"
"36416360","phage_lambda",15691,"-",0,0,"CG","CGG"
"36416361","phage_lambda",15698,"+",0,0,"CG","CGG"
"36416362","phage_lambda",15699,"-",0,0,"CG","CGT"
"36416363","phage_lambda",15709,"+",0,0,"CG","CGG"
"36416364","phage_lambda",15710,"-",0,0,"CG","CGG"
"36416365","phage_lambda",15734,"+",0,1,"CG","CGC"
"36416366","phage_lambda",15735,"-",0,0,"CG","CGG"
"36416367","phage_lambda",15737,"+",0,1,"CG","CGG"
"36416368","phage_lambda",15738,"-",0,0,"CG","CGG"
"36416369","phage_lambda",15756,"+",0,1,"CG","CGG"
"36416370","phage_lambda",15757,"-",0,0,"CG","CGG"
"36416371","phage_lambda",15762,"+",0,1,"CG","CGA"
"36416372","phage_lambda",15763,"-",0,0,"CG","CGG"
"36416373","phage_lambda",15767,"+",0,1,"CG","CGG"
"36416374","phage_lambda",15768,"-",0,0,"CG","CGT"
"36416375","phage_lambda",15779,"+",0,1,"CG","CGG"
"36416376","phage_lambda",15780,"-",0,0,"CG","CGT"
"36416377","phage_lambda",15797,"+",0,1,"CG","CGC"
"36416378","phage_lambda",15798,"-",0,0,"CG","CGT"
"36416379","phage_lambda",15800,"+",0,1,"CG","CGA"
"36416380","phage_lambda",15801,"-",0,0,"CG","CGG"
"36416381","phage_lambda",15808,"+",0,1,"CG","CGC"
"36416382","phage_lambda",15809,"-",0,0,"CG","CGG"
"36416383","phage_lambda",15818,"+",0,1,"CG","CGT"
"36416384","phage_lambda",15819,"-",0,0,"CG","CGT"
"36416385","phage_lambda",15831,"+",0,1,"CG","CGA"
"36416386","phage_lambda",15832,"-",0,0,"CG","CGA"
"36416387","phage_lambda",15835,"+",0,1,"CG","CGT"
"36416388","phage_lambda",15836,"-",0,0,"CG","CGG"
"36416389","phage_lambda",15841,"+",0,0,"CG","CGC"
"36416390","phage_lambda",15842,"-",0,0,"CG","CGC"
"36416391","phage_lambda",15852,"+",0,0,"CG","CGG"
"36416392","phage_lambda",15853,"-",0,0,"CG","CGA"
"36416393","phage_lambda",15899,"+",0,0,"CG","CGT"
"36416394","phage_lambda",15900,"-",0,0,"CG","CGG"
"36416395","phage_lambda",15902,"+",0,0,"CG","CGG"
"36416396","phage_lambda",15903,"-",0,0,"CG","CGA"
"36416397","phage_lambda",15910,"+",0,0,"CG","CGC"
"36416398","phage_lambda",15911,"-",0,0,"CG","CGG"
"36416399","phage_lambda",15931,"+",0,0,"CG","CGT"
"36416400","phage_lambda",15932,"-",0,0,"CG","CGT"
"36416401","phage_lambda",15936,"+",0,0,"CG","CGG"
"36416402","phage_lambda",15937,"-",0,0,"CG","CGT"
"36416403","phage_lambda",15950,"+",0,0,"CG","CGG"
"36416404","phage_lambda",15951,"-",0,0,"CG","CGT"
"36416405","phage_lambda",15986,"+",0,0,"CG","CGC"
"36416406","phage_lambda",15987,"-",0,0,"CG","CGA"
"36416407","phage_lambda",16001,"+",0,0,"CG","CGG"
"36416408","phage_lambda",16002,"-",0,0,"CG","CGA"
"36416409","phage_lambda",16022,"+",0,0,"CG","CGC"
"36416410","phage_lambda",16023,"-",0,0,"CG","CGG"
"36416411","phage_lambda",16025,"+",0,0,"CG","CGC"
"36416412","phage_lambda",16026,"-",0,0,"CG","CGG"
"36416413","phage_lambda",16027,"+",0,0,"CG","CGC"
"36416414","phage_lambda",16028,"-",0,0,"CG","CGC"
"36416415","phage_lambda",16031,"+",0,0,"CG","CGT"
"36416416","phage_lambda",16032,"-",0,0,"CG","CGG"
"36416417","phage_lambda",16042,"+",0,0,"CG","CGG"
"36416418","phage_lambda",16043,"-",0,0,"CG","CGG"
"36416419","phage_lambda",16048,"+",0,0,"CG","CGC"
"36416420","phage_lambda",16049,"-",0,0,"CG","CGC"
"36416421","phage_lambda",16058,"+",0,0,"CG","CGC"
"36416422","phage_lambda",16059,"-",0,0,"CG","CGT"
"36416423","phage_lambda",16061,"+",0,0,"CG","CGG"
"36416424","phage_lambda",16062,"-",0,0,"CG","CGG"
"36416425","phage_lambda",16094,"+",0,0,"CG","CGC"
"36416426","phage_lambda",16095,"-",0,0,"CG","CGT"
"36416427","phage_lambda",16103,"+",0,0,"CG","CGT"
"36416428","phage_lambda",16104,"-",0,0,"CG","CGA"
"36416429","phage_lambda",16122,"+",0,0,"CG","CGA"
"36416430","phage_lambda",16123,"-",0,0,"CG","CGA"
"36416431","phage_lambda",16142,"+",0,2,"CG","CGA"
"36416432","phage_lambda",16143,"-",0,0,"CG","CGG"
"36416433","phage_lambda",16148,"+",0,2,"CG","CGG"
"36416434","phage_lambda",16149,"-",0,0,"CG","CGT"
"36416435","phage_lambda",16158,"+",0,2,"CG","CGG"
"36416436","phage_lambda",16159,"-",0,0,"CG","CGA"
"36416437","phage_lambda",16161,"+",0,2,"CG","CGT"
"36416438","phage_lambda",16162,"-",0,0,"CG","CGC"
"36416439","phage_lambda",16175,"+",0,2,"CG","CGG"
"36416440","phage_lambda",16176,"-",0,0,"CG","CGA"
"36416441","phage_lambda",16185,"+",0,2,"CG","CGG"
"36416442","phage_lambda",16186,"-",0,0,"CG","CGA"
"36416443","phage_lambda",16204,"+",0,2,"CG","CGT"
"36416444","phage_lambda",16205,"-",0,0,"CG","CGG"
"36416445","phage_lambda",16219,"+",0,2,"CG","CGC"
"36416446","phage_lambda",16220,"-",0,0,"CG","CGC"
"36416447","phage_lambda",16221,"+",0,2,"CG","CGG"
"36416448","phage_lambda",16222,"-",0,0,"CG","CGC"
"36416449","phage_lambda",16225,"+",0,2,"CG","CGT"
"36416450","phage_lambda",16226,"-",0,0,"CG","CGC"
"36416451","phage_lambda",16241,"+",0,1,"CG","CGT"
"36416452","phage_lambda",16242,"-",0,0,"CG","CGG"
"36416453","phage_lambda",16244,"+",0,1,"CG","CGA"
"36416454","phage_lambda",16245,"-",0,0,"CG","CGA"
"36416455","phage_lambda",16256,"+",0,1,"CG","CGC"
"36416456","phage_lambda",16257,"-",0,0,"CG","CGG"
"36416457","phage_lambda",16262,"+",0,1,"CG","CGC"
"36416458","phage_lambda",16263,"-",0,0,"CG","CGT"
"36416459","phage_lambda",16264,"+",0,1,"CG","CGG"
"36416460","phage_lambda",16265,"-",0,0,"CG","CGC"
"36416461","phage_lambda",16275,"+",0,1,"CG","CGG"
"36416462","phage_lambda",16276,"-",0,0,"CG","CGC"
"36416463","phage_lambda",16287,"+",0,0,"CG","CGG"
"36416464","phage_lambda",16288,"-",0,0,"CG","CGT"
"36416465","phage_lambda",16292,"+",0,0,"CG","CGT"
"36416466","phage_lambda",16293,"-",0,0,"CG","CGT"
"36416467","phage_lambda",16301,"+",0,0,"CG","CGG"
"36416468","phage_lambda",16302,"-",0,0,"CG","CGG"
"36416469","phage_lambda",16352,"+",0,1,"CG","CGC"
"36416470","phage_lambda",16353,"-",0,0,"CG","CGG"
"36416471","phage_lambda",16354,"+",0,1,"CG","CGC"
"36416472","phage_lambda",16355,"-",0,0,"CG","CGC"
"36416473","phage_lambda",16359,"+",0,1,"CG","CGG"
"36416474","phage_lambda",16360,"-",0,0,"CG","CGT"
"36416475","phage_lambda",16372,"+",0,1,"CG","CGT"
"36416476","phage_lambda",16373,"-",0,0,"CG","CGT"
"36416477","phage_lambda",16382,"+",0,1,"CG","CGG"
"36416478","phage_lambda",16383,"-",0,0,"CG","CGC"
"36416479","phage_lambda",16385,"+",0,1,"CG","CGG"
"36416480","phage_lambda",16386,"-",0,0,"CG","CGC"
"36416481","phage_lambda",16403,"+",0,1,"CG","CGC"
"36416482","phage_lambda",16404,"-",0,0,"CG","CGC"
"36416483","phage_lambda",16416,"+",0,1,"CG","CGG"
"36416484","phage_lambda",16417,"-",0,0,"CG","CGA"
"36416485","phage_lambda",16428,"+",0,1,"CG","CGA"
"36416486","phage_lambda",16429,"-",0,0,"CG","CGC"
"36416487","phage_lambda",16442,"+",0,1,"CG","CGG"
"36416488","phage_lambda",16443,"-",0,0,"CG","CGG"
"36416489","phage_lambda",16446,"+",0,1,"CG","CGG"
"36416490","phage_lambda",16447,"-",0,0,"CG","CGT"
"36416491","phage_lambda",16455,"+",0,1,"CG","CGG"
"36416492","phage_lambda",16456,"-",0,0,"CG","CGC"
"36416493","phage_lambda",16460,"+",0,1,"CG","CGG"
"36416494","phage_lambda",16461,"-",0,0,"CG","CGT"
"36416495","phage_lambda",16466,"+",0,1,"CG","CGC"
"36416496","phage_lambda",16467,"-",0,0,"CG","CGG"
"36416497","phage_lambda",16468,"+",0,0,"CG","CGC"
"36416498","phage_lambda",16469,"-",0,0,"CG","CGC"
"36416499","phage_lambda",16484,"+",0,0,"CG","CGT"
"36416500","phage_lambda",16485,"-",0,0,"CG","CGC"
"36416501","phage_lambda",16501,"+",0,0,"CG","CGT"
"36416502","phage_lambda",16502,"-",0,0,"CG","CGC"
"36416503","phage_lambda",16508,"+",0,1,"CG","CGT"
"36416504","phage_lambda",16509,"-",0,0,"CG","CGC"
"36416505","phage_lambda",16524,"+",0,1,"CG","CGA"
"36416506","phage_lambda",16525,"-",0,0,"CG","CGC"
"36416507","phage_lambda",16535,"+",0,1,"CG","CGG"
"36416508","phage_lambda",16536,"-",0,0,"CG","CGA"
"36416509","phage_lambda",16538,"+",0,1,"CG","CGA"
"36416510","phage_lambda",16539,"-",0,0,"CG","CGC"
"36416511","phage_lambda",16543,"+",0,1,"CG","CGC"
"36416512","phage_lambda",16544,"-",0,0,"CG","CGC"
"36416513","phage_lambda",16553,"+",0,1,"CG","CGG"
"36416514","phage_lambda",16554,"-",0,0,"CG","CGG"
"36416515","phage_lambda",16563,"+",0,1,"CG","CGG"
"36416516","phage_lambda",16564,"-",0,0,"CG","CGT"
"36416517","phage_lambda",16571,"+",0,1,"CG","CGC"
"36416518","phage_lambda",16572,"-",0,0,"CG","CGT"
"36416519","phage_lambda",16577,"+",0,1,"CG","CGT"
"36416520","phage_lambda",16578,"-",0,0,"CG","CGT"
"36416521","phage_lambda",16581,"+",0,1,"CG","CGT"
"36416522","phage_lambda",16582,"-",0,0,"CG","CGA"
"36416523","phage_lambda",16591,"+",0,1,"CG","CGA"
"36416524","phage_lambda",16592,"-",0,0,"CG","CGG"
"36416525","phage_lambda",16595,"+",0,1,"CG","CGT"
"36416526","phage_lambda",16596,"-",0,0,"CG","CGG"
"36416527","phage_lambda",16598,"+",0,1,"CG","CGG"
"36416528","phage_lambda",16599,"-",0,0,"CG","CGA"
"36416529","phage_lambda",16607,"+",0,1,"CG","CGT"
"36416530","phage_lambda",16608,"-",0,0,"CG","CGT"
"36416531","phage_lambda",16621,"+",0,1,"CG","CGC"
"36416532","phage_lambda",16622,"-",0,0,"CG","CGG"
"36416533","phage_lambda",16640,"+",0,1,"CG","CGG"
"36416534","phage_lambda",16641,"-",0,0,"CG","CGG"
"36416535","phage_lambda",16650,"+",0,1,"CG","CGC"
"36416536","phage_lambda",16651,"-",0,0,"CG","CGC"
"36416537","phage_lambda",16652,"+",0,1,"CG","CGC"
"36416538","phage_lambda",16653,"-",0,0,"CG","CGC"
"36416539","phage_lambda",16655,"+",0,1,"CG","CGT"
"36416540","phage_lambda",16656,"-",0,0,"CG","CGG"
"36416541","phage_lambda",16660,"+",0,1,"CG","CGC"
"36416542","phage_lambda",16661,"-",0,0,"CG","CGG"
"36416543","phage_lambda",16674,"+",0,1,"CG","CGC"
"36416544","phage_lambda",16675,"-",0,0,"CG","CGC"
"36416545","phage_lambda",16687,"+",0,1,"CG","CGC"
"36416546","phage_lambda",16688,"-",0,0,"CG","CGG"
"36416547","phage_lambda",16698,"+",0,1,"CG","CGT"
"36416548","phage_lambda",16699,"-",0,0,"CG","CGG"
"36416549","phage_lambda",16721,"+",0,1,"CG","CGA"
"36416550","phage_lambda",16722,"-",0,0,"CG","CGG"
"36416551","phage_lambda",16728,"+",0,0,"CG","CGG"
"36416552","phage_lambda",16729,"-",0,0,"CG","CGT"
"36416553","phage_lambda",16739,"+",0,1,"CG","CGG"
"36416554","phage_lambda",16740,"-",0,0,"CG","CGT"
"36416555","phage_lambda",16742,"+",0,1,"CG","CGA"
"36416556","phage_lambda",16743,"-",0,0,"CG","CGC"
"36416557","phage_lambda",16763,"+",0,2,"CG","CGC"
"36416558","phage_lambda",16764,"-",0,0,"CG","CGT"
"36416559","phage_lambda",16777,"+",0,1,"CG","CGT"
"36416560","phage_lambda",16778,"-",0,0,"CG","CGG"
"36416561","phage_lambda",16782,"+",0,1,"CG","CGG"
"36416562","phage_lambda",16783,"-",0,0,"CG","CGT"
"36416563","phage_lambda",16786,"+",0,1,"CG","CGT"
"36416564","phage_lambda",16787,"-",0,0,"CG","CGA"
"36416565","phage_lambda",16796,"+",0,1,"CG","CGA"
"36416566","phage_lambda",16797,"-",0,0,"CG","CGT"
"36416567","phage_lambda",16825,"+",0,1,"CG","CGG"
"36416568","phage_lambda",16826,"-",0,0,"CG","CGG"
"36416569","phage_lambda",16840,"+",0,1,"CG","CGC"
"36416570","phage_lambda",16841,"-",0,0,"CG","CGG"
"36416571","phage_lambda",16842,"+",0,1,"CG","CGC"
"36416572","phage_lambda",16843,"-",0,0,"CG","CGC"
"36416573","phage_lambda",16845,"+",0,1,"CG","CGG"
"36416574","phage_lambda",16846,"-",0,0,"CG","CGG"
"36416575","phage_lambda",16880,"+",0,1,"CG","CGC"
"36416576","phage_lambda",16881,"-",0,0,"CG","CGT"
"36416577","phage_lambda",16887,"+",0,1,"CG","CGT"
"36416578","phage_lambda",16888,"-",0,0,"CG","CGG"
"36416579","phage_lambda",16899,"+",0,1,"CG","CGT"
"36416580","phage_lambda",16900,"-",0,0,"CG","CGC"
"36416581","phage_lambda",16902,"+",0,1,"CG","CGG"
"36416582","phage_lambda",16903,"-",0,0,"CG","CGA"
"36416583","phage_lambda",16905,"+",0,1,"CG","CGC"
"36416584","phage_lambda",16906,"-",0,0,"CG","CGC"
"36416585","phage_lambda",16918,"+",0,0,"CG","CGC"
"36416586","phage_lambda",16919,"-",0,0,"CG","CGA"
"36416587","phage_lambda",16928,"+",0,0,"CG","CGG"
"36416588","phage_lambda",16929,"-",0,0,"CG","CGG"
"36416589","phage_lambda",16932,"+",0,0,"CG","CGA"
"36416590","phage_lambda",16933,"-",0,0,"CG","CGC"
"36416591","phage_lambda",16950,"+",0,0,"CG","CGA"
"36416592","phage_lambda",16951,"-",0,0,"CG","CGC"
"36416593","phage_lambda",16965,"+",0,1,"CG","CGG"
"36416594","phage_lambda",16966,"-",0,0,"CG","CGG"
"36416595","phage_lambda",16977,"+",0,1,"CG","CGG"
"36416596","phage_lambda",16978,"-",0,0,"CG","CGG"
"36416597","phage_lambda",16984,"+",0,1,"CG","CGT"
"36416598","phage_lambda",16985,"-",0,0,"CG","CGA"
"36416599","phage_lambda",16994,"+",0,1,"CG","CGG"
"36416600","phage_lambda",16995,"-",0,0,"CG","CGC"
"36416601","phage_lambda",17011,"+",0,1,"CG","CGG"
"36416602","phage_lambda",17012,"-",0,0,"CG","CGG"
"36416603","phage_lambda",17015,"+",0,1,"CG","CGC"
"36416604","phage_lambda",17016,"-",0,0,"CG","CGT"
"36416605","phage_lambda",17021,"+",0,1,"CG","CGC"
"36416606","phage_lambda",17022,"-",0,0,"CG","CGT"
"36416607","phage_lambda",17025,"+",0,1,"CG","CGA"
"36416608","phage_lambda",17026,"-",0,0,"CG","CGA"
"36416609","phage_lambda",17029,"+",0,1,"CG","CGT"
"36416610","phage_lambda",17030,"-",0,0,"CG","CGG"
"36416611","phage_lambda",17039,"+",0,1,"CG","CGC"
"36416612","phage_lambda",17040,"-",0,0,"CG","CGT"
"36416613","phage_lambda",17052,"+",0,1,"CG","CGG"
"36416614","phage_lambda",17053,"-",0,0,"CG","CGG"
"36416615","phage_lambda",17058,"+",0,1,"CG","CGC"
"36416616","phage_lambda",17059,"-",0,0,"CG","CGG"
"36416617","phage_lambda",17060,"+",0,1,"CG","CGC"
"36416618","phage_lambda",17061,"-",0,0,"CG","CGC"
"36416619","phage_lambda",17079,"+",0,1,"CG","CGG"
"36416620","phage_lambda",17080,"-",0,0,"CG","CGT"
"36416621","phage_lambda",17093,"+",0,1,"CG","CGG"
"36416622","phage_lambda",17094,"-",0,0,"CG","CGG"
"36416623","phage_lambda",17100,"+",0,1,"CG","CGT"
"36416624","phage_lambda",17101,"-",0,0,"CG","CGC"
"36416625","phage_lambda",17115,"+",0,1,"CG","CGT"
"36416626","phage_lambda",17116,"-",0,0,"CG","CGG"
"36416627","phage_lambda",17121,"+",0,1,"CG","CGA"
"36416628","phage_lambda",17122,"-",0,0,"CG","CGG"
"36416629","phage_lambda",17124,"+",0,1,"CG","CGG"
"36416630","phage_lambda",17125,"-",0,0,"CG","CGT"
"36416631","phage_lambda",17127,"+",0,1,"CG","CGT"
"36416632","phage_lambda",17128,"-",0,0,"CG","CGC"
"36416633","phage_lambda",17146,"+",0,1,"CG","CGT"
"36416634","phage_lambda",17147,"-",0,0,"CG","CGG"
"36416635","phage_lambda",17157,"+",0,1,"CG","CGG"
"36416636","phage_lambda",17158,"-",0,0,"CG","CGT"
"36416637","phage_lambda",17175,"+",0,0,"CG","CGT"
"36416638","phage_lambda",17176,"-",0,0,"CG","CGC"
"36416639","phage_lambda",17195,"+",0,0,"CG","CGA"
"36416640","phage_lambda",17196,"-",0,0,"CG","CGG"
"36416641","phage_lambda",17198,"+",0,0,"CG","CGC"
"36416642","phage_lambda",17199,"-",0,0,"CG","CGT"
"36416643","phage_lambda",17203,"+",0,0,"CG","CGC"
"36416644","phage_lambda",17204,"-",0,0,"CG","CGC"
"36416645","phage_lambda",17209,"+",0,0,"CG","CGA"
"36416646","phage_lambda",17210,"-",0,0,"CG","CGC"
"36416647","phage_lambda",17218,"+",0,0,"CG","CGC"
"36416648","phage_lambda",17219,"-",0,0,"CG","CGG"
"36416649","phage_lambda",17223,"+",0,0,"CG","CGT"
"36416650","phage_lambda",17224,"-",0,0,"CG","CGC"
"36416651","phage_lambda",17233,"+",0,0,"CG","CGT"
"36416652","phage_lambda",17234,"-",0,0,"CG","CGG"
"36416653","phage_lambda",17241,"+",0,0,"CG","CGA"
"36416654","phage_lambda",17242,"-",0,0,"CG","CGT"
"36416655","phage_lambda",17244,"+",0,0,"CG","CGA"
"36416656","phage_lambda",17245,"-",0,0,"CG","CGT"
"36416657","phage_lambda",17247,"+",0,0,"CG","CGG"
"36416658","phage_lambda",17248,"-",0,0,"CG","CGT"
"36416659","phage_lambda",17252,"+",0,0,"CG","CGT"
"36416660","phage_lambda",17253,"-",0,0,"CG","CGT"
"36416661","phage_lambda",17265,"+",0,0,"CG","CGC"
"36416662","phage_lambda",17266,"-",0,0,"CG","CGG"
"36416663","phage_lambda",17268,"+",0,0,"CG","CGT"
"36416664","phage_lambda",17269,"-",0,0,"CG","CGG"
"36416665","phage_lambda",17282,"+",0,1,"CG","CGG"
"36416666","phage_lambda",17283,"-",0,0,"CG","CGG"
"36416667","phage_lambda",17298,"+",0,1,"CG","CGT"
"36416668","phage_lambda",17299,"-",0,0,"CG","CGA"
"36416669","phage_lambda",17307,"+",0,1,"CG","CGG"
"36416670","phage_lambda",17308,"-",0,0,"CG","CGT"
"36416671","phage_lambda",17312,"+",0,1,"CG","CGC"
"36416672","phage_lambda",17313,"-",0,0,"CG","CGC"
"36416673","phage_lambda",17322,"+",0,1,"CG","CGG"
"36416674","phage_lambda",17323,"-",0,0,"CG","CGT"
"36416675","phage_lambda",17325,"+",0,1,"CG","CGA"
"36416676","phage_lambda",17326,"-",0,0,"CG","CGC"
"36416677","phage_lambda",17339,"+",0,1,"CG","CGG"
"36416678","phage_lambda",17340,"-",0,0,"CG","CGT"
"36416679","phage_lambda",17354,"+",0,1,"CG","CGC"
"36416680","phage_lambda",17355,"-",0,0,"CG","CGT"
"36416681","phage_lambda",17357,"+",0,1,"CG","CGC"
"36416682","phage_lambda",17358,"-",0,0,"CG","CGG"
"36416683","phage_lambda",17363,"+",0,1,"CG","CGG"
"36416684","phage_lambda",17364,"-",0,0,"CG","CGC"
"36416685","phage_lambda",17379,"+",0,1,"CG","CGC"
"36416686","phage_lambda",17380,"-",0,0,"CG","CGG"
"36416687","phage_lambda",17400,"+",0,1,"CG","CGG"
"36416688","phage_lambda",17401,"-",0,0,"CG","CGC"
"36416689","phage_lambda",17420,"+",0,1,"CG","CGC"
"36416690","phage_lambda",17421,"-",0,0,"CG","CGC"
"36416691","phage_lambda",17422,"+",0,1,"CG","CGA"
"36416692","phage_lambda",17423,"-",0,0,"CG","CGC"
"36416693","phage_lambda",17435,"+",0,0,"CG","CGA"
"36416694","phage_lambda",17436,"-",0,0,"CG","CGG"
"36416695","phage_lambda",17451,"+",0,0,"CG","CGT"
"36416696","phage_lambda",17452,"-",0,0,"CG","CGC"
"36416697","phage_lambda",17467,"+",0,0,"CG","CGT"
"36416698","phage_lambda",17468,"-",0,0,"CG","CGG"
"36416699","phage_lambda",17475,"+",0,0,"CG","CGT"
"36416700","phage_lambda",17476,"-",0,0,"CG","CGG"
"36416701","phage_lambda",17483,"+",0,0,"CG","CGG"
"36416702","phage_lambda",17484,"-",0,0,"CG","CGC"
"36416703","phage_lambda",17487,"+",0,0,"CG","CGA"
"36416704","phage_lambda",17488,"-",0,0,"CG","CGT"
"36416705","phage_lambda",17490,"+",0,0,"CG","CGG"
"36416706","phage_lambda",17491,"-",0,0,"CG","CGT"
"36416707","phage_lambda",17500,"+",0,0,"CG","CGG"
"36416708","phage_lambda",17501,"-",0,0,"CG","CGC"
"36416709","phage_lambda",17513,"+",0,0,"CG","CGG"
"36416710","phage_lambda",17514,"-",0,0,"CG","CGT"
"36416711","phage_lambda",17518,"+",0,0,"CG","CGG"
"36416712","phage_lambda",17519,"-",0,0,"CG","CGG"
"36416713","phage_lambda",17522,"+",0,0,"CG","CGA"
"36416714","phage_lambda",17523,"-",0,0,"CG","CGT"
"36416715","phage_lambda",17525,"+",0,0,"CG","CGG"
"36416716","phage_lambda",17526,"-",0,0,"CG","CGT"
"36416717","phage_lambda",17539,"+",0,0,"CG","CGC"
"36416718","phage_lambda",17540,"-",0,0,"CG","CGG"
"36416719","phage_lambda",17546,"+",0,0,"CG","CGC"
"36416720","phage_lambda",17547,"-",0,0,"CG","CGT"
"36416721","phage_lambda",17555,"+",0,0,"CG","CGC"
"36416722","phage_lambda",17556,"-",0,0,"CG","CGC"
"36416723","phage_lambda",17581,"+",0,0,"CG","CGG"
"36416724","phage_lambda",17582,"-",0,0,"CG","CGG"
"36416725","phage_lambda",17585,"+",0,0,"CG","CGG"
"36416726","phage_lambda",17586,"-",0,0,"CG","CGC"
"36416727","phage_lambda",17594,"+",0,0,"CG","CGT"
"36416728","phage_lambda",17595,"-",0,0,"CG","CGC"
"36416729","phage_lambda",17610,"+",0,0,"CG","CGA"
"36416730","phage_lambda",17611,"-",0,0,"CG","CGC"
"36416731","phage_lambda",17615,"+",0,0,"CG","CGG"
"36416732","phage_lambda",17616,"-",0,0,"CG","CGG"
"36416733","phage_lambda",17618,"+",0,0,"CG","CGT"
"36416734","phage_lambda",17619,"-",0,0,"CG","CGC"
"36416735","phage_lambda",17621,"+",0,0,"CG","CGG"
"36416736","phage_lambda",17622,"-",0,0,"CG","CGA"
"36416737","phage_lambda",17627,"+",0,0,"CG","CGT"
"36416738","phage_lambda",17628,"-",0,0,"CG","CGA"
"36416739","phage_lambda",17632,"+",0,0,"CG","CGG"
"36416740","phage_lambda",17633,"-",0,0,"CG","CGG"
"36416741","phage_lambda",17640,"+",0,0,"CG","CGC"
"36416742","phage_lambda",17641,"-",0,0,"CG","CGG"
"36416743","phage_lambda",17645,"+",0,0,"CG","CGG"
"36416744","phage_lambda",17646,"-",0,0,"CG","CGG"
"36416745","phage_lambda",17654,"+",0,0,"CG","CGT"
"36416746","phage_lambda",17655,"-",0,0,"CG","CGG"
"36416747","phage_lambda",17657,"+",0,0,"CG","CGA"
"36416748","phage_lambda",17658,"-",0,0,"CG","CGA"
"36416749","phage_lambda",17672,"+",0,0,"CG","CGC"
"36416750","phage_lambda",17673,"-",0,0,"CG","CGT"
"36416751","phage_lambda",17675,"+",0,0,"CG","CGG"
"36416752","phage_lambda",17676,"-",0,0,"CG","CGG"
"36416753","phage_lambda",17694,"+",0,0,"CG","CGC"
"36416754","phage_lambda",17695,"-",0,0,"CG","CGG"
"36416755","phage_lambda",17699,"+",0,0,"CG","CGC"
"36416756","phage_lambda",17700,"-",0,0,"CG","CGT"
"36416757","phage_lambda",17702,"+",0,0,"CG","CGC"
"36416758","phage_lambda",17703,"-",0,0,"CG","CGG"
"36416759","phage_lambda",17712,"+",0,0,"CG","CGT"
"36416760","phage_lambda",17713,"-",0,0,"CG","CGG"
"36416761","phage_lambda",17723,"+",0,0,"CG","CGA"
"36416762","phage_lambda",17724,"-",0,0,"CG","CGG"
"36416763","phage_lambda",17726,"+",0,0,"CG","CGG"
"36416764","phage_lambda",17727,"-",0,0,"CG","CGT"
"36416765","phage_lambda",17750,"+",0,0,"CG","CGG"
"36416766","phage_lambda",17751,"-",0,0,"CG","CGA"
"36416767","phage_lambda",17765,"+",0,0,"CG","CGG"
"36416768","phage_lambda",17766,"-",0,0,"CG","CGC"
"36416769","phage_lambda",17792,"+",0,0,"CG","CGC"
"36416770","phage_lambda",17793,"-",0,0,"CG","CGT"
"36416771","phage_lambda",17794,"+",0,0,"CG","CGT"
"36416772","phage_lambda",17795,"-",0,0,"CG","CGC"
"36416773","phage_lambda",17807,"+",0,0,"CG","CGG"
"36416774","phage_lambda",17808,"-",0,0,"CG","CGT"
"36416775","phage_lambda",17810,"+",0,0,"CG","CGC"
"36416776","phage_lambda",17811,"-",0,0,"CG","CGC"
"36416777","phage_lambda",17826,"+",0,0,"CG","CGC"
"36416778","phage_lambda",17827,"-",0,0,"CG","CGG"
"36416779","phage_lambda",17846,"+",0,0,"CG","CGG"
"36416780","phage_lambda",17847,"-",0,0,"CG","CGG"
"36416781","phage_lambda",17872,"+",0,0,"CG","CGC"
"36416782","phage_lambda",17873,"-",0,0,"CG","CGG"
"36416783","phage_lambda",17886,"+",0,0,"CG","CGT"
"36416784","phage_lambda",17887,"-",0,0,"CG","CGG"
"36416785","phage_lambda",17897,"+",0,0,"CG","CGG"
"36416786","phage_lambda",17898,"-",0,0,"CG","CGA"
"36416787","phage_lambda",17904,"+",0,0,"CG","CGT"
"36416788","phage_lambda",17905,"-",0,0,"CG","CGA"
"36416789","phage_lambda",17913,"+",0,0,"CG","CGT"
"36416790","phage_lambda",17914,"-",0,0,"CG","CGG"
"36416791","phage_lambda",17916,"+",0,0,"CG","CGG"
"36416792","phage_lambda",17917,"-",0,0,"CG","CGA"
"36416793","phage_lambda",17920,"+",0,0,"CG","CGG"
"36416794","phage_lambda",17921,"-",0,0,"CG","CGA"
"36416795","phage_lambda",17924,"+",0,0,"CG","CGA"
"36416796","phage_lambda",17925,"-",0,0,"CG","CGC"
"36416797","phage_lambda",17928,"+",0,1,"CG","CGA"
"36416798","phage_lambda",17929,"-",0,0,"CG","CGC"
"36416799","phage_lambda",17936,"+",0,1,"CG","CGG"
"36416800","phage_lambda",17937,"-",0,0,"CG","CGC"
"36416801","phage_lambda",17973,"+",0,1,"CG","CGA"
"36416802","phage_lambda",17974,"-",0,0,"CG","CGG"
"36416803","phage_lambda",17985,"+",0,1,"CG","CGG"
"36416804","phage_lambda",17986,"-",0,0,"CG","CGA"
"36416805","phage_lambda",18009,"+",0,1,"CG","CGA"
"36416806","phage_lambda",18010,"-",0,0,"CG","CGA"
"36416807","phage_lambda",18017,"+",0,1,"CG","CGG"
"36416808","phage_lambda",18018,"-",0,0,"CG","CGT"
"36416809","phage_lambda",18027,"+",0,1,"CG","CGC"
"36416810","phage_lambda",18028,"-",0,0,"CG","CGT"
"36416811","phage_lambda",18050,"+",0,1,"CG","CGA"
"36416812","phage_lambda",18051,"-",0,0,"CG","CGA"
"36416813","phage_lambda",18120,"+",0,0,"CG","CGG"
"36416814","phage_lambda",18121,"-",0,0,"CG","CGT"
"36416815","phage_lambda",18135,"+",0,0,"CG","CGC"
"36416816","phage_lambda",18136,"-",0,0,"CG","CGA"
"36416817","phage_lambda",18137,"+",0,0,"CG","CGG"
"36416818","phage_lambda",18138,"-",0,0,"CG","CGC"
"36416819","phage_lambda",18164,"+",0,0,"CG","CGG"
"36416820","phage_lambda",18165,"-",0,0,"CG","CGT"
"36416821","phage_lambda",18198,"+",0,0,"CG","CGC"
"36416822","phage_lambda",18199,"-",0,0,"CG","CGG"
"36416823","phage_lambda",18205,"+",0,0,"CG","CGT"
"36416824","phage_lambda",18206,"-",0,0,"CG","CGA"
"36416825","phage_lambda",18210,"+",0,0,"CG","CGC"
"36416826","phage_lambda",18211,"-",0,0,"CG","CGA"
"36416827","phage_lambda",18224,"+",0,0,"CG","CGG"
"36416828","phage_lambda",18225,"-",0,0,"CG","CGG"
"36416829","phage_lambda",18231,"+",0,0,"CG","CGG"
"36416830","phage_lambda",18232,"-",0,0,"CG","CGT"
"36416831","phage_lambda",18242,"+",0,0,"CG","CGC"
"36416832","phage_lambda",18243,"-",0,0,"CG","CGT"
"36416833","phage_lambda",18245,"+",0,0,"CG","CGA"
"36416834","phage_lambda",18246,"-",0,0,"CG","CGG"
"36416835","phage_lambda",18257,"+",0,0,"CG","CGC"
"36416836","phage_lambda",18258,"-",0,0,"CG","CGC"
"36416837","phage_lambda",18282,"+",0,0,"CG","CGA"
"36416838","phage_lambda",18283,"-",0,0,"CG","CGT"
"36416839","phage_lambda",18285,"+",0,0,"CG","CGT"
"36416840","phage_lambda",18286,"-",0,0,"CG","CGT"
"36416841","phage_lambda",18298,"+",0,0,"CG","CGC"
"36416842","phage_lambda",18299,"-",0,0,"CG","CGC"
"36416843","phage_lambda",18305,"+",0,0,"CG","CGG"
"36416844","phage_lambda",18306,"-",0,0,"CG","CGT"
"36416845","phage_lambda",18324,"+",0,0,"CG","CGG"
"36416846","phage_lambda",18325,"-",0,0,"CG","CGC"
"36416847","phage_lambda",18327,"+",0,0,"CG","CGG"
"36416848","phage_lambda",18328,"-",0,0,"CG","CGC"
"36416849","phage_lambda",18338,"+",0,0,"CG","CGG"
"36416850","phage_lambda",18339,"-",0,0,"CG","CGG"
"36416851","phage_lambda",18356,"+",0,0,"CG","CGG"
"36416852","phage_lambda",18357,"-",0,0,"CG","CGG"
"36416853","phage_lambda",18360,"+",0,0,"CG","CGG"
"36416854","phage_lambda",18361,"-",0,0,"CG","CGT"
"36416855","phage_lambda",18372,"+",0,0,"CG","CGC"
"36416856","phage_lambda",18373,"-",0,0,"CG","CGG"
"36416857","phage_lambda",18383,"+",0,0,"CG","CGG"
"36416858","phage_lambda",18384,"-",0,0,"CG","CGC"
"36416859","phage_lambda",18407,"+",0,0,"CG","CGA"
"36416860","phage_lambda",18408,"-",0,1,"CG","CGC"
"36416861","phage_lambda",18414,"+",0,0,"CG","CGG"
"36416862","phage_lambda",18415,"-",0,1,"CG","CGG"
"36416863","phage_lambda",18419,"+",0,0,"CG","CGC"
"36416864","phage_lambda",18420,"-",0,1,"CG","CGT"
"36416865","phage_lambda",18434,"+",0,0,"CG","CGA"
"36416866","phage_lambda",18435,"-",0,1,"CG","CGT"
"36416867","phage_lambda",18452,"+",0,0,"CG","CGA"
"36416868","phage_lambda",18453,"-",0,1,"CG","CGT"
"36416869","phage_lambda",18459,"+",0,0,"CG","CGG"
"36416870","phage_lambda",18460,"-",0,1,"CG","CGT"
"36416871","phage_lambda",18464,"+",0,0,"CG","CGC"
"36416872","phage_lambda",18465,"-",0,1,"CG","CGT"
"36416873","phage_lambda",18473,"+",0,0,"CG","CGG"
"36416874","phage_lambda",18474,"-",0,1,"CG","CGC"
"36416875","phage_lambda",18483,"+",0,0,"CG","CGT"
"36416876","phage_lambda",18484,"-",0,1,"CG","CGA"
"36416877","phage_lambda",18486,"+",0,0,"CG","CGG"
"36416878","phage_lambda",18487,"-",0,1,"CG","CGA"
"36416879","phage_lambda",18503,"+",0,0,"CG","CGG"
"36416880","phage_lambda",18504,"-",0,1,"CG","CGC"
"36416881","phage_lambda",18506,"+",0,0,"CG","CGA"
"36416882","phage_lambda",18507,"-",0,1,"CG","CGC"
"36416883","phage_lambda",18510,"+",0,0,"CG","CGC"
"36416884","phage_lambda",18511,"-",0,1,"CG","CGC"
"36416885","phage_lambda",18512,"+",0,0,"CG","CGG"
"36416886","phage_lambda",18513,"-",0,1,"CG","CGC"
"36416887","phage_lambda",18521,"+",0,0,"CG","CGC"
"36416888","phage_lambda",18522,"-",0,1,"CG","CGG"
"36416889","phage_lambda",18523,"+",0,0,"CG","CGC"
"36416890","phage_lambda",18524,"-",0,1,"CG","CGC"
"36416891","phage_lambda",18529,"+",0,0,"CG","CGT"
"36416892","phage_lambda",18530,"-",0,1,"CG","CGC"
"36416893","phage_lambda",18551,"+",0,0,"CG","CGT"
"36416894","phage_lambda",18552,"-",0,1,"CG","CGG"
"36416895","phage_lambda",18562,"+",0,0,"CG","CGT"
"36416896","phage_lambda",18563,"-",0,1,"CG","CGG"
"36416897","phage_lambda",18573,"+",0,0,"CG","CGT"
"36416898","phage_lambda",18574,"-",0,1,"CG","CGG"
"36416899","phage_lambda",18579,"+",0,0,"CG","CGA"
"36416900","phage_lambda",18580,"-",0,0,"CG","CGG"
"36416901","phage_lambda",18598,"+",0,0,"CG","CGC"
"36416902","phage_lambda",18599,"-",0,0,"CG","CGA"
"36416903","phage_lambda",18617,"+",0,0,"CG","CGC"
"36416904","phage_lambda",18618,"-",0,0,"CG","CGG"
"36416905","phage_lambda",18623,"+",0,0,"CG","CGT"
"36416906","phage_lambda",18624,"-",0,0,"CG","CGT"
"36416907","phage_lambda",18628,"+",0,0,"CG","CGC"
"36416908","phage_lambda",18629,"-",0,0,"CG","CGA"
"36416909","phage_lambda",18630,"+",0,0,"CG","CGG"
"36416910","phage_lambda",18631,"-",0,0,"CG","CGC"
"36416911","phage_lambda",18640,"+",0,0,"CG","CGT"
"36416912","phage_lambda",18641,"-",0,0,"CG","CGC"
"36416913","phage_lambda",18651,"+",0,0,"CG","CGG"
"36416914","phage_lambda",18652,"-",0,0,"CG","CGC"
"36416915","phage_lambda",18662,"+",0,0,"CG","CGT"
"36416916","phage_lambda",18663,"-",0,0,"CG","CGT"
"36416917","phage_lambda",18668,"+",0,0,"CG","CGA"
"36416918","phage_lambda",18669,"-",0,0,"CG","CGA"
"36416919","phage_lambda",18696,"+",0,0,"CG","CGG"
"36416920","phage_lambda",18697,"-",0,0,"CG","CGT"
"36416921","phage_lambda",18701,"+",0,0,"CG","CGG"
"36416922","phage_lambda",18702,"-",0,0,"CG","CGC"
"36416923","phage_lambda",18717,"+",0,0,"CG","CGC"
"36416924","phage_lambda",18718,"-",0,0,"CG","CGC"
"36416925","phage_lambda",18719,"+",0,0,"CG","CGG"
"36416926","phage_lambda",18720,"-",0,0,"CG","CGC"
"36416927","phage_lambda",18722,"+",0,0,"CG","CGA"
"36416928","phage_lambda",18723,"-",0,0,"CG","CGC"
"36416929","phage_lambda",18726,"+",0,0,"CG","CGA"
"36416930","phage_lambda",18727,"-",0,0,"CG","CGT"
"36416931","phage_lambda",18731,"+",0,0,"CG","CGG"
"36416932","phage_lambda",18732,"-",0,0,"CG","CGC"
"36416933","phage_lambda",18748,"+",0,0,"CG","CGT"
"36416934","phage_lambda",18749,"-",0,0,"CG","CGG"
"36416935","phage_lambda",18767,"+",0,0,"CG","CGG"
"36416936","phage_lambda",18768,"-",0,0,"CG","CGC"
"36416937","phage_lambda",18772,"+",0,0,"CG","CGG"
"36416938","phage_lambda",18773,"-",0,0,"CG","CGA"
"36416939","phage_lambda",18780,"+",0,0,"CG","CGT"
"36416940","phage_lambda",18781,"-",0,0,"CG","CGT"
"36416941","phage_lambda",18791,"+",0,0,"CG","CGT"
"36416942","phage_lambda",18792,"-",0,0,"CG","CGT"
"36416943","phage_lambda",18797,"+",0,0,"CG","CGC"
"36416944","phage_lambda",18798,"-",0,0,"CG","CGT"
"36416945","phage_lambda",18803,"+",0,0,"CG","CGT"
"36416946","phage_lambda",18804,"-",0,0,"CG","CGT"
"36416947","phage_lambda",18811,"+",0,0,"CG","CGG"
"36416948","phage_lambda",18812,"-",0,0,"CG","CGT"
"36416949","phage_lambda",18818,"+",0,0,"CG","CGG"
"36416950","phage_lambda",18819,"-",0,0,"CG","CGA"
"36416951","phage_lambda",18830,"+",0,0,"CG","CGC"
"36416952","phage_lambda",18831,"-",0,0,"CG","CGG"
"36416953","phage_lambda",18833,"+",0,0,"CG","CGT"
"36416954","phage_lambda",18834,"-",0,0,"CG","CGG"
"36416955","phage_lambda",18839,"+",0,0,"CG","CGT"
"36416956","phage_lambda",18840,"-",0,0,"CG","CGT"
"36416957","phage_lambda",18849,"+",0,0,"CG","CGA"
"36416958","phage_lambda",18850,"-",0,0,"CG","CGC"
"36416959","phage_lambda",18881,"+",0,0,"CG","CGC"
"36416960","phage_lambda",18882,"-",0,0,"CG","CGC"
"36416961","phage_lambda",18894,"+",0,0,"CG","CGT"
"36416962","phage_lambda",18895,"-",0,0,"CG","CGC"
"36416963","phage_lambda",18920,"+",0,0,"CG","CGT"
"36416964","phage_lambda",18921,"-",0,0,"CG","CGA"
"36416965","phage_lambda",18924,"+",0,0,"CG","CGG"
"36416966","phage_lambda",18925,"-",0,0,"CG","CGG"
"36416967","phage_lambda",18930,"+",0,0,"CG","CGG"
"36416968","phage_lambda",18931,"-",0,0,"CG","CGT"
"36416969","phage_lambda",18934,"+",0,0,"CG","CGT"
"36416970","phage_lambda",18935,"-",0,0,"CG","CGC"
"36416971","phage_lambda",18963,"+",0,0,"CG","CGA"
"36416972","phage_lambda",18964,"-",0,0,"CG","CGT"
"36416973","phage_lambda",18968,"+",0,0,"CG","CGT"
"36416974","phage_lambda",18969,"-",0,0,"CG","CGC"
"36416975","phage_lambda",18985,"+",0,0,"CG","CGT"
"36416976","phage_lambda",18986,"-",0,0,"CG","CGG"
"36416977","phage_lambda",19000,"+",0,0,"CG","CGC"
"36416978","phage_lambda",19001,"-",0,0,"CG","CGG"
"36416979","phage_lambda",19008,"+",0,0,"CG","CGG"
"36416980","phage_lambda",19009,"-",0,0,"CG","CGC"
"36416981","phage_lambda",19023,"+",0,0,"CG","CGG"
"36416982","phage_lambda",19024,"-",0,0,"CG","CGG"
"36416983","phage_lambda",19028,"+",0,0,"CG","CGT"
"36416984","phage_lambda",19029,"-",0,0,"CG","CGG"
"36416985","phage_lambda",19032,"+",0,0,"CG","CGG"
"36416986","phage_lambda",19033,"-",0,0,"CG","CGC"
"36416987","phage_lambda",19050,"+",0,0,"CG","CGT"
"36416988","phage_lambda",19051,"-",0,0,"CG","CGT"
"36416989","phage_lambda",19056,"+",0,0,"CG","CGG"
"36416990","phage_lambda",19057,"-",0,0,"CG","CGT"
"36416991","phage_lambda",19080,"+",0,0,"CG","CGG"
"36416992","phage_lambda",19081,"-",0,0,"CG","CGG"
"36416993","phage_lambda",19092,"+",0,0,"CG","CGT"
"36416994","phage_lambda",19093,"-",0,0,"CG","CGG"
"36416995","phage_lambda",19095,"+",0,0,"CG","CGT"
"36416996","phage_lambda",19096,"-",0,0,"CG","CGA"
"36416997","phage_lambda",19101,"+",0,0,"CG","CGG"
"36416998","phage_lambda",19102,"-",0,0,"CG","CGA"
"36416999","phage_lambda",19105,"+",0,0,"CG","CGG"
"36417000","phage_lambda",19106,"-",0,0,"CG","CGC"
"36417001","phage_lambda",19114,"+",0,0,"CG","CGG"
"36417002","phage_lambda",19115,"-",0,0,"CG","CGG"
"36417003","phage_lambda",19141,"+",0,0,"CG","CGT"
"36417004","phage_lambda",19142,"-",0,0,"CG","CGT"
"36417005","phage_lambda",19151,"+",0,0,"CG","CGT"
"36417006","phage_lambda",19152,"-",0,0,"CG","CGG"
"36417007","phage_lambda",19164,"+",0,0,"CG","CGG"
"36417008","phage_lambda",19165,"-",0,0,"CG","CGT"
"36417009","phage_lambda",19198,"+",0,0,"CG","CGC"
"36417010","phage_lambda",19199,"-",0,0,"CG","CGA"
"36417011","phage_lambda",19201,"+",0,0,"CG","CGC"
"36417012","phage_lambda",19202,"-",0,0,"CG","CGG"
"36417013","phage_lambda",19203,"+",0,0,"CG","CGT"
"36417014","phage_lambda",19204,"-",0,0,"CG","CGC"
"36417015","phage_lambda",19206,"+",0,0,"CG","CGA"
"36417016","phage_lambda",19207,"-",0,0,"CG","CGA"
"36417017","phage_lambda",19231,"+",0,0,"CG","CGG"
"36417018","phage_lambda",19232,"-",0,0,"CG","CGG"
"36417019","phage_lambda",19242,"+",0,0,"CG","CGT"
"36417020","phage_lambda",19243,"-",0,0,"CG","CGT"
"36417021","phage_lambda",19262,"+",0,0,"CG","CGT"
"36417022","phage_lambda",19263,"-",0,0,"CG","CGC"
"36417023","phage_lambda",19268,"+",0,0,"CG","CGT"
"36417024","phage_lambda",19269,"-",0,0,"CG","CGT"
"36417025","phage_lambda",19279,"+",0,0,"CG","CGT"
"36417026","phage_lambda",19280,"-",0,0,"CG","CGC"
"36417027","phage_lambda",19288,"+",0,0,"CG","CGG"
"36417028","phage_lambda",19289,"-",0,0,"CG","CGG"
"36417029","phage_lambda",19293,"+",0,0,"CG","CGG"
"36417030","phage_lambda",19294,"-",0,0,"CG","CGG"
"36417031","phage_lambda",19323,"+",0,1,"CG","CGT"
"36417032","phage_lambda",19324,"-",0,1,"CG","CGC"
"36417033","phage_lambda",19327,"+",0,1,"CG","CGC"
"36417034","phage_lambda",19328,"-",0,1,"CG","CGT"
"36417035","phage_lambda",19336,"+",0,1,"CG","CGG"
"36417036","phage_lambda",19337,"-",0,1,"CG","CGG"
"36417037","phage_lambda",19352,"+",0,1,"CG","CGG"
"36417038","phage_lambda",19353,"-",0,1,"CG","CGA"
"36417039","phage_lambda",19360,"+",0,1,"CG","CGG"
"36417040","phage_lambda",19361,"-",0,1,"CG","CGG"
"36417041","phage_lambda",19379,"+",0,1,"CG","CGT"
"36417042","phage_lambda",19380,"-",0,1,"CG","CGG"
"36417043","phage_lambda",19386,"+",0,1,"CG","CGG"
"36417044","phage_lambda",19387,"-",0,1,"CG","CGT"
"36417045","phage_lambda",19399,"+",0,1,"CG","CGG"
"36417046","phage_lambda",19400,"-",0,1,"CG","CGG"
"36417047","phage_lambda",19416,"+",0,1,"CG","CGA"
"36417048","phage_lambda",19417,"-",0,1,"CG","CGT"
"36417049","phage_lambda",19432,"+",0,1,"CG","CGA"
"36417050","phage_lambda",19433,"-",0,1,"CG","CGT"
"36417051","phage_lambda",19445,"+",0,1,"CG","CGG"
"36417052","phage_lambda",19446,"-",0,1,"CG","CGC"
"36417053","phage_lambda",19461,"+",0,1,"CG","CGT"
"36417054","phage_lambda",19462,"-",0,1,"CG","CGC"
"36417055","phage_lambda",19488,"+",0,1,"CG","CGG"
"36417056","phage_lambda",19489,"-",0,1,"CG","CGG"
"36417057","phage_lambda",19494,"+",0,1,"CG","CGT"
"36417058","phage_lambda",19495,"-",0,1,"CG","CGC"
"36417059","phage_lambda",19498,"+",0,1,"CG","CGT"
"36417060","phage_lambda",19499,"-",0,1,"CG","CGG"
"36417061","phage_lambda",19501,"+",0,1,"CG","CGT"
"36417062","phage_lambda",19502,"-",0,1,"CG","CGA"
"36417063","phage_lambda",19528,"+",0,1,"CG","CGG"
"36417064","phage_lambda",19529,"-",0,0,"CG","CGG"
"36417065","phage_lambda",19537,"+",1,0,"CG","CGA"
"36417066","phage_lambda",19538,"-",0,0,"CG","CGC"
"36417067","phage_lambda",19544,"+",0,1,"CG","CGT"
"36417068","phage_lambda",19545,"-",0,0,"CG","CGC"
"36417069","phage_lambda",19552,"+",0,1,"CG","CGG"
"36417070","phage_lambda",19553,"-",0,0,"CG","CGT"
"36417071","phage_lambda",19561,"+",0,1,"CG","CGT"
"36417072","phage_lambda",19562,"-",0,0,"CG","CGA"
"36417073","phage_lambda",19570,"+",0,1,"CG","CGG"
"36417074","phage_lambda",19571,"-",0,0,"CG","CGA"
"36417075","phage_lambda",19616,"+",0,0,"CG","CGC"
"36417076","phage_lambda",19617,"-",0,0,"CG","CGG"
"36417077","phage_lambda",19619,"+",0,0,"CG","CGG"
"36417078","phage_lambda",19620,"-",0,0,"CG","CGG"
"36417079","phage_lambda",19625,"+",0,0,"CG","CGG"
"36417080","phage_lambda",19626,"-",0,0,"CG","CGG"
"36417081","phage_lambda",19682,"+",0,0,"CG","CGG"
"36417082","phage_lambda",19683,"-",0,0,"CG","CGT"
"36417083","phage_lambda",19696,"+",0,0,"CG","CGG"
"36417084","phage_lambda",19697,"-",0,0,"CG","CGG"
"36417085","phage_lambda",19731,"+",0,0,"CG","CGT"
"36417086","phage_lambda",19732,"-",0,0,"CG","CGT"
"36417087","phage_lambda",19744,"+",0,0,"CG","CGG"
"36417088","phage_lambda",19745,"-",0,0,"CG","CGT"
"36417089","phage_lambda",19759,"+",0,0,"CG","CGG"
"36417090","phage_lambda",19760,"-",0,0,"CG","CGT"
"36417091","phage_lambda",19777,"+",0,0,"CG","CGG"
"36417092","phage_lambda",19778,"-",0,0,"CG","CGG"
"36417093","phage_lambda",19787,"+",0,0,"CG","CGG"
"36417094","phage_lambda",19788,"-",0,0,"CG","CGG"
"36417095","phage_lambda",19791,"+",0,0,"CG","CGT"
"36417096","phage_lambda",19792,"-",0,0,"CG","CGC"
"36417097","phage_lambda",19814,"+",0,0,"CG","CGG"
"36417098","phage_lambda",19815,"-",0,0,"CG","CGT"
"36417099","phage_lambda",19844,"+",0,0,"CG","CGG"
"36417100","phage_lambda",19845,"-",0,0,"CG","CGT"
"36417101","phage_lambda",19858,"+",0,0,"CG","CGC"
"36417102","phage_lambda",19859,"-",0,0,"CG","CGA"
"36417103","phage_lambda",19862,"+",0,0,"CG","CGC"
"36417104","phage_lambda",19863,"-",0,0,"CG","CGT"
"36417105","phage_lambda",19865,"+",0,0,"CG","CGG"
"36417106","phage_lambda",19866,"-",0,0,"CG","CGG"
"36417107","phage_lambda",19877,"+",0,0,"CG","CGT"
"36417108","phage_lambda",19878,"-",0,0,"CG","CGG"
"36417109","phage_lambda",19897,"+",0,0,"CG","CGG"
"36417110","phage_lambda",19898,"-",0,0,"CG","CGG"
"36417111","phage_lambda",19903,"+",0,0,"CG","CGC"
"36417112","phage_lambda",19904,"-",0,0,"CG","CGT"
"36417113","phage_lambda",19930,"+",0,0,"CG","CGG"
"36417114","phage_lambda",19931,"-",0,0,"CG","CGT"
"36417115","phage_lambda",19944,"+",0,0,"CG","CGG"
"36417116","phage_lambda",19945,"-",0,0,"CG","CGG"
"36417117","phage_lambda",19948,"+",0,0,"CG","CGG"
"36417118","phage_lambda",19949,"-",0,0,"CG","CGG"
"36417119","phage_lambda",19959,"+",0,0,"CG","CGT"
"36417120","phage_lambda",19960,"-",0,0,"CG","CGC"
"36417121","phage_lambda",19962,"+",0,0,"CG","CGT"
"36417122","phage_lambda",19963,"-",0,0,"CG","CGA"
"36417123","phage_lambda",19990,"+",0,0,"CG","CGC"
"36417124","phage_lambda",19991,"-",0,0,"CG","CGC"
"36417125","phage_lambda",19992,"+",0,0,"CG","CGT"
"36417126","phage_lambda",19993,"-",0,0,"CG","CGC"
"36417127","phage_lambda",19997,"+",0,0,"CG","CGC"
"36417128","phage_lambda",19998,"-",0,0,"CG","CGT"
"36417129","phage_lambda",19999,"+",0,0,"CG","CGT"
"36417130","phage_lambda",20000,"-",0,0,"CG","CGC"
"36417131","phage_lambda",20003,"+",0,0,"CG","CGT"
"36417132","phage_lambda",20004,"-",0,0,"CG","CGG"
"36417133","phage_lambda",20020,"+",0,0,"CG","CGG"
"36417134","phage_lambda",20021,"-",0,0,"CG","CGT"
"36417135","phage_lambda",20027,"+",0,0,"CG","CGC"
"36417136","phage_lambda",20028,"-",0,0,"CG","CGT"
"36417137","phage_lambda",20029,"+",0,0,"CG","CGA"
"36417138","phage_lambda",20030,"-",0,0,"CG","CGC"
"36417139","phage_lambda",20042,"+",0,0,"CG","CGG"
"36417140","phage_lambda",20043,"-",0,0,"CG","CGG"
"36417141","phage_lambda",20045,"+",0,0,"CG","CGA"
"36417142","phage_lambda",20046,"-",0,0,"CG","CGC"
"36417143","phage_lambda",20072,"+",0,0,"CG","CGC"
"36417144","phage_lambda",20073,"-",0,0,"CG","CGA"
"36417145","phage_lambda",20074,"+",0,0,"CG","CGG"
"36417146","phage_lambda",20075,"-",0,0,"CG","CGC"
"36417147","phage_lambda",20106,"+",0,0,"CG","CGC"
"36417148","phage_lambda",20107,"-",0,0,"CG","CGT"
"36417149","phage_lambda",20108,"+",0,0,"CG","CGC"
"36417150","phage_lambda",20109,"-",0,0,"CG","CGC"
"36417151","phage_lambda",20111,"+",0,0,"CG","CGC"
"36417152","phage_lambda",20112,"-",0,0,"CG","CGG"
"36417153","phage_lambda",20119,"+",0,0,"CG","CGT"
"36417154","phage_lambda",20120,"-",0,0,"CG","CGT"
"36417155","phage_lambda",20123,"+",0,0,"CG","CGC"
"36417156","phage_lambda",20124,"-",0,0,"CG","CGG"
"36417157","phage_lambda",20126,"+",0,0,"CG","CGG"
"36417158","phage_lambda",20127,"-",0,0,"CG","CGG"
"36417159","phage_lambda",20140,"+",0,0,"CG","CGT"
"36417160","phage_lambda",20141,"-",0,0,"CG","CGA"
"36417161","phage_lambda",20155,"+",0,0,"CG","CGT"
"36417162","phage_lambda",20156,"-",0,0,"CG","CGC"
"36417163","phage_lambda",20162,"+",0,0,"CG","CGG"
"36417164","phage_lambda",20163,"-",0,0,"CG","CGG"
"36417165","phage_lambda",20165,"+",0,0,"CG","CGC"
"36417166","phage_lambda",20166,"-",0,0,"CG","CGC"
"36417167","phage_lambda",20173,"+",0,0,"CG","CGG"
"36417168","phage_lambda",20174,"-",0,0,"CG","CGC"
"36417169","phage_lambda",20197,"+",0,0,"CG","CGG"
"36417170","phage_lambda",20198,"-",0,0,"CG","CGC"
"36417171","phage_lambda",20210,"+",0,0,"CG","CGC"
"36417172","phage_lambda",20211,"-",0,0,"CG","CGG"
"36417173","phage_lambda",20216,"+",0,0,"CG","CGC"
"36417174","phage_lambda",20217,"-",0,0,"CG","CGG"
"36417175","phage_lambda",20234,"+",0,0,"CG","CGC"
"36417176","phage_lambda",20235,"-",0,0,"CG","CGT"
"36417177","phage_lambda",20236,"+",0,0,"CG","CGG"
"36417178","phage_lambda",20237,"-",0,0,"CG","CGC"
"36417179","phage_lambda",20239,"+",0,0,"CG","CGG"
"36417180","phage_lambda",20240,"-",0,0,"CG","CGC"
"36417181","phage_lambda",20252,"+",0,0,"CG","CGG"
"36417182","phage_lambda",20253,"-",0,0,"CG","CGG"
"36417183","phage_lambda",20257,"+",0,0,"CG","CGG"
"36417184","phage_lambda",20258,"-",0,0,"CG","CGC"
"36417185","phage_lambda",20260,"+",0,0,"CG","CGA"
"36417186","phage_lambda",20261,"-",0,0,"CG","CGC"
"36417187","phage_lambda",20266,"+",0,0,"CG","CGT"
"36417188","phage_lambda",20267,"-",0,0,"CG","CGT"
"36417189","phage_lambda",20275,"+",0,0,"CG","CGA"
"36417190","phage_lambda",20276,"-",0,0,"CG","CGT"
"36417191","phage_lambda",20287,"+",0,0,"CG","CGT"
"36417192","phage_lambda",20288,"-",0,0,"CG","CGC"
"36417193","phage_lambda",20303,"+",0,0,"CG","CGC"
"36417194","phage_lambda",20304,"-",0,0,"CG","CGG"
"36417195","phage_lambda",20308,"+",0,0,"CG","CGT"
"36417196","phage_lambda",20309,"-",0,0,"CG","CGT"
"36417197","phage_lambda",20321,"+",0,0,"CG","CGC"
"36417198","phage_lambda",20322,"-",0,0,"CG","CGG"
"36417199","phage_lambda",20323,"+",0,0,"CG","CGG"
"36417200","phage_lambda",20324,"-",0,0,"CG","CGC"
"36417201","phage_lambda",20329,"+",0,0,"CG","CGA"
"36417202","phage_lambda",20330,"-",0,0,"CG","CGT"
"36417203","phage_lambda",20335,"+",0,0,"CG","CGT"
"36417204","phage_lambda",20336,"-",0,0,"CG","CGC"
"36417205","phage_lambda",20345,"+",0,0,"CG","CGC"
"36417206","phage_lambda",20346,"-",0,0,"CG","CGG"
"36417207","phage_lambda",20358,"+",0,0,"CG","CGA"
"36417208","phage_lambda",20359,"-",0,0,"CG","CGT"
"36417209","phage_lambda",20365,"+",0,0,"CG","CGG"
"36417210","phage_lambda",20366,"-",0,0,"CG","CGC"
"36417211","phage_lambda",20401,"+",0,0,"CG","CGA"
"36417212","phage_lambda",20402,"-",0,1,"CG","CGT"
"36417213","phage_lambda",20405,"+",0,0,"CG","CGC"
"36417214","phage_lambda",20406,"-",0,1,"CG","CGT"
"36417215","phage_lambda",20420,"+",0,0,"CG","CGG"
"36417216","phage_lambda",20421,"-",0,1,"CG","CGG"
"36417217","phage_lambda",20424,"+",0,0,"CG","CGT"
"36417218","phage_lambda",20425,"-",0,1,"CG","CGA"
"36417219","phage_lambda",20437,"+",0,0,"CG","CGG"
"36417220","phage_lambda",20438,"-",0,1,"CG","CGA"
"36417221","phage_lambda",20443,"+",0,0,"CG","CGG"
"36417222","phage_lambda",20444,"-",0,1,"CG","CGT"
"36417223","phage_lambda",20446,"+",0,0,"CG","CGG"
"36417224","phage_lambda",20447,"-",0,1,"CG","CGC"
"36417225","phage_lambda",20467,"+",0,0,"CG","CGG"
"36417226","phage_lambda",20468,"-",0,1,"CG","CGC"
"36417227","phage_lambda",20476,"+",0,0,"CG","CGT"
"36417228","phage_lambda",20477,"-",0,1,"CG","CGT"
"36417229","phage_lambda",20480,"+",0,0,"CG","CGA"
"36417230","phage_lambda",20481,"-",0,1,"CG","CGG"
"36417231","phage_lambda",20485,"+",0,0,"CG","CGA"
"36417232","phage_lambda",20486,"-",0,1,"CG","CGT"
"36417233","phage_lambda",20512,"+",0,0,"CG","CGG"
"36417234","phage_lambda",20513,"-",0,1,"CG","CGC"
"36417235","phage_lambda",20517,"+",0,0,"CG","CGG"
"36417236","phage_lambda",20518,"-",0,1,"CG","CGT"
"36417237","phage_lambda",20522,"+",0,0,"CG","CGC"
"36417238","phage_lambda",20523,"-",0,1,"CG","CGC"
"36417239","phage_lambda",20531,"+",0,0,"CG","CGC"
"36417240","phage_lambda",20532,"-",0,0,"CG","CGG"
"36417241","phage_lambda",20533,"+",0,0,"CG","CGG"
"36417242","phage_lambda",20534,"-",0,0,"CG","CGC"
"36417243","phage_lambda",20540,"+",0,0,"CG","CGC"
"36417244","phage_lambda",20541,"-",0,0,"CG","CGT"
"36417245","phage_lambda",20551,"+",0,0,"CG","CGG"
"36417246","phage_lambda",20552,"-",0,0,"CG","CGC"
"36417247","phage_lambda",20554,"+",0,0,"CG","CGG"
"36417248","phage_lambda",20555,"-",0,0,"CG","CGC"
"36417249","phage_lambda",20557,"+",0,0,"CG","CGG"
"36417250","phage_lambda",20558,"-",0,0,"CG","CGC"
"36417251","phage_lambda",20566,"+",0,0,"CG","CGT"
"36417252","phage_lambda",20567,"-",0,0,"CG","CGC"
"36417253","phage_lambda",20572,"+",0,0,"CG","CGG"
"36417254","phage_lambda",20573,"-",0,0,"CG","CGT"
"36417255","phage_lambda",20581,"+",0,0,"CG","CGA"
"36417256","phage_lambda",20582,"-",0,0,"CG","CGT"
"36417257","phage_lambda",20587,"+",0,0,"CG","CGA"
"36417258","phage_lambda",20588,"-",0,0,"CG","CGC"
"36417259","phage_lambda",20599,"+",0,0,"CG","CGG"
"36417260","phage_lambda",20600,"-",0,0,"CG","CGC"
"36417261","phage_lambda",20608,"+",0,0,"CG","CGG"
"36417262","phage_lambda",20609,"-",0,0,"CG","CGC"
"36417263","phage_lambda",20620,"+",0,0,"CG","CGC"
"36417264","phage_lambda",20621,"-",0,0,"CG","CGA"
"36417265","phage_lambda",20635,"+",0,0,"CG","CGG"
"36417266","phage_lambda",20636,"-",0,0,"CG","CGC"
"36417267","phage_lambda",20644,"+",0,0,"CG","CGG"
"36417268","phage_lambda",20645,"-",0,0,"CG","CGC"
"36417269","phage_lambda",20647,"+",0,0,"CG","CGG"
"36417270","phage_lambda",20648,"-",0,0,"CG","CGC"
"36417271","phage_lambda",20655,"+",0,0,"CG","CGT"
"36417272","phage_lambda",20656,"-",0,0,"CG","CGT"
"36417273","phage_lambda",20668,"+",0,0,"CG","CGG"
"36417274","phage_lambda",20669,"-",0,0,"CG","CGA"
"36417275","phage_lambda",20676,"+",0,0,"CG","CGT"
"36417276","phage_lambda",20677,"-",0,0,"CG","CGT"
"36417277","phage_lambda",20702,"+",0,0,"CG","CGC"
"36417278","phage_lambda",20703,"-",0,0,"CG","CGA"
"36417279","phage_lambda",20704,"+",0,0,"CG","CGC"
"36417280","phage_lambda",20705,"-",0,0,"CG","CGC"
"36417281","phage_lambda",20716,"+",0,0,"CG","CGG"
"36417282","phage_lambda",20717,"-",0,0,"CG","CGC"
"36417283","phage_lambda",20725,"+",0,0,"CG","CGA"
"36417284","phage_lambda",20726,"-",0,0,"CG","CGT"
"36417285","phage_lambda",20767,"+",0,0,"CG","CGT"
"36417286","phage_lambda",20768,"-",0,0,"CG","CGT"
"36417287","phage_lambda",20776,"+",0,0,"CG","CGC"
"36417288","phage_lambda",20777,"-",0,0,"CG","CGT"
"36417289","phage_lambda",20788,"+",0,0,"CG","CGC"
"36417290","phage_lambda",20789,"-",0,0,"CG","CGT"
"36417291","phage_lambda",20797,"+",0,0,"CG","CGG"
"36417292","phage_lambda",20798,"-",0,0,"CG","CGC"
"36417293","phage_lambda",20821,"+",0,0,"CG","CGA"
"36417294","phage_lambda",20822,"-",0,0,"CG","CGT"
"36417295","phage_lambda",20847,"+",0,0,"CG","CGG"
"36417296","phage_lambda",20848,"-",0,0,"CG","CGG"
"36417297","phage_lambda",20857,"+",0,0,"CG","CGG"
"36417298","phage_lambda",20858,"-",0,0,"CG","CGG"
"36417299","phage_lambda",20862,"+",0,0,"CG","CGC"
"36417300","phage_lambda",20863,"-",0,0,"CG","CGT"
"36417301","phage_lambda",20878,"+",0,0,"CG","CGC"
"36417302","phage_lambda",20879,"-",0,0,"CG","CGG"
"36417303","phage_lambda",20880,"+",0,0,"CG","CGC"
"36417304","phage_lambda",20881,"-",0,0,"CG","CGC"
"36417305","phage_lambda",20910,"+",0,0,"CG","CGA"
"36417306","phage_lambda",20911,"-",0,0,"CG","CGC"
"36417307","phage_lambda",20917,"+",0,0,"CG","CGC"
"36417308","phage_lambda",20918,"-",0,0,"CG","CGG"
"36417309","phage_lambda",20932,"+",0,0,"CG","CGC"
"36417310","phage_lambda",20933,"-",0,0,"CG","CGG"
"36417311","phage_lambda",20934,"+",0,0,"CG","CGA"
"36417312","phage_lambda",20935,"-",0,0,"CG","CGC"
"36417313","phage_lambda",20950,"+",0,0,"CG","CGA"
"36417314","phage_lambda",20951,"-",0,0,"CG","CGA"
"36417315","phage_lambda",20953,"+",0,0,"CG","CGC"
"36417316","phage_lambda",20954,"-",0,0,"CG","CGT"
"36417317","phage_lambda",20955,"+",0,0,"CG","CGT"
"36417318","phage_lambda",20956,"-",0,0,"CG","CGC"
"36417319","phage_lambda",20965,"+",0,0,"CG","CGC"
"36417320","phage_lambda",20966,"-",0,0,"CG","CGT"
"36417321","phage_lambda",20976,"+",0,0,"CG","CGC"
"36417322","phage_lambda",20977,"-",0,0,"CG","CGT"
"36417323","phage_lambda",20992,"+",0,0,"CG","CGC"
"36417324","phage_lambda",20993,"-",0,0,"CG","CGG"
"36417325","phage_lambda",20997,"+",0,0,"CG","CGC"
"36417326","phage_lambda",20998,"-",0,0,"CG","CGC"
"36417327","phage_lambda",21001,"+",0,0,"CG","CGG"
"36417328","phage_lambda",21002,"-",0,0,"CG","CGA"
"36417329","phage_lambda",21037,"+",0,0,"CG","CGC"
"36417330","phage_lambda",21038,"-",0,0,"CG","CGT"
"36417331","phage_lambda",21039,"+",0,0,"CG","CGC"
"36417332","phage_lambda",21040,"-",0,0,"CG","CGC"
"36417333","phage_lambda",21045,"+",0,0,"CG","CGG"
"36417334","phage_lambda",21046,"-",0,0,"CG","CGC"
"36417335","phage_lambda",21057,"+",0,0,"CG","CGA"
"36417336","phage_lambda",21058,"-",0,0,"CG","CGG"
"36417337","phage_lambda",21066,"+",0,0,"CG","CGA"
"36417338","phage_lambda",21067,"-",0,0,"CG","CGC"
"36417339","phage_lambda",21075,"+",0,0,"CG","CGG"
"36417340","phage_lambda",21076,"-",0,0,"CG","CGT"
"36417341","phage_lambda",21078,"+",0,0,"CG","CGC"
"36417342","phage_lambda",21079,"-",0,0,"CG","CGC"
"36417343","phage_lambda",21096,"+",0,0,"CG","CGG"
"36417344","phage_lambda",21097,"-",0,0,"CG","CGT"
"36417345","phage_lambda",21099,"+",0,0,"CG","CGA"
"36417346","phage_lambda",21100,"-",0,0,"CG","CGC"
"36417347","phage_lambda",21114,"+",0,0,"CG","CGT"
"36417348","phage_lambda",21115,"-",0,0,"CG","CGG"
"36417349","phage_lambda",21123,"+",0,0,"CG","CGG"
"36417350","phage_lambda",21124,"-",0,0,"CG","CGC"
"36417351","phage_lambda",21136,"+",0,0,"CG","CGC"
"36417352","phage_lambda",21137,"-",0,0,"CG","CGG"
"36417353","phage_lambda",21190,"+",0,0,"CG","CGT"
"36417354","phage_lambda",21191,"-",0,0,"CG","CGG"
"36417355","phage_lambda",21220,"+",0,0,"CG","CGG"
"36417356","phage_lambda",21221,"-",0,0,"CG","CGG"
"36417357","phage_lambda",21231,"+",0,0,"CG","CGG"
"36417358","phage_lambda",21232,"-",0,0,"CG","CGA"
"36417359","phage_lambda",21240,"+",0,0,"CG","CGG"
"36417360","phage_lambda",21241,"-",0,0,"CG","CGG"
"36417361","phage_lambda",21249,"+",0,0,"CG","CGC"
"36417362","phage_lambda",21250,"-",0,0,"CG","CGC"
"36417363","phage_lambda",21252,"+",0,0,"CG","CGA"
"36417364","phage_lambda",21253,"-",0,0,"CG","CGG"
"36417365","phage_lambda",21258,"+",0,0,"CG","CGT"
"36417366","phage_lambda",21259,"-",0,0,"CG","CGG"
"36417367","phage_lambda",21274,"+",0,0,"CG","CGT"
"36417368","phage_lambda",21275,"-",0,0,"CG","CGA"
"36417369","phage_lambda",21279,"+",0,0,"CG","CGT"
"36417370","phage_lambda",21280,"-",0,0,"CG","CGG"
"36417371","phage_lambda",21289,"+",0,0,"CG","CGT"
"36417372","phage_lambda",21290,"-",0,0,"CG","CGT"
"36417373","phage_lambda",21309,"+",0,0,"CG","CGT"
"36417374","phage_lambda",21310,"-",0,0,"CG","CGC"
"36417375","phage_lambda",21343,"+",0,0,"CG","CGC"
"36417376","phage_lambda",21344,"-",0,0,"CG","CGA"
"36417377","phage_lambda",21345,"+",0,0,"CG","CGT"
"36417378","phage_lambda",21346,"-",0,0,"CG","CGC"
"36417379","phage_lambda",21354,"+",0,0,"CG","CGG"
"36417380","phage_lambda",21355,"-",0,0,"CG","CGA"
"36417381","phage_lambda",21374,"+",0,1,"CG","CGA"
"36417382","phage_lambda",21375,"-",0,0,"CG","CGC"
"36417383","phage_lambda",21400,"+",0,1,"CG","CGC"
"36417384","phage_lambda",21401,"-",0,0,"CG","CGG"
"36417385","phage_lambda",21406,"+",0,2,"CG","CGG"
"36417386","phage_lambda",21407,"-",0,0,"CG","CGC"
"36417387","phage_lambda",21410,"+",0,2,"CG","CGT"
"36417388","phage_lambda",21411,"-",0,0,"CG","CGA"
"36417389","phage_lambda",21447,"+",0,2,"CG","CGC"
"36417390","phage_lambda",21448,"-",0,0,"CG","CGA"
"36417391","phage_lambda",21472,"+",0,3,"CG","CGG"
"36417392","phage_lambda",21473,"-",0,0,"CG","CGG"
"36417393","phage_lambda",21477,"+",0,3,"CG","CGG"
"36417394","phage_lambda",21478,"-",0,0,"CG","CGT"
"36417395","phage_lambda",21489,"+",0,4,"CG","CGA"
"36417396","phage_lambda",21490,"-",0,0,"CG","CGT"
"36417397","phage_lambda",21501,"+",0,6,"CG","CGT"
"36417398","phage_lambda",21502,"-",0,0,"CG","CGA"
"36417399","phage_lambda",21504,"+",0,6,"CG","CGT"
"36417400","phage_lambda",21505,"-",0,0,"CG","CGA"
"36417401","phage_lambda",21514,"+",1,4,"CG","CGG"
"36417402","phage_lambda",21515,"-",0,0,"CG","CGT"
"36417403","phage_lambda",21519,"+",0,5,"CG","CGA"
"36417404","phage_lambda",21520,"-",0,0,"CG","CGT"
"36417405","phage_lambda",21538,"+",0,5,"CG","CGA"
"36417406","phage_lambda",21539,"-",0,0,"CG","CGA"
"36417407","phage_lambda",21544,"+",0,5,"CG","CGG"
"36417408","phage_lambda",21545,"-",0,0,"CG","CGT"
"36417409","phage_lambda",21555,"+",0,5,"CG","CGA"
"36417410","phage_lambda",21556,"-",0,0,"CG","CGA"
"36417411","phage_lambda",21558,"+",0,6,"CG","CGA"
"36417412","phage_lambda",21559,"-",0,0,"CG","CGT"
"36417413","phage_lambda",21567,"+",0,6,"CG","CGG"
"36417414","phage_lambda",21568,"-",0,0,"CG","CGT"
"36417415","phage_lambda",21592,"+",0,5,"CG","CGG"
"36417416","phage_lambda",21593,"-",0,0,"CG","CGC"
"36417417","phage_lambda",21607,"+",0,6,"CG","CGC"
"36417418","phage_lambda",21608,"-",0,0,"CG","CGG"
"36417419","phage_lambda",21609,"+",0,5,"CG","CGG"
"36417420","phage_lambda",21610,"-",0,0,"CG","CGC"
"36417421","phage_lambda",21738,"+",0,2,"CG","CGA"
"36417422","phage_lambda",21739,"-",0,0,"CG","CGA"
"36417423","phage_lambda",21744,"+",0,2,"CG","CGG"
"36417424","phage_lambda",21745,"-",0,0,"CG","CGT"
"36417425","phage_lambda",21778,"+",0,1,"CG","CGG"
"36417426","phage_lambda",21779,"-",0,0,"CG","CGG"
"36417427","phage_lambda",21787,"+",0,2,"CG","CGT"
"36417428","phage_lambda",21788,"-",0,0,"CG","CGG"
"36417429","phage_lambda",21796,"+",0,2,"CG","CGG"
"36417430","phage_lambda",21797,"-",0,0,"CG","CGG"
"36417431","phage_lambda",21807,"+",0,2,"CG","CGC"
"36417432","phage_lambda",21808,"-",0,0,"CG","CGC"
"36417433","phage_lambda",21828,"+",0,2,"CG","CGC"
"36417434","phage_lambda",21829,"-",0,0,"CG","CGC"
"36417435","phage_lambda",21840,"+",0,2,"CG","CGG"
"36417436","phage_lambda",21841,"-",0,0,"CG","CGG"
"36417437","phage_lambda",21850,"+",0,2,"CG","CGG"
"36417438","phage_lambda",21851,"-",0,0,"CG","CGA"
"36417439","phage_lambda",21886,"+",0,2,"CG","CGG"
"36417440","phage_lambda",21887,"-",0,0,"CG","CGT"
"36417441","phage_lambda",21901,"+",0,1,"CG","CGT"
"36417442","phage_lambda",21902,"-",0,0,"CG","CGG"
"36417443","phage_lambda",21907,"+",0,1,"CG","CGC"
"36417444","phage_lambda",21908,"-",0,0,"CG","CGT"
"36417445","phage_lambda",21912,"+",0,1,"CG","CGG"
"36417446","phage_lambda",21913,"-",0,0,"CG","CGC"
"36417447","phage_lambda",21919,"+",0,1,"CG","CGC"
"36417448","phage_lambda",21920,"-",0,0,"CG","CGT"
"36417449","phage_lambda",21921,"+",0,1,"CG","CGG"
"36417450","phage_lambda",21922,"-",0,0,"CG","CGC"
"36417451","phage_lambda",21931,"+",0,1,"CG","CGT"
"36417452","phage_lambda",21932,"-",0,0,"CG","CGG"
"36417453","phage_lambda",22000,"+",0,0,"CG","CGG"
"36417454","phage_lambda",22001,"-",0,0,"CG","CGT"
"36417455","phage_lambda",22029,"+",0,0,"CG","CGG"
"36417456","phage_lambda",22030,"-",0,0,"CG","CGG"
"36417457","phage_lambda",22059,"+",0,0,"CG","CGC"
"36417458","phage_lambda",22060,"-",0,0,"CG","CGT"
"36417459","phage_lambda",22070,"+",0,0,"CG","CGC"
"36417460","phage_lambda",22071,"-",0,1,"CG","CGG"
"36417461","phage_lambda",22080,"+",0,0,"CG","CGG"
"36417462","phage_lambda",22081,"-",0,1,"CG","CGG"
"36417463","phage_lambda",22101,"+",0,0,"CG","CGA"
"36417464","phage_lambda",22102,"-",0,1,"CG","CGG"
"36417465","phage_lambda",22112,"+",0,0,"CG","CGC"
"36417466","phage_lambda",22113,"-",0,1,"CG","CGG"
"36417467","phage_lambda",22124,"+",0,0,"CG","CGG"
"36417468","phage_lambda",22125,"-",0,1,"CG","CGG"
"36417469","phage_lambda",22163,"+",0,0,"CG","CGT"
"36417470","phage_lambda",22164,"-",0,2,"CG","CGA"
"36417471","phage_lambda",22173,"+",0,0,"CG","CGT"
"36417472","phage_lambda",22174,"-",0,2,"CG","CGA"
"36417473","phage_lambda",22186,"+",0,0,"CG","CGG"
"36417474","phage_lambda",22187,"-",0,2,"CG","CGA"
"36417475","phage_lambda",22197,"+",0,0,"CG","CGT"
"36417476","phage_lambda",22198,"-",0,2,"CG","CGG"
"36417477","phage_lambda",22206,"+",0,0,"CG","CGT"
"36417478","phage_lambda",22207,"-",0,2,"CG","CGT"
"36417479","phage_lambda",22215,"+",0,0,"CG","CGG"
"36417480","phage_lambda",22216,"-",0,2,"CG","CGG"
"36417481","phage_lambda",22218,"+",0,0,"CG","CGA"
"36417482","phage_lambda",22219,"-",0,2,"CG","CGC"
"36417483","phage_lambda",22221,"+",0,0,"CG","CGC"
"36417484","phage_lambda",22222,"-",0,2,"CG","CGT"
"36417485","phage_lambda",22223,"+",0,0,"CG","CGT"
"36417486","phage_lambda",22224,"-",0,2,"CG","CGC"
"36417487","phage_lambda",22242,"+",0,0,"CG","CGG"
"36417488","phage_lambda",22243,"-",0,2,"CG","CGA"
"36417489","phage_lambda",22247,"+",0,0,"CG","CGT"
"36417490","phage_lambda",22248,"-",0,2,"CG","CGG"
"36417491","phage_lambda",22253,"+",0,0,"CG","CGG"
"36417492","phage_lambda",22254,"-",0,0,"CG","CGG"
"36417493","phage_lambda",22274,"+",0,0,"CG","CGC"
"36417494","phage_lambda",22275,"-",0,1,"CG","CGA"
"36417495","phage_lambda",22277,"+",0,0,"CG","CGG"
"36417496","phage_lambda",22278,"-",0,1,"CG","CGG"
"36417497","phage_lambda",22302,"+",0,0,"CG","CGG"
"36417498","phage_lambda",22303,"-",0,1,"CG","CGT"
"36417499","phage_lambda",22325,"+",0,0,"CG","CGG"
"36417500","phage_lambda",22326,"-",0,1,"CG","CGT"
"36417501","phage_lambda",22345,"+",0,0,"CG","CGG"
"36417502","phage_lambda",22346,"-",0,1,"CG","CGG"
"36417503","phage_lambda",22351,"+",0,0,"CG","CGG"
"36417504","phage_lambda",22352,"-",0,1,"CG","CGG"
"36417505","phage_lambda",22358,"+",0,0,"CG","CGG"
"36417506","phage_lambda",22359,"-",0,1,"CG","CGC"
"36417507","phage_lambda",22406,"+",0,1,"CG","CGC"
"36417508","phage_lambda",22407,"-",0,2,"CG","CGC"
"36417509","phage_lambda",22409,"+",0,1,"CG","CGC"
"36417510","phage_lambda",22410,"-",0,2,"CG","CGG"
"36417511","phage_lambda",22442,"+",0,1,"CG","CGA"
"36417512","phage_lambda",22443,"-",0,2,"CG","CGT"
"36417513","phage_lambda",22457,"+",0,1,"CG","CGT"
"36417514","phage_lambda",22458,"-",0,2,"CG","CGA"
"36417515","phage_lambda",22483,"+",0,1,"CG","CGG"
"36417516","phage_lambda",22484,"-",0,1,"CG","CGA"
"36417517","phage_lambda",22498,"+",0,1,"CG","CGT"
"36417518","phage_lambda",22499,"-",0,0,"CG","CGG"
"36417519","phage_lambda",22559,"+",0,1,"CG","CGT"
"36417520","phage_lambda",22560,"-",0,0,"CG","CGA"
"36417521","phage_lambda",22574,"+",0,1,"CG","CGC"
"36417522","phage_lambda",22575,"-",0,0,"CG","CGG"
"36417523","phage_lambda",22582,"+",0,1,"CG","CGT"
"36417524","phage_lambda",22583,"-",0,0,"CG","CGT"
"36417525","phage_lambda",22597,"+",1,0,"CG","CGT"
"36417526","phage_lambda",22598,"-",0,0,"CG","CGT"
"36417527","phage_lambda",22604,"+",0,1,"CG","CGG"
"36417528","phage_lambda",22605,"-",0,1,"CG","CGC"
"36417529","phage_lambda",22647,"+",0,1,"CG","CGA"
"36417530","phage_lambda",22648,"-",0,1,"CG","CGC"
"36417531","phage_lambda",22712,"+",0,1,"CG","CGC"
"36417532","phage_lambda",22713,"-",0,1,"CG","CGG"
"36417533","phage_lambda",22735,"+",0,1,"CG","CGC"
"36417534","phage_lambda",22736,"-",0,1,"CG","CGT"
"36417535","phage_lambda",22754,"+",0,1,"CG","CGT"
"36417536","phage_lambda",22755,"-",0,1,"CG","CGA"
"36417537","phage_lambda",22791,"+",0,1,"CG","CGG"
"36417538","phage_lambda",22792,"-",0,2,"CG","CGA"
"36417539","phage_lambda",22805,"+",0,1,"CG","CGT"
"36417540","phage_lambda",22806,"-",0,2,"CG","CGA"
"36417541","phage_lambda",23002,"+",0,1,"CG","CGC"
"36417542","phage_lambda",23003,"-",0,0,"CG","CGT"
"36417543","phage_lambda",23105,"+",0,1,"CG","CGT"
"36417544","phage_lambda",23106,"-",0,0,"CG","CGG"
"36417545","phage_lambda",23121,"+",0,1,"CG","CGT"
"36417546","phage_lambda",23122,"-",0,0,"CG","CGA"
"36417547","phage_lambda",23163,"+",0,1,"CG","CGA"
"36417548","phage_lambda",23164,"-",0,0,"CG","CGA"
"36417549","phage_lambda",23200,"+",0,2,"CG","CGC"
"36417550","phage_lambda",23201,"-",0,0,"CG","CGT"
"36417551","phage_lambda",23324,"+",0,0,"CG","CGA"
"36417552","phage_lambda",23325,"-",0,1,"CG","CGA"
"36417553","phage_lambda",23337,"+",0,0,"CG","CGA"
"36417554","phage_lambda",23338,"-",0,1,"CG","CGC"
"36417555","phage_lambda",23348,"+",0,0,"CG","CGT"
"36417556","phage_lambda",23349,"-",0,1,"CG","CGA"
"36417557","phage_lambda",23438,"+",0,0,"CG","CGT"
"36417558","phage_lambda",23439,"-",0,1,"CG","CGA"
"36417559","phage_lambda",23451,"+",0,0,"CG","CGT"
"36417560","phage_lambda",23452,"-",0,1,"CG","CGC"
"36417561","phage_lambda",23459,"+",0,0,"CG","CGA"
"36417562","phage_lambda",23460,"-",0,1,"CG","CGC"
"36417563","phage_lambda",23467,"+",0,0,"CG","CGT"
"36417564","phage_lambda",23468,"-",0,1,"CG","CGA"
"36417565","phage_lambda",23630,"+",0,1,"CG","CGC"
"36417566","phage_lambda",23631,"-",0,0,"CG","CGA"
"36417567","phage_lambda",23648,"+",0,1,"CG","CGC"
"36417568","phage_lambda",23649,"-",0,0,"CG","CGA"
"36417569","phage_lambda",23664,"+",0,1,"CG","CGT"
"36417570","phage_lambda",23665,"-",0,0,"CG","CGA"
"36417571","phage_lambda",23671,"+",0,0,"CG","CGA"
"36417572","phage_lambda",23672,"-",0,0,"CG","CGC"
"36417573","phage_lambda",23798,"+",0,0,"CG","CGG"
"36417574","phage_lambda",23799,"-",0,1,"CG","CGC"
"36417575","phage_lambda",23827,"+",0,0,"CG","CGA"
"36417576","phage_lambda",23828,"-",0,1,"CG","CGC"
"36417577","phage_lambda",23877,"+",0,0,"CG","CGA"
"36417578","phage_lambda",23878,"-",0,0,"CG","CGC"
"36417579","phage_lambda",24136,"+",0,0,"CG","CGT"
"36417580","phage_lambda",24137,"-",0,0,"CG","CGT"
"36417581","phage_lambda",24163,"+",0,0,"CG","CGC"
"36417582","phage_lambda",24164,"-",0,0,"CG","CGG"
"36417583","phage_lambda",24171,"+",0,0,"CG","CGT"
"36417584","phage_lambda",24172,"-",0,0,"CG","CGT"
"36417585","phage_lambda",24174,"+",0,0,"CG","CGT"
"36417586","phage_lambda",24175,"-",0,0,"CG","CGA"
"36417587","phage_lambda",24186,"+",0,0,"CG","CGT"
"36417588","phage_lambda",24187,"-",0,0,"CG","CGT"
"36417589","phage_lambda",24193,"+",0,0,"CG","CGG"
"36417590","phage_lambda",24194,"-",0,0,"CG","CGC"
"36417591","phage_lambda",24212,"+",0,0,"CG","CGA"
"36417592","phage_lambda",24213,"-",0,0,"CG","CGG"
"36417593","phage_lambda",24220,"+",0,0,"CG","CGG"
"36417594","phage_lambda",24221,"-",0,0,"CG","CGC"
"36417595","phage_lambda",24248,"+",0,0,"CG","CGA"
"36417596","phage_lambda",24249,"-",0,0,"CG","CGG"
"36417597","phage_lambda",24294,"+",0,0,"CG","CGA"
"36417598","phage_lambda",24295,"-",0,0,"CG","CGG"
"36417599","phage_lambda",24312,"+",0,0,"CG","CGC"
"36417600","phage_lambda",24313,"-",0,0,"CG","CGT"
"36417601","phage_lambda",24340,"+",0,0,"CG","CGG"
"36417602","phage_lambda",24341,"-",0,0,"CG","CGG"
"36417603","phage_lambda",24345,"+",0,0,"CG","CGG"
"36417604","phage_lambda",24346,"-",0,0,"CG","CGC"
"36417605","phage_lambda",24358,"+",0,0,"CG","CGT"
"36417606","phage_lambda",24359,"-",0,0,"CG","CGT"
"36417607","phage_lambda",24367,"+",0,0,"CG","CGG"
"36417608","phage_lambda",24368,"-",0,0,"CG","CGA"
"36417609","phage_lambda",24423,"+",0,0,"CG","CGG"
"36417610","phage_lambda",24424,"-",0,1,"CG","CGG"
"36417611","phage_lambda",24463,"+",0,0,"CG","CGT"
"36417612","phage_lambda",24464,"-",0,1,"CG","CGA"
"36417613","phage_lambda",24473,"+",0,0,"CG","CGA"
"36417614","phage_lambda",24474,"-",0,1,"CG","CGG"
"36417615","phage_lambda",24480,"+",0,0,"CG","CGT"
"36417616","phage_lambda",24481,"-",0,0,"CG","CGC"
"36417617","phage_lambda",24483,"+",0,0,"CG","CGT"
"36417618","phage_lambda",24484,"-",0,0,"CG","CGA"
"36417619","phage_lambda",24533,"+",0,0,"CG","CGA"
"36417620","phage_lambda",24534,"-",0,0,"CG","CGG"
"36417621","phage_lambda",24644,"+",0,0,"CG","CGT"
"36417622","phage_lambda",24645,"-",0,0,"CG","CGT"
"36417623","phage_lambda",24649,"+",0,0,"CG","CGG"
"36417624","phage_lambda",24650,"-",0,0,"CG","CGC"
"36417625","phage_lambda",24679,"+",0,0,"CG","CGA"
"36417626","phage_lambda",24680,"-",0,0,"CG","CGT"
"36417627","phage_lambda",24732,"+",0,0,"CG","CGA"
"36417628","phage_lambda",24733,"-",0,0,"CG","CGT"
"36417629","phage_lambda",24803,"+",0,1,"CG","CGC"
"36417630","phage_lambda",24804,"-",0,0,"CG","CGA"
"36417631","phage_lambda",24806,"+",0,1,"CG","CGG"
"36417632","phage_lambda",24807,"-",0,0,"CG","CGG"
"36417633","phage_lambda",24836,"+",0,1,"CG","CGG"
"36417634","phage_lambda",24837,"-",0,0,"CG","CGG"
"36417635","phage_lambda",24844,"+",0,1,"CG","CGG"
"36417636","phage_lambda",24845,"-",0,0,"CG","CGG"
"36417637","phage_lambda",24850,"+",0,1,"CG","CGA"
"36417638","phage_lambda",24851,"-",0,0,"CG","CGT"
"36417639","phage_lambda",24876,"+",0,0,"CG","CGA"
"36417640","phage_lambda",24877,"-",0,0,"CG","CGT"
"36417641","phage_lambda",24895,"+",0,0,"CG","CGA"
"36417642","phage_lambda",24896,"-",0,0,"CG","CGA"
"36417643","phage_lambda",24911,"+",0,0,"CG","CGC"
"36417644","phage_lambda",24912,"-",0,0,"CG","CGA"
"36417645","phage_lambda",24934,"+",0,0,"CG","CGA"
"36417646","phage_lambda",24935,"-",0,0,"CG","CGC"
"36417647","phage_lambda",24967,"+",0,0,"CG","CGC"
"36417648","phage_lambda",24968,"-",0,0,"CG","CGA"
"36417649","phage_lambda",24969,"+",0,0,"CG","CGG"
"36417650","phage_lambda",24970,"-",0,0,"CG","CGC"
"36417651","phage_lambda",24974,"+",0,0,"CG","CGA"
"36417652","phage_lambda",24975,"-",0,0,"CG","CGT"
"36417653","phage_lambda",25001,"+",0,0,"CG","CGA"
"36417654","phage_lambda",25002,"-",0,0,"CG","CGG"
"36417655","phage_lambda",25108,"+",0,0,"CG","CGT"
"36417656","phage_lambda",25109,"-",0,0,"CG","CGA"
"36417657","phage_lambda",25123,"+",0,0,"CG","CGG"
"36417658","phage_lambda",25124,"-",0,0,"CG","CGC"
"36417659","phage_lambda",25140,"+",0,0,"CG","CGG"
"36417660","phage_lambda",25141,"-",0,0,"CG","CGA"
"36417661","phage_lambda",25228,"+",0,0,"CG","CGT"
"36417662","phage_lambda",25229,"-",0,0,"CG","CGA"
"36417663","phage_lambda",25250,"+",0,0,"CG","CGA"
"36417664","phage_lambda",25251,"-",0,0,"CG","CGA"
"36417665","phage_lambda",25343,"+",0,0,"CG","CGA"
"36417666","phage_lambda",25344,"-",0,1,"CG","CGG"
"36417667","phage_lambda",25363,"+",0,0,"CG","CGC"
"36417668","phage_lambda",25364,"-",0,1,"CG","CGA"
"36417669","phage_lambda",25376,"+",0,0,"CG","CGC"
"36417670","phage_lambda",25377,"-",0,1,"CG","CGA"
"36417671","phage_lambda",25432,"+",0,0,"CG","CGC"
"36417672","phage_lambda",25433,"-",0,2,"CG","CGA"
"36417673","phage_lambda",25443,"+",0,0,"CG","CGG"
"36417674","phage_lambda",25444,"-",0,2,"CG","CGT"
"36417675","phage_lambda",25448,"+",0,0,"CG","CGA"
"36417676","phage_lambda",25449,"-",0,2,"CG","CGA"
"36417677","phage_lambda",25515,"+",0,0,"CG","CGG"
"36417678","phage_lambda",25516,"-",0,2,"CG","CGT"
"36417679","phage_lambda",25522,"+",0,0,"CG","CGA"
"36417680","phage_lambda",25523,"-",0,2,"CG","CGC"
"36417681","phage_lambda",25574,"+",0,0,"CG","CGA"
"36417682","phage_lambda",25575,"-",0,1,"CG","CGT"
"36417683","phage_lambda",25599,"+",0,0,"CG","CGA"
"36417684","phage_lambda",25600,"-",0,0,"CG","CGG"
"36417685","phage_lambda",25615,"+",0,0,"CG","CGG"
"36417686","phage_lambda",25616,"-",0,0,"CG","CGG"
"36417687","phage_lambda",25619,"+",0,0,"CG","CGG"
"36417688","phage_lambda",25620,"-",0,0,"CG","CGT"
"36417689","phage_lambda",25646,"+",0,0,"CG","CGT"
"36417690","phage_lambda",25647,"-",0,0,"CG","CGG"
"36417691","phage_lambda",25727,"+",0,0,"CG","CGT"
"36417692","phage_lambda",25728,"-",0,0,"CG","CGC"
"36417693","phage_lambda",25734,"+",0,0,"CG","CGA"
"36417694","phage_lambda",25735,"-",0,0,"CG","CGA"
"36417695","phage_lambda",25743,"+",0,0,"CG","CGC"
"36417696","phage_lambda",25744,"-",0,0,"CG","CGA"
"36417697","phage_lambda",25754,"+",0,0,"CG","CGT"
"36417698","phage_lambda",25755,"-",0,0,"CG","CGA"
"36417699","phage_lambda",25803,"+",0,1,"CG","CGA"
"36417700","phage_lambda",25804,"-",0,0,"CG","CGA"
"36417701","phage_lambda",25824,"+",0,1,"CG","CGC"
"36417702","phage_lambda",25825,"-",0,0,"CG","CGA"
"36417703","phage_lambda",25830,"+",0,1,"CG","CGA"
"36417704","phage_lambda",25831,"-",0,0,"CG","CGT"
"36417705","phage_lambda",25886,"+",0,0,"CG","CGA"
"36417706","phage_lambda",25887,"-",0,1,"CG","CGA"
"36417707","phage_lambda",25938,"+",0,0,"CG","CGT"
"36417708","phage_lambda",25939,"-",0,2,"CG","CGA"
"36417709","phage_lambda",25964,"+",0,0,"CG","CGT"
"36417710","phage_lambda",25965,"-",0,2,"CG","CGT"
"36417711","phage_lambda",26114,"+",0,1,"CG","CGG"
"36417712","phage_lambda",26115,"-",0,2,"CG","CGC"
"36417713","phage_lambda",26121,"+",0,1,"CG","CGC"
"36417714","phage_lambda",26122,"-",0,2,"CG","CGA"
"36417715","phage_lambda",26239,"+",0,1,"CG","CGA"
"36417716","phage_lambda",26240,"-",0,1,"CG","CGT"
"36417717","phage_lambda",26254,"+",0,0,"CG","CGA"
"36417718","phage_lambda",26255,"-",0,1,"CG","CGC"
"36417719","phage_lambda",26258,"+",0,0,"CG","CGA"
"36417720","phage_lambda",26259,"-",0,1,"CG","CGA"
"36417721","phage_lambda",26286,"+",0,0,"CG","CGA"
"36417722","phage_lambda",26287,"-",0,1,"CG","CGA"
"36417723","phage_lambda",26387,"+",0,0,"CG","CGC"
"36417724","phage_lambda",26388,"-",0,0,"CG","CGG"
"36417725","phage_lambda",26391,"+",0,0,"CG","CGA"
"36417726","phage_lambda",26392,"-",0,0,"CG","CGG"
"36417727","phage_lambda",26410,"+",0,0,"CG","CGT"
"36417728","phage_lambda",26411,"-",0,0,"CG","CGA"
"36417729","phage_lambda",26431,"+",0,0,"CG","CGT"
"36417730","phage_lambda",26432,"-",0,0,"CG","CGG"
"36417731","phage_lambda",26466,"+",0,0,"CG","CGG"
"36417732","phage_lambda",26467,"-",0,0,"CG","CGG"
"36417733","phage_lambda",26531,"+",0,0,"CG","CGT"
"36417734","phage_lambda",26532,"-",0,0,"CG","CGT"
"36417735","phage_lambda",26535,"+",0,0,"CG","CGA"
"36417736","phage_lambda",26536,"-",0,0,"CG","CGC"
"36417737","phage_lambda",26592,"+",0,1,"CG","CGC"
"36417738","phage_lambda",26593,"-",0,0,"CG","CGT"
"36417739","phage_lambda",26610,"+",0,1,"CG","CGG"
"36417740","phage_lambda",26611,"-",0,0,"CG","CGA"
"36417741","phage_lambda",26618,"+",0,1,"CG","CGA"
"36417742","phage_lambda",26619,"-",0,0,"CG","CGA"
"36417743","phage_lambda",26676,"+",0,1,"CG","CGC"
"36417744","phage_lambda",26677,"-",0,0,"CG","CGA"
"36417745","phage_lambda",26820,"+",0,0,"CG","CGA"
"36417746","phage_lambda",26821,"-",0,1,"CG","CGG"
"36417747","phage_lambda",26826,"+",0,0,"CG","CGC"
"36417748","phage_lambda",26827,"-",0,1,"CG","CGA"
"36417749","phage_lambda",26903,"+",0,0,"CG","CGT"
"36417750","phage_lambda",26904,"-",0,0,"CG","CGA"
"36417751","phage_lambda",26943,"+",0,0,"CG","CGC"
"36417752","phage_lambda",26944,"-",0,0,"CG","CGG"
"36417753","phage_lambda",27003,"+",0,0,"CG","CGC"
"36417754","phage_lambda",27004,"-",0,0,"CG","CGG"
"36417755","phage_lambda",27017,"+",0,0,"CG","CGG"
"36417756","phage_lambda",27018,"-",0,0,"CG","CGC"
"36417757","phage_lambda",27060,"+",0,0,"CG","CGT"
"36417758","phage_lambda",27061,"-",0,1,"CG","CGT"
"36417759","phage_lambda",27096,"+",0,0,"CG","CGG"
"36417760","phage_lambda",27097,"-",0,1,"CG","CGT"
"36417761","phage_lambda",27104,"+",0,0,"CG","CGT"
"36417762","phage_lambda",27105,"-",0,1,"CG","CGA"
"36417763","phage_lambda",27191,"+",0,0,"CG","CGA"
"36417764","phage_lambda",27192,"-",0,0,"CG","CGT"
"36417765","phage_lambda",27221,"+",0,0,"CG","CGC"
"36417766","phage_lambda",27222,"-",0,0,"CG","CGA"
"36417767","phage_lambda",27224,"+",0,0,"CG","CGA"
"36417768","phage_lambda",27225,"-",0,0,"CG","CGG"
"36417769","phage_lambda",27228,"+",0,0,"CG","CGA"
"36417770","phage_lambda",27229,"-",0,0,"CG","CGT"
"36417771","phage_lambda",27256,"+",0,0,"CG","CGT"
"36417772","phage_lambda",27257,"-",0,0,"CG","CGC"
"36417773","phage_lambda",27276,"+",0,0,"CG","CGA"
"36417774","phage_lambda",27277,"-",0,0,"CG","CGG"
"36417775","phage_lambda",27289,"+",0,0,"CG","CGG"
"36417776","phage_lambda",27290,"-",0,0,"CG","CGT"
"36417777","phage_lambda",27296,"+",0,0,"CG","CGT"
"36417778","phage_lambda",27297,"-",0,0,"CG","CGA"
"36417779","phage_lambda",27325,"+",0,0,"CG","CGC"
"36417780","phage_lambda",27326,"-",0,0,"CG","CGG"
"36417781","phage_lambda",27332,"+",0,0,"CG","CGC"
"36417782","phage_lambda",27333,"-",0,0,"CG","CGA"
"36417783","phage_lambda",27363,"+",0,0,"CG","CGG"
"36417784","phage_lambda",27364,"-",0,0,"CG","CGC"
"36417785","phage_lambda",27395,"+",0,0,"CG","CGT"
"36417786","phage_lambda",27396,"-",0,0,"CG","CGA"
"36417787","phage_lambda",27418,"+",0,0,"CG","CGT"
"36417788","phage_lambda",27419,"-",0,0,"CG","CGC"
"36417789","phage_lambda",27421,"+",0,0,"CG","CGT"
"36417790","phage_lambda",27422,"-",0,0,"CG","CGA"
"36417791","phage_lambda",27461,"+",0,0,"CG","CGT"
"36417792","phage_lambda",27462,"-",0,0,"CG","CGA"
"36417793","phage_lambda",27497,"+",0,0,"CG","CGA"
"36417794","phage_lambda",27498,"-",0,0,"CG","CGC"
"36417795","phage_lambda",27522,"+",0,0,"CG","CGA"
"36417796","phage_lambda",27523,"-",0,0,"CG","CGC"
"36417797","phage_lambda",27548,"+",0,0,"CG","CGC"
"36417798","phage_lambda",27549,"-",0,0,"CG","CGC"
"36417799","phage_lambda",27572,"+",0,1,"CG","CGC"
"36417800","phage_lambda",27573,"-",0,1,"CG","CGC"
"36417801","phage_lambda",27711,"+",0,2,"CG","CGT"
"36417802","phage_lambda",27712,"-",0,1,"CG","CGT"
"36417803","phage_lambda",27718,"+",0,2,"CG","CGT"
"36417804","phage_lambda",27719,"-",0,1,"CG","CGA"
"36417805","phage_lambda",27780,"+",0,1,"CG","CGA"
"36417806","phage_lambda",27781,"-",0,0,"CG","CGT"
"36417807","phage_lambda",27855,"+",0,3,"CG","CGA"
"36417808","phage_lambda",27856,"-",0,0,"CG","CGT"
"36417809","phage_lambda",27878,"+",0,3,"CG","CGA"
"36417810","phage_lambda",27879,"-",0,0,"CG","CGG"
"36417811","phage_lambda",27889,"+",0,3,"CG","CGA"
"36417812","phage_lambda",27890,"-",0,0,"CG","CGG"
"36417813","phage_lambda",27913,"+",0,2,"CG","CGC"
"36417814","phage_lambda",27914,"-",0,0,"CG","CGA"
"36417815","phage_lambda",27951,"+",0,2,"CG","CGC"
"36417816","phage_lambda",27952,"-",0,0,"CG","CGC"
"36417817","phage_lambda",27958,"+",0,2,"CG","CGT"
"36417818","phage_lambda",27959,"-",0,0,"CG","CGA"
"36417819","phage_lambda",27971,"+",0,1,"CG","CGG"
"36417820","phage_lambda",27972,"-",0,0,"CG","CGC"
"36417821","phage_lambda",27982,"+",0,1,"CG","CGA"
"36417822","phage_lambda",27983,"-",0,0,"CG","CGA"
"36417823","phage_lambda",28005,"+",0,1,"CG","CGT"
"36417824","phage_lambda",28006,"-",0,1,"CG","CGA"
"36417825","phage_lambda",28009,"+",0,1,"CG","CGC"
"36417826","phage_lambda",28010,"-",0,2,"CG","CGC"
"36417827","phage_lambda",28011,"+",0,1,"CG","CGC"
"36417828","phage_lambda",28012,"-",0,2,"CG","CGC"
"36417829","phage_lambda",28036,"+",0,1,"CG","CGG"
"36417830","phage_lambda",28037,"-",0,2,"CG","CGG"
"36417831","phage_lambda",28046,"+",0,1,"CG","CGG"
"36417832","phage_lambda",28047,"-",0,2,"CG","CGC"
"36417833","phage_lambda",28051,"+",0,1,"CG","CGC"
"36417834","phage_lambda",28052,"-",0,2,"CG","CGA"
"36417835","phage_lambda",28053,"+",0,1,"CG","CGA"
"36417836","phage_lambda",28054,"-",0,2,"CG","CGC"
"36417837","phage_lambda",28056,"+",0,1,"CG","CGA"
"36417838","phage_lambda",28057,"-",0,2,"CG","CGT"
"36417839","phage_lambda",28081,"+",0,0,"CG","CGC"
"36417840","phage_lambda",28082,"-",0,0,"CG","CGG"
"36417841","phage_lambda",28129,"+",0,0,"CG","CGA"
"36417842","phage_lambda",28130,"-",0,0,"CG","CGG"
"36417843","phage_lambda",28171,"+",0,0,"CG","CGC"
"36417844","phage_lambda",28172,"-",0,0,"CG","CGT"
"36417845","phage_lambda",28189,"+",0,1,"CG","CGA"
"36417846","phage_lambda",28190,"-",0,0,"CG","CGA"
"36417847","phage_lambda",28210,"+",0,1,"CG","CGA"
"36417848","phage_lambda",28211,"-",0,0,"CG","CGT"
"36417849","phage_lambda",28231,"+",0,1,"CG","CGC"
"36417850","phage_lambda",28232,"-",0,0,"CG","CGA"
"36417851","phage_lambda",28248,"+",0,2,"CG","CGT"
"36417852","phage_lambda",28249,"-",0,0,"CG","CGA"
"36417853","phage_lambda",28255,"+",0,2,"CG","CGG"
"36417854","phage_lambda",28256,"-",0,0,"CG","CGG"
"36417855","phage_lambda",28333,"+",0,1,"CG","CGT"
"36417856","phage_lambda",28334,"-",0,0,"CG","CGA"
"36417857","phage_lambda",28340,"+",0,1,"CG","CGT"
"36417858","phage_lambda",28341,"-",0,0,"CG","CGG"
"36417859","phage_lambda",28375,"+",0,0,"CG","CGC"
"36417860","phage_lambda",28376,"-",0,0,"CG","CGC"
"36417861","phage_lambda",28377,"+",1,0,"CG","CGA"
"36417862","phage_lambda",28378,"-",0,0,"CG","CGC"
"36417863","phage_lambda",28387,"+",1,0,"CG","CGA"
"36417864","phage_lambda",28388,"-",0,0,"CG","CGC"
"36417865","phage_lambda",28428,"+",1,0,"CG","CGG"
"36417866","phage_lambda",28429,"-",0,0,"CG","CGA"
"36417867","phage_lambda",28438,"+",1,0,"CG","CGC"
"36417868","phage_lambda",28439,"-",0,0,"CG","CGA"
"36417869","phage_lambda",28469,"+",1,0,"CG","CGC"
"36417870","phage_lambda",28470,"-",0,0,"CG","CGT"
"36417871","phage_lambda",28472,"+",1,0,"CG","CGC"
"36417872","phage_lambda",28473,"-",0,0,"CG","CGG"
"36417873","phage_lambda",28483,"+",1,0,"CG","CGT"
"36417874","phage_lambda",28484,"-",0,0,"CG","CGA"
"36417875","phage_lambda",28508,"+",1,0,"CG","CGC"
"36417876","phage_lambda",28509,"-",0,0,"CG","CGG"
"36417877","phage_lambda",28633,"+",0,1,"CG","CGT"
"36417878","phage_lambda",28634,"-",0,1,"CG","CGA"
"36417879","phage_lambda",28638,"+",0,1,"CG","CGA"
"36417880","phage_lambda",28639,"-",0,1,"CG","CGC"
"36417881","phage_lambda",28658,"+",0,1,"CG","CGT"
"36417882","phage_lambda",28659,"-",0,1,"CG","CGT"
"36417883","phage_lambda",28663,"+",0,1,"CG","CGG"
"36417884","phage_lambda",28664,"-",0,1,"CG","CGT"
"36417885","phage_lambda",28685,"+",0,1,"CG","CGC"
"36417886","phage_lambda",28686,"-",0,1,"CG","CGA"
"36417887","phage_lambda",28753,"+",0,1,"CG","CGA"
"36417888","phage_lambda",28754,"-",0,0,"CG","CGC"
"36417889","phage_lambda",28758,"+",0,1,"CG","CGC"
"36417890","phage_lambda",28759,"-",0,0,"CG","CGA"
"36417891","phage_lambda",28790,"+",0,1,"CG","CGT"
"36417892","phage_lambda",28791,"-",0,0,"CG","CGG"
"36417893","phage_lambda",28854,"+",0,0,"CG","CGG"
"36417894","phage_lambda",28855,"-",0,0,"CG","CGG"
"36417895","phage_lambda",28857,"+",0,0,"CG","CGC"
"36417896","phage_lambda",28858,"-",0,0,"CG","CGC"
"36417897","phage_lambda",28869,"+",0,0,"CG","CGC"
"36417898","phage_lambda",28870,"-",0,0,"CG","CGA"
"36417899","phage_lambda",28918,"+",0,0,"CG","CGA"
"36417900","phage_lambda",28919,"-",0,0,"CG","CGA"
"36417901","phage_lambda",28938,"+",0,0,"CG","CGC"
"36417902","phage_lambda",28939,"-",0,0,"CG","CGG"
"36417903","phage_lambda",28946,"+",0,0,"CG","CGT"
"36417904","phage_lambda",28947,"-",0,0,"CG","CGA"
"36417905","phage_lambda",28977,"+",0,0,"CG","CGG"
"36417906","phage_lambda",28978,"-",0,0,"CG","CGG"
"36417907","phage_lambda",29002,"+",0,0,"CG","CGA"
"36417908","phage_lambda",29003,"-",0,0,"CG","CGG"
"36417909","phage_lambda",29011,"+",0,0,"CG","CGA"
"36417910","phage_lambda",29012,"-",0,0,"CG","CGA"
"36417911","phage_lambda",29014,"+",0,0,"CG","CGA"
"36417912","phage_lambda",29015,"-",0,0,"CG","CGT"
"36417913","phage_lambda",29038,"+",0,0,"CG","CGT"
"36417914","phage_lambda",29039,"-",0,1,"CG","CGT"
"36417915","phage_lambda",29041,"+",0,0,"CG","CGC"
"36417916","phage_lambda",29042,"-",0,1,"CG","CGA"
"36417917","phage_lambda",29047,"+",0,0,"CG","CGT"
"36417918","phage_lambda",29048,"-",0,1,"CG","CGC"
"36417919","phage_lambda",29051,"+",0,0,"CG","CGT"
"36417920","phage_lambda",29052,"-",0,1,"CG","CGC"
"36417921","phage_lambda",29079,"+",0,0,"CG","CGC"
"36417922","phage_lambda",29080,"-",0,1,"CG","CGA"
"36417923","phage_lambda",29090,"+",0,0,"CG","CGC"
"36417924","phage_lambda",29091,"-",0,1,"CG","CGG"
"36417925","phage_lambda",29100,"+",0,0,"CG","CGC"
"36417926","phage_lambda",29101,"-",0,1,"CG","CGT"
"36417927","phage_lambda",29113,"+",0,0,"CG","CGC"
"36417928","phage_lambda",29114,"-",1,0,"CG","CGG"
"36417929","phage_lambda",29123,"+",0,0,"CG","CGG"
"36417930","phage_lambda",29124,"-",1,0,"CG","CGC"
"36417931","phage_lambda",29152,"+",0,0,"CG","CGA"
"36417932","phage_lambda",29153,"-",0,1,"CG","CGA"
"36417933","phage_lambda",29165,"+",0,0,"CG","CGT"
"36417934","phage_lambda",29166,"-",0,1,"CG","CGT"
"36417935","phage_lambda",29184,"+",0,0,"CG","CGC"
"36417936","phage_lambda",29185,"-",0,1,"CG","CGC"
"36417937","phage_lambda",29204,"+",0,0,"CG","CGT"
"36417938","phage_lambda",29205,"-",0,2,"CG","CGA"
"36417939","phage_lambda",29213,"+",0,0,"CG","CGT"
"36417940","phage_lambda",29214,"-",0,2,"CG","CGA"
"36417941","phage_lambda",29226,"+",0,0,"CG","CGC"
"36417942","phage_lambda",29227,"-",0,2,"CG","CGG"
"36417943","phage_lambda",29231,"+",0,0,"CG","CGA"
"36417944","phage_lambda",29232,"-",0,2,"CG","CGA"
"36417945","phage_lambda",29275,"+",0,0,"CG","CGG"
"36417946","phage_lambda",29276,"-",0,2,"CG","CGA"
"36417947","phage_lambda",29310,"+",0,0,"CG","CGC"
"36417948","phage_lambda",29311,"-",0,1,"CG","CGG"
"36417949","phage_lambda",29313,"+",0,0,"CG","CGT"
"36417950","phage_lambda",29314,"-",0,1,"CG","CGG"
"36417951","phage_lambda",29318,"+",0,0,"CG","CGA"
"36417952","phage_lambda",29319,"-",0,1,"CG","CGC"
"36417953","phage_lambda",29341,"+",0,0,"CG","CGC"
"36417954","phage_lambda",29342,"-",0,1,"CG","CGG"
"36417955","phage_lambda",29343,"+",0,0,"CG","CGA"
"36417956","phage_lambda",29344,"-",0,1,"CG","CGC"
"36417957","phage_lambda",29349,"+",0,0,"CG","CGA"
"36417958","phage_lambda",29350,"-",0,1,"CG","CGC"
"36417959","phage_lambda",29412,"+",0,0,"CG","CGT"
"36417960","phage_lambda",29413,"-",0,0,"CG","CGA"
"36417961","phage_lambda",29421,"+",0,0,"CG","CGT"
"36417962","phage_lambda",29422,"-",0,1,"CG","CGG"
"36417963","phage_lambda",29427,"+",0,0,"CG","CGT"
"36417964","phage_lambda",29428,"-",0,1,"CG","CGA"
"36417965","phage_lambda",29445,"+",0,0,"CG","CGG"
"36417966","phage_lambda",29446,"-",0,1,"CG","CGT"
"36417967","phage_lambda",29462,"+",0,0,"CG","CGC"
"36417968","phage_lambda",29463,"-",0,1,"CG","CGA"
"36417969","phage_lambda",29527,"+",0,1,"CG","CGA"
"36417970","phage_lambda",29528,"-",0,1,"CG","CGG"
"36417971","phage_lambda",29565,"+",0,1,"CG","CGT"
"36417972","phage_lambda",29566,"-",0,2,"CG","CGA"
"36417973","phage_lambda",29592,"+",0,1,"CG","CGG"
"36417974","phage_lambda",29593,"-",0,2,"CG","CGG"
"36417975","phage_lambda",29614,"+",0,1,"CG","CGC"
"36417976","phage_lambda",29615,"-",0,1,"CG","CGT"
"36417977","phage_lambda",29680,"+",0,1,"CG","CGT"
"36417978","phage_lambda",29681,"-",0,1,"CG","CGA"
"36417979","phage_lambda",29693,"+",0,1,"CG","CGG"
"36417980","phage_lambda",29694,"-",0,1,"CG","CGT"
"36417981","phage_lambda",29741,"+",0,1,"CG","CGA"
"36417982","phage_lambda",29742,"-",0,2,"CG","CGG"
"36417983","phage_lambda",29754,"+",0,1,"CG","CGG"
"36417984","phage_lambda",29755,"-",0,2,"CG","CGT"
"36417985","phage_lambda",29786,"+",0,1,"CG","CGC"
"36417986","phage_lambda",29787,"-",0,2,"CG","CGA"
"36417987","phage_lambda",29797,"+",0,1,"CG","CGA"
"36417988","phage_lambda",29798,"-",0,2,"CG","CGT"
"36417989","phage_lambda",29800,"+",0,1,"CG","CGC"
"36417990","phage_lambda",29801,"-",0,2,"CG","CGT"
"36417991","phage_lambda",29802,"+",0,1,"CG","CGA"
"36417992","phage_lambda",29803,"-",0,2,"CG","CGC"
"36417993","phage_lambda",29824,"+",0,1,"CG","CGT"
"36417994","phage_lambda",29825,"-",0,1,"CG","CGC"
"36417995","phage_lambda",29842,"+",0,1,"CG","CGA"
"36417996","phage_lambda",29843,"-",0,1,"CG","CGG"
"36417997","phage_lambda",29863,"+",0,1,"CG","CGA"
"36417998","phage_lambda",29864,"-",0,1,"CG","CGC"
"36417999","phage_lambda",29873,"+",0,1,"CG","CGT"
"36418000","phage_lambda",29874,"-",0,1,"CG","CGC"
"36418001","phage_lambda",29930,"+",0,1,"CG","CGT"
"36418002","phage_lambda",29931,"-",0,0,"CG","CGG"
"36418003","phage_lambda",29938,"+",0,1,"CG","CGA"
"36418004","phage_lambda",29939,"-",0,0,"CG","CGC"
"36418005","phage_lambda",29943,"+",0,1,"CG","CGT"
"36418006","phage_lambda",29944,"-",0,0,"CG","CGC"
"36418007","phage_lambda",29954,"+",0,2,"CG","CGA"
"36418008","phage_lambda",29955,"-",0,0,"CG","CGA"
"36418009","phage_lambda",29967,"+",0,2,"CG","CGG"
"36418010","phage_lambda",29968,"-",0,0,"CG","CGT"
"36418011","phage_lambda",29978,"+",0,2,"CG","CGA"
"36418012","phage_lambda",29979,"-",0,0,"CG","CGA"
"36418013","phage_lambda",29989,"+",0,2,"CG","CGC"
"36418014","phage_lambda",29990,"-",0,0,"CG","CGG"
"36418015","phage_lambda",30049,"+",0,3,"CG","CGA"
"36418016","phage_lambda",30050,"-",0,0,"CG","CGC"
"36418017","phage_lambda",30071,"+",0,3,"CG","CGT"
"36418018","phage_lambda",30072,"-",0,0,"CG","CGG"
"36418019","phage_lambda",30079,"+",0,3,"CG","CGG"
"36418020","phage_lambda",30080,"-",0,0,"CG","CGT"
"36418021","phage_lambda",30086,"+",0,3,"CG","CGT"
"36418022","phage_lambda",30087,"-",0,0,"CG","CGA"
"36418023","phage_lambda",30109,"+",0,2,"CG","CGC"
"36418024","phage_lambda",30110,"-",0,0,"CG","CGT"
"36418025","phage_lambda",30123,"+",0,1,"CG","CGA"
"36418026","phage_lambda",30124,"-",0,0,"CG","CGG"
"36418027","phage_lambda",30137,"+",0,1,"CG","CGT"
"36418028","phage_lambda",30138,"-",0,0,"CG","CGA"
"36418029","phage_lambda",30148,"+",0,1,"CG","CGC"
"36418030","phage_lambda",30149,"-",0,0,"CG","CGT"
"36418031","phage_lambda",30155,"+",0,1,"CG","CGT"
"36418032","phage_lambda",30156,"-",0,0,"CG","CGA"
"36418033","phage_lambda",30190,"+",0,3,"CG","CGC"
"36418034","phage_lambda",30191,"-",0,1,"CG","CGT"
"36418035","phage_lambda",30210,"+",0,2,"CG","CGC"
"36418036","phage_lambda",30211,"-",0,1,"CG","CGC"
"36418037","phage_lambda",30221,"+",0,2,"CG","CGT"
"36418038","phage_lambda",30222,"-",0,1,"CG","CGA"
"36418039","phage_lambda",30233,"+",0,2,"CG","CGC"
"36418040","phage_lambda",30234,"-",0,1,"CG","CGA"
"36418041","phage_lambda",30235,"+",0,2,"CG","CGG"
"36418042","phage_lambda",30236,"-",0,1,"CG","CGC"
"36418043","phage_lambda",30238,"+",0,2,"CG","CGT"
"36418044","phage_lambda",30239,"-",0,1,"CG","CGC"
"36418045","phage_lambda",30265,"+",0,3,"CG","CGT"
"36418046","phage_lambda",30266,"-",0,1,"CG","CGG"
"36418047","phage_lambda",30291,"+",0,3,"CG","CGA"
"36418048","phage_lambda",30292,"-",0,1,"CG","CGA"
"36418049","phage_lambda",30323,"+",0,2,"CG","CGT"
"36418050","phage_lambda",30324,"-",0,0,"CG","CGC"
"36418051","phage_lambda",30338,"+",0,1,"CG","CGT"
"36418052","phage_lambda",30339,"-",0,0,"CG","CGA"
"36418053","phage_lambda",30360,"+",0,2,"CG","CGC"
"36418054","phage_lambda",30361,"-",0,1,"CG","CGG"
"36418055","phage_lambda",30367,"+",0,2,"CG","CGC"
"36418056","phage_lambda",30368,"-",0,1,"CG","CGT"
"36418057","phage_lambda",30389,"+",0,1,"CG","CGC"
"36418058","phage_lambda",30390,"-",0,1,"CG","CGA"
"36418059","phage_lambda",30398,"+",0,1,"CG","CGA"
"36418060","phage_lambda",30399,"-",0,1,"CG","CGA"
"36418061","phage_lambda",30453,"+",0,1,"CG","CGA"
"36418062","phage_lambda",30454,"-",0,1,"CG","CGG"
"36418063","phage_lambda",30466,"+",0,1,"CG","CGA"
"36418064","phage_lambda",30467,"-",0,1,"CG","CGT"
"36418065","phage_lambda",30474,"+",0,1,"CG","CGT"
"36418066","phage_lambda",30475,"-",0,1,"CG","CGC"
"36418067","phage_lambda",30480,"+",0,1,"CG","CGT"
"36418068","phage_lambda",30481,"-",0,1,"CG","CGA"
"36418069","phage_lambda",30491,"+",0,1,"CG","CGG"
"36418070","phage_lambda",30492,"-",0,1,"CG","CGA"
"36418071","phage_lambda",30496,"+",0,1,"CG","CGC"
"36418072","phage_lambda",30497,"-",0,1,"CG","CGA"
"36418073","phage_lambda",30543,"+",0,1,"CG","CGG"
"36418074","phage_lambda",30544,"-",0,0,"CG","CGC"
"36418075","phage_lambda",30546,"+",0,1,"CG","CGC"
"36418076","phage_lambda",30547,"-",0,0,"CG","CGC"
"36418077","phage_lambda",30567,"+",0,1,"CG","CGC"
"36418078","phage_lambda",30568,"-",0,0,"CG","CGC"
"36418079","phage_lambda",30645,"+",0,0,"CG","CGC"
"36418080","phage_lambda",30646,"-",0,0,"CG","CGT"
"36418081","phage_lambda",30661,"+",0,0,"CG","CGA"
"36418082","phage_lambda",30662,"-",0,0,"CG","CGC"
"36418083","phage_lambda",30716,"+",0,0,"CG","CGT"
"36418084","phage_lambda",30717,"-",0,0,"CG","CGA"
"36418085","phage_lambda",30729,"+",0,0,"CG","CGC"
"36418086","phage_lambda",30730,"-",0,0,"CG","CGT"
"36418087","phage_lambda",30732,"+",0,1,"CG","CGT"
"36418088","phage_lambda",30733,"-",0,0,"CG","CGG"
"36418089","phage_lambda",30744,"+",0,1,"CG","CGA"
"36418090","phage_lambda",30745,"-",0,0,"CG","CGG"
"36418091","phage_lambda",30766,"+",0,1,"CG","CGG"
"36418092","phage_lambda",30767,"-",0,0,"CG","CGA"
"36418093","phage_lambda",30784,"+",0,1,"CG","CGT"
"36418094","phage_lambda",30785,"-",0,0,"CG","CGC"
"36418095","phage_lambda",30790,"+",0,1,"CG","CGT"
"36418096","phage_lambda",30791,"-",0,0,"CG","CGG"
"36418097","phage_lambda",30795,"+",0,1,"CG","CGC"
"36418098","phage_lambda",30796,"-",0,0,"CG","CGA"
"36418099","phage_lambda",30797,"+",0,1,"CG","CGG"
"36418100","phage_lambda",30798,"-",0,0,"CG","CGC"
"36418101","phage_lambda",30813,"+",0,1,"CG","CGC"
"36418102","phage_lambda",30814,"-",0,0,"CG","CGT"
"36418103","phage_lambda",30818,"+",0,1,"CG","CGG"
"36418104","phage_lambda",30819,"-",0,0,"CG","CGT"
"36418105","phage_lambda",30831,"+",0,1,"CG","CGA"
"36418106","phage_lambda",30832,"-",0,0,"CG","CGA"
"36418107","phage_lambda",30834,"+",0,1,"CG","CGT"
"36418108","phage_lambda",30835,"-",0,0,"CG","CGT"
"36418109","phage_lambda",30844,"+",0,1,"CG","CGG"
"36418110","phage_lambda",30845,"-",0,0,"CG","CGG"
"36418111","phage_lambda",30888,"+",0,0,"CG","CGG"
"36418112","phage_lambda",30889,"-",0,0,"CG","CGT"
"36418113","phage_lambda",30900,"+",0,0,"CG","CGA"
"36418114","phage_lambda",30901,"-",0,0,"CG","CGC"
"36418115","phage_lambda",30907,"+",0,0,"CG","CGT"
"36418116","phage_lambda",30908,"-",0,0,"CG","CGC"
"36418117","phage_lambda",30945,"+",0,0,"CG","CGG"
"36418118","phage_lambda",30946,"-",0,1,"CG","CGA"
"36418119","phage_lambda",30976,"+",0,1,"CG","CGC"
"36418120","phage_lambda",30977,"-",0,1,"CG","CGG"
"36418121","phage_lambda",30997,"+",0,1,"CG","CGT"
"36418122","phage_lambda",30998,"-",0,1,"CG","CGG"
"36418123","phage_lambda",31038,"+",0,1,"CG","CGC"
"36418124","phage_lambda",31039,"-",0,1,"CG","CGA"
"36418125","phage_lambda",31073,"+",0,1,"CG","CGG"
"36418126","phage_lambda",31074,"-",0,1,"CG","CGC"
"36418127","phage_lambda",31080,"+",0,1,"CG","CGT"
"36418128","phage_lambda",31081,"-",0,1,"CG","CGT"
"36418129","phage_lambda",31094,"+",0,1,"CG","CGT"
"36418130","phage_lambda",31095,"-",0,1,"CG","CGA"
"36418131","phage_lambda",31157,"+",0,0,"CG","CGA"
"36418132","phage_lambda",31158,"-",0,2,"CG","CGA"
"36418133","phage_lambda",31164,"+",0,0,"CG","CGT"
"36418134","phage_lambda",31165,"-",0,2,"CG","CGA"
"36418135","phage_lambda",31206,"+",0,0,"CG","CGT"
"36418136","phage_lambda",31207,"-",0,1,"CG","CGA"
"36418137","phage_lambda",31233,"+",0,0,"CG","CGC"
"36418138","phage_lambda",31234,"-",0,1,"CG","CGG"
"36418139","phage_lambda",31254,"+",0,0,"CG","CGG"
"36418140","phage_lambda",31255,"-",0,2,"CG","CGA"
"36418141","phage_lambda",31270,"+",0,0,"CG","CGG"
"36418142","phage_lambda",31271,"-",0,1,"CG","CGG"
"36418143","phage_lambda",31287,"+",0,0,"CG","CGC"
"36418144","phage_lambda",31288,"-",0,1,"CG","CGA"
"36418145","phage_lambda",31297,"+",0,0,"CG","CGG"
"36418146","phage_lambda",31298,"-",0,1,"CG","CGT"
"36418147","phage_lambda",31306,"+",0,0,"CG","CGA"
"36418148","phage_lambda",31307,"-",0,1,"CG","CGT"
"36418149","phage_lambda",31318,"+",0,0,"CG","CGC"
"36418150","phage_lambda",31319,"-",0,1,"CG","CGC"
"36418151","phage_lambda",31326,"+",0,0,"CG","CGG"
"36418152","phage_lambda",31327,"-",0,1,"CG","CGG"
"36418153","phage_lambda",31336,"+",0,0,"CG","CGT"
"36418154","phage_lambda",31337,"-",0,1,"CG","CGA"
"36418155","phage_lambda",31346,"+",0,0,"CG","CGT"
"36418156","phage_lambda",31347,"-",0,1,"CG","CGC"
"36418157","phage_lambda",31352,"+",0,0,"CG","CGC"
"36418158","phage_lambda",31353,"-",0,1,"CG","CGA"
"36418159","phage_lambda",31395,"+",0,0,"CG","CGT"
"36418160","phage_lambda",31396,"-",1,1,"CG","CGA"
"36418161","phage_lambda",31407,"+",0,0,"CG","CGA"
"36418162","phage_lambda",31408,"-",0,2,"CG","CGA"
"36418163","phage_lambda",31417,"+",0,0,"CG","CGG"
"36418164","phage_lambda",31418,"-",1,1,"CG","CGG"
"36418165","phage_lambda",31422,"+",0,0,"CG","CGA"
"36418166","phage_lambda",31423,"-",0,2,"CG","CGT"
"36418167","phage_lambda",31428,"+",0,0,"CG","CGT"
"36418168","phage_lambda",31429,"-",0,2,"CG","CGA"
"36418169","phage_lambda",31438,"+",0,0,"CG","CGC"
"36418170","phage_lambda",31439,"-",0,2,"CG","CGA"
"36418171","phage_lambda",31457,"+",0,0,"CG","CGC"
"36418172","phage_lambda",31458,"-",0,1,"CG","CGG"
"36418173","phage_lambda",31467,"+",0,0,"CG","CGA"
"36418174","phage_lambda",31468,"-",0,1,"CG","CGT"
"36418175","phage_lambda",31487,"+",0,0,"CG","CGC"
"36418176","phage_lambda",31488,"-",0,1,"CG","CGT"
"36418177","phage_lambda",31496,"+",0,0,"CG","CGC"
"36418178","phage_lambda",31497,"-",0,1,"CG","CGT"
"36418179","phage_lambda",31498,"+",0,0,"CG","CGG"
"36418180","phage_lambda",31499,"-",0,1,"CG","CGC"
"36418181","phage_lambda",31532,"+",0,0,"CG","CGC"
"36418182","phage_lambda",31533,"-",0,1,"CG","CGA"
"36418183","phage_lambda",31534,"+",0,0,"CG","CGT"
"36418184","phage_lambda",31535,"-",0,1,"CG","CGC"
"36418185","phage_lambda",31587,"+",0,0,"CG","CGA"
"36418186","phage_lambda",31588,"-",0,0,"CG","CGA"
"36418187","phage_lambda",31596,"+",0,0,"CG","CGA"
"36418188","phage_lambda",31597,"-",0,0,"CG","CGG"
"36418189","phage_lambda",31601,"+",0,0,"CG","CGG"
"36418190","phage_lambda",31602,"-",0,0,"CG","CGG"
"36418191","phage_lambda",31619,"+",0,0,"CG","CGG"
"36418192","phage_lambda",31620,"-",0,1,"CG","CGG"
"36418193","phage_lambda",31630,"+",0,0,"CG","CGG"
"36418194","phage_lambda",31631,"-",0,1,"CG","CGT"
"36418195","phage_lambda",31650,"+",0,0,"CG","CGT"
"36418196","phage_lambda",31651,"-",0,1,"CG","CGG"
"36418197","phage_lambda",31656,"+",0,0,"CG","CGT"
"36418198","phage_lambda",31657,"-",0,1,"CG","CGG"
"36418199","phage_lambda",31674,"+",0,0,"CG","CGG"
"36418200","phage_lambda",31675,"-",0,1,"CG","CGA"
"36418201","phage_lambda",31686,"+",0,0,"CG","CGG"
"36418202","phage_lambda",31687,"-",0,1,"CG","CGC"
"36418203","phage_lambda",31691,"+",0,0,"CG","CGC"
"36418204","phage_lambda",31692,"-",0,1,"CG","CGT"
"36418205","phage_lambda",31701,"+",0,0,"CG","CGT"
"36418206","phage_lambda",31702,"-",0,1,"CG","CGA"
"36418207","phage_lambda",31704,"+",0,0,"CG","CGC"
"36418208","phage_lambda",31705,"-",0,1,"CG","CGA"
"36418209","phage_lambda",31706,"+",0,0,"CG","CGA"
"36418210","phage_lambda",31707,"-",0,1,"CG","CGC"
"36418211","phage_lambda",31717,"+",0,0,"CG","CGG"
"36418212","phage_lambda",31718,"-",0,1,"CG","CGA"
"36418213","phage_lambda",31737,"+",0,0,"CG","CGC"
"36418214","phage_lambda",31738,"-",0,1,"CG","CGT"
"36418215","phage_lambda",31740,"+",0,0,"CG","CGG"
"36418216","phage_lambda",31741,"-",0,1,"CG","CGG"
"36418217","phage_lambda",31767,"+",0,0,"CG","CGT"
"36418218","phage_lambda",31768,"-",0,1,"CG","CGC"
"36418219","phage_lambda",31770,"+",0,0,"CG","CGT"
"36418220","phage_lambda",31771,"-",0,1,"CG","CGA"
"36418221","phage_lambda",31776,"+",0,0,"CG","CGT"
"36418222","phage_lambda",31777,"-",0,1,"CG","CGA"
"36418223","phage_lambda",31806,"+",0,0,"CG","CGT"
"36418224","phage_lambda",31807,"-",0,1,"CG","CGC"
"36418225","phage_lambda",31816,"+",0,0,"CG","CGG"
"36418226","phage_lambda",31817,"-",0,1,"CG","CGG"
"36418227","phage_lambda",31827,"+",0,0,"CG","CGG"
"36418228","phage_lambda",31828,"-",0,1,"CG","CGG"
"36418229","phage_lambda",31890,"+",0,0,"CG","CGG"
"36418230","phage_lambda",31891,"-",0,0,"CG","CGG"
"36418231","phage_lambda",31895,"+",0,0,"CG","CGG"
"36418232","phage_lambda",31896,"-",0,0,"CG","CGC"
"36418233","phage_lambda",31911,"+",0,0,"CG","CGT"
"36418234","phage_lambda",31912,"-",0,0,"CG","CGT"
"36418235","phage_lambda",31929,"+",0,0,"CG","CGG"
"36418236","phage_lambda",31930,"-",0,0,"CG","CGC"
"36418237","phage_lambda",31938,"+",0,0,"CG","CGC"
"36418238","phage_lambda",31939,"-",0,0,"CG","CGT"
"36418239","phage_lambda",31941,"+",0,0,"CG","CGA"
"36418240","phage_lambda",31942,"-",0,0,"CG","CGG"
"36418241","phage_lambda",31946,"+",0,0,"CG","CGT"
"36418242","phage_lambda",31947,"-",0,0,"CG","CGG"
"36418243","phage_lambda",31960,"+",0,0,"CG","CGC"
"36418244","phage_lambda",31961,"-",0,0,"CG","CGT"
"36418245","phage_lambda",31977,"+",0,0,"CG","CGA"
"36418246","phage_lambda",31978,"-",0,0,"CG","CGA"
"36418247","phage_lambda",31992,"+",0,0,"CG","CGA"
"36418248","phage_lambda",31993,"-",0,0,"CG","CGA"
"36418249","phage_lambda",31998,"+",0,0,"CG","CGG"
"36418250","phage_lambda",31999,"-",0,0,"CG","CGG"
"36418251","phage_lambda",32003,"+",0,0,"CG","CGC"
"36418252","phage_lambda",32004,"-",0,0,"CG","CGT"
"36418253","phage_lambda",32020,"+",0,0,"CG","CGG"
"36418254","phage_lambda",32021,"-",0,0,"CG","CGG"
"36418255","phage_lambda",32048,"+",0,0,"CG","CGG"
"36418256","phage_lambda",32049,"-",0,0,"CG","CGC"
"36418257","phage_lambda",32087,"+",0,0,"CG","CGG"
"36418258","phage_lambda",32088,"-",0,0,"CG","CGA"
"36418259","phage_lambda",32106,"+",0,0,"CG","CGA"
"36418260","phage_lambda",32107,"-",0,0,"CG","CGT"
"36418261","phage_lambda",32113,"+",1,0,"CG","CGA"
"36418262","phage_lambda",32114,"-",0,0,"CG","CGT"
"36418263","phage_lambda",32120,"+",0,1,"CG","CGC"
"36418264","phage_lambda",32121,"-",0,0,"CG","CGA"
"36418265","phage_lambda",32122,"+",0,1,"CG","CGG"
"36418266","phage_lambda",32123,"-",0,0,"CG","CGC"
"36418267","phage_lambda",32125,"+",0,1,"CG","CGA"
"36418268","phage_lambda",32126,"-",0,0,"CG","CGC"
"36418269","phage_lambda",32145,"+",1,0,"CG","CGG"
"36418270","phage_lambda",32146,"-",0,1,"CG","CGC"
"36418271","phage_lambda",32156,"+",0,0,"CG","CGT"
"36418272","phage_lambda",32157,"-",0,1,"CG","CGA"
"36418273","phage_lambda",32180,"+",0,0,"CG","CGA"
"36418274","phage_lambda",32181,"-",0,1,"CG","CGC"
"36418275","phage_lambda",32216,"+",0,0,"CG","CGT"
"36418276","phage_lambda",32217,"-",0,1,"CG","CGA"
"36418277","phage_lambda",32223,"+",0,0,"CG","CGG"
"36418278","phage_lambda",32224,"-",0,1,"CG","CGG"
"36418279","phage_lambda",32234,"+",0,0,"CG","CGC"
"36418280","phage_lambda",32235,"-",0,1,"CG","CGA"
"36418281","phage_lambda",32236,"+",0,0,"CG","CGT"
"36418282","phage_lambda",32237,"-",0,1,"CG","CGC"
"36418283","phage_lambda",32241,"+",0,0,"CG","CGG"
"36418284","phage_lambda",32242,"-",0,1,"CG","CGG"
"36418285","phage_lambda",32248,"+",0,0,"CG","CGT"
"36418286","phage_lambda",32249,"-",0,1,"CG","CGT"
"36418287","phage_lambda",32273,"+",0,0,"CG","CGA"
"36418288","phage_lambda",32274,"-",0,1,"CG","CGA"
"36418289","phage_lambda",32281,"+",0,0,"CG","CGC"
"36418290","phage_lambda",32282,"-",0,1,"CG","CGC"
"36418291","phage_lambda",32285,"+",0,0,"CG","CGG"
"36418292","phage_lambda",32286,"-",0,1,"CG","CGA"
"36418293","phage_lambda",32318,"+",0,0,"CG","CGA"
"36418294","phage_lambda",32319,"-",0,1,"CG","CGG"
"36418295","phage_lambda",32329,"+",0,0,"CG","CGG"
"36418296","phage_lambda",32330,"-",0,1,"CG","CGT"
"36418297","phage_lambda",32356,"+",0,0,"CG","CGT"
"36418298","phage_lambda",32357,"-",0,1,"CG","CGT"
"36418299","phage_lambda",32365,"+",0,0,"CG","CGT"
"36418300","phage_lambda",32366,"-",0,1,"CG","CGG"
"36418301","phage_lambda",32376,"+",0,0,"CG","CGA"
"36418302","phage_lambda",32377,"-",0,0,"CG","CGC"
"36418303","phage_lambda",32385,"+",0,0,"CG","CGG"
"36418304","phage_lambda",32386,"-",0,0,"CG","CGT"
"36418305","phage_lambda",32391,"+",0,0,"CG","CGT"
"36418306","phage_lambda",32392,"-",0,0,"CG","CGG"
"36418307","phage_lambda",32408,"+",0,0,"CG","CGC"
"36418308","phage_lambda",32409,"-",0,0,"CG","CGA"
"36418309","phage_lambda",32410,"+",0,0,"CG","CGA"
"36418310","phage_lambda",32411,"-",0,0,"CG","CGC"
"36418311","phage_lambda",32426,"+",0,0,"CG","CGC"
"36418312","phage_lambda",32427,"-",0,1,"CG","CGA"
"36418313","phage_lambda",32428,"+",0,0,"CG","CGG"
"36418314","phage_lambda",32429,"-",0,1,"CG","CGC"
"36418315","phage_lambda",32431,"+",0,0,"CG","CGG"
"36418316","phage_lambda",32432,"-",0,1,"CG","CGC"
"36418317","phage_lambda",32450,"+",0,0,"CG","CGG"
"36418318","phage_lambda",32451,"-",0,1,"CG","CGA"
"36418319","phage_lambda",32456,"+",0,0,"CG","CGC"
"36418320","phage_lambda",32457,"-",0,1,"CG","CGT"
"36418321","phage_lambda",32463,"+",0,0,"CG","CGG"
"36418322","phage_lambda",32464,"-",0,1,"CG","CGA"
"36418323","phage_lambda",32473,"+",0,0,"CG","CGG"
"36418324","phage_lambda",32474,"-",0,1,"CG","CGT"
"36418325","phage_lambda",32482,"+",0,0,"CG","CGG"
"36418326","phage_lambda",32483,"-",0,1,"CG","CGC"
"36418327","phage_lambda",32491,"+",0,0,"CG","CGG"
"36418328","phage_lambda",32492,"-",0,1,"CG","CGG"
"36418329","phage_lambda",32560,"+",0,0,"CG","CGG"
"36418330","phage_lambda",32561,"-",0,1,"CG","CGC"
"36418331","phage_lambda",32576,"+",0,0,"CG","CGC"
"36418332","phage_lambda",32577,"-",0,1,"CG","CGT"
"36418333","phage_lambda",32586,"+",0,0,"CG","CGG"
"36418334","phage_lambda",32587,"-",0,1,"CG","CGG"
"36418335","phage_lambda",32591,"+",0,0,"CG","CGA"
"36418336","phage_lambda",32592,"-",0,1,"CG","CGT"
"36418337","phage_lambda",32618,"+",0,0,"CG","CGT"
"36418338","phage_lambda",32619,"-",0,1,"CG","CGC"
"36418339","phage_lambda",32631,"+",0,0,"CG","CGT"
"36418340","phage_lambda",32632,"-",0,1,"CG","CGA"
"36418341","phage_lambda",32637,"+",0,0,"CG","CGG"
"36418342","phage_lambda",32638,"-",0,1,"CG","CGT"
"36418343","phage_lambda",32648,"+",0,0,"CG","CGT"
"36418344","phage_lambda",32649,"-",0,1,"CG","CGG"
"36418345","phage_lambda",32663,"+",0,0,"CG","CGA"
"36418346","phage_lambda",32664,"-",0,1,"CG","CGT"
"36418347","phage_lambda",32675,"+",0,0,"CG","CGA"
"36418348","phage_lambda",32676,"-",0,1,"CG","CGC"
"36418349","phage_lambda",32685,"+",0,0,"CG","CGC"
"36418350","phage_lambda",32686,"-",0,1,"CG","CGC"
"36418351","phage_lambda",32690,"+",0,0,"CG","CGC"
"36418352","phage_lambda",32691,"-",0,1,"CG","CGA"
"36418353","phage_lambda",32712,"+",0,0,"CG","CGT"
"36418354","phage_lambda",32713,"-",0,1,"CG","CGG"
"36418355","phage_lambda",32719,"+",0,0,"CG","CGA"
"36418356","phage_lambda",32720,"-",0,0,"CG","CGC"
"36418357","phage_lambda",32747,"+",0,0,"CG","CGA"
"36418358","phage_lambda",32748,"-",0,0,"CG","CGA"
"36418359","phage_lambda",32762,"+",0,0,"CG","CGA"
"36418360","phage_lambda",32763,"-",0,0,"CG","CGG"
"36418361","phage_lambda",32767,"+",0,0,"CG","CGT"
"36418362","phage_lambda",32768,"-",0,0,"CG","CGT"
"36418363","phage_lambda",32790,"+",0,0,"CG","CGT"
"36418364","phage_lambda",32791,"-",0,0,"CG","CGC"
"36418365","phage_lambda",32795,"+",0,0,"CG","CGA"
"36418366","phage_lambda",32796,"-",0,0,"CG","CGC"
"36418367","phage_lambda",32812,"+",0,0,"CG","CGT"
"36418368","phage_lambda",32813,"-",0,0,"CG","CGA"
"36418369","phage_lambda",32871,"+",0,1,"CG","CGG"
"36418370","phage_lambda",32872,"-",1,0,"CG","CGG"
"36418371","phage_lambda",32889,"+",0,1,"CG","CGC"
"36418372","phage_lambda",32890,"-",1,0,"CG","CGC"
"36418373","phage_lambda",32908,"+",0,1,"CG","CGT"
"36418374","phage_lambda",32909,"-",1,0,"CG","CGA"
"36418375","phage_lambda",32918,"+",0,0,"CG","CGC"
"36418376","phage_lambda",32919,"-",1,0,"CG","CGT"
"36418377","phage_lambda",32922,"+",0,0,"CG","CGG"
"36418378","phage_lambda",32923,"-",1,0,"CG","CGT"
"36418379","phage_lambda",32947,"+",0,0,"CG","CGT"
"36418380","phage_lambda",32948,"-",1,0,"CG","CGG"
"36418381","phage_lambda",32952,"+",0,0,"CG","CGT"
"36418382","phage_lambda",32953,"-",1,0,"CG","CGC"
"36418383","phage_lambda",32965,"+",0,0,"CG","CGA"
"36418384","phage_lambda",32966,"-",1,0,"CG","CGA"
"36418385","phage_lambda",32975,"+",0,0,"CG","CGA"
"36418386","phage_lambda",32976,"-",1,0,"CG","CGC"
"36418387","phage_lambda",33013,"+",0,0,"CG","CGT"
"36418388","phage_lambda",33014,"-",1,1,"CG","CGA"
"36418389","phage_lambda",33042,"+",0,0,"CG","CGG"
"36418390","phage_lambda",33043,"-",0,1,"CG","CGT"
"36418391","phage_lambda",33046,"+",0,0,"CG","CGA"
"36418392","phage_lambda",33047,"-",0,1,"CG","CGC"
"36418393","phage_lambda",33063,"+",0,0,"CG","CGC"
"36418394","phage_lambda",33064,"-",0,1,"CG","CGT"
"36418395","phage_lambda",33065,"+",0,0,"CG","CGC"
"36418396","phage_lambda",33066,"-",0,1,"CG","CGC"
"36418397","phage_lambda",33087,"+",0,0,"CG","CGA"
"36418398","phage_lambda",33088,"-",0,1,"CG","CGT"
"36418399","phage_lambda",33106,"+",0,0,"CG","CGT"
"36418400","phage_lambda",33107,"-",0,0,"CG","CGC"
"36418401","phage_lambda",33144,"+",0,0,"CG","CGC"
"36418402","phage_lambda",33145,"-",0,0,"CG","CGA"
"36418403","phage_lambda",33148,"+",0,0,"CG","CGC"
"36418404","phage_lambda",33149,"-",0,0,"CG","CGG"
"36418405","phage_lambda",33150,"+",0,0,"CG","CGA"
"36418406","phage_lambda",33151,"-",0,0,"CG","CGC"
"36418407","phage_lambda",33158,"+",0,0,"CG","CGG"
"36418408","phage_lambda",33159,"-",0,0,"CG","CGG"
"36418409","phage_lambda",33243,"+",0,0,"CG","CGT"
"36418410","phage_lambda",33244,"-",0,0,"CG","CGC"
"36418411","phage_lambda",33246,"+",0,0,"CG","CGA"
"36418412","phage_lambda",33247,"-",0,0,"CG","CGA"
"36418413","phage_lambda",33249,"+",0,0,"CG","CGG"
"36418414","phage_lambda",33250,"-",0,0,"CG","CGT"
"36418415","phage_lambda",33257,"+",0,0,"CG","CGA"
"36418416","phage_lambda",33258,"-",0,0,"CG","CGT"
"36418417","phage_lambda",33273,"+",0,0,"CG","CGC"
"36418418","phage_lambda",33274,"-",0,0,"CG","CGA"
"36418419","phage_lambda",33288,"+",0,0,"CG","CGA"
"36418420","phage_lambda",33289,"-",0,0,"CG","CGC"
"36418421","phage_lambda",33361,"+",0,0,"CG","CGA"
"36418422","phage_lambda",33362,"-",0,0,"CG","CGA"
"36418423","phage_lambda",33369,"+",0,0,"CG","CGT"
"36418424","phage_lambda",33370,"-",0,0,"CG","CGC"
"36418425","phage_lambda",33379,"+",0,0,"CG","CGT"
"36418426","phage_lambda",33380,"-",0,0,"CG","CGG"
"36418427","phage_lambda",33384,"+",0,0,"CG","CGT"
"36418428","phage_lambda",33385,"-",0,0,"CG","CGT"
"36418429","phage_lambda",33393,"+",0,0,"CG","CGG"
"36418430","phage_lambda",33394,"-",0,0,"CG","CGT"
"36418431","phage_lambda",33402,"+",0,0,"CG","CGT"
"36418432","phage_lambda",33403,"-",0,0,"CG","CGA"
"36418433","phage_lambda",33418,"+",0,0,"CG","CGG"
"36418434","phage_lambda",33419,"-",0,0,"CG","CGA"
"36418435","phage_lambda",33488,"+",0,0,"CG","CGA"
"36418436","phage_lambda",33489,"-",0,0,"CG","CGT"
"36418437","phage_lambda",33495,"+",0,0,"CG","CGC"
"36418438","phage_lambda",33496,"-",0,0,"CG","CGT"
"36418439","phage_lambda",33500,"+",0,0,"CG","CGA"
"36418440","phage_lambda",33501,"-",0,0,"CG","CGA"
"36418441","phage_lambda",33509,"+",0,0,"CG","CGT"
"36418442","phage_lambda",33510,"-",0,0,"CG","CGC"
"36418443","phage_lambda",33522,"+",0,0,"CG","CGG"
"36418444","phage_lambda",33523,"-",0,0,"CG","CGC"
"36418445","phage_lambda",33531,"+",0,0,"CG","CGC"
"36418446","phage_lambda",33532,"-",0,0,"CG","CGG"
"36418447","phage_lambda",33541,"+",0,0,"CG","CGG"
"36418448","phage_lambda",33542,"-",0,0,"CG","CGC"
"36418449","phage_lambda",33586,"+",0,0,"CG","CGA"
"36418450","phage_lambda",33587,"-",0,0,"CG","CGA"
"36418451","phage_lambda",33592,"+",0,0,"CG","CGG"
"36418452","phage_lambda",33593,"-",0,0,"CG","CGA"
"36418453","phage_lambda",33610,"+",0,0,"CG","CGC"
"36418454","phage_lambda",33611,"-",0,0,"CG","CGA"
"36418455","phage_lambda",33661,"+",0,0,"CG","CGA"
"36418456","phage_lambda",33662,"-",0,0,"CG","CGA"
"36418457","phage_lambda",33694,"+",0,1,"CG","CGC"
"36418458","phage_lambda",33695,"-",0,0,"CG","CGA"
"36418459","phage_lambda",33725,"+",0,1,"CG","CGC"
"36418460","phage_lambda",33726,"-",0,0,"CG","CGC"
"36418461","phage_lambda",33760,"+",0,1,"CG","CGT"
"36418462","phage_lambda",33761,"-",0,0,"CG","CGG"
"36418463","phage_lambda",33774,"+",0,1,"CG","CGG"
"36418464","phage_lambda",33775,"-",0,0,"CG","CGA"
"36418465","phage_lambda",33832,"+",0,1,"CG","CGT"
"36418466","phage_lambda",33833,"-",0,0,"CG","CGT"
"36418467","phage_lambda",33841,"+",0,1,"CG","CGA"
"36418468","phage_lambda",33842,"-",0,0,"CG","CGA"
"36418469","phage_lambda",33871,"+",0,0,"CG","CGT"
"36418470","phage_lambda",33872,"-",0,0,"CG","CGA"
"36418471","phage_lambda",33932,"+",0,0,"CG","CGC"
"36418472","phage_lambda",33933,"-",0,0,"CG","CGA"
"36418473","phage_lambda",33980,"+",0,0,"CG","CGG"
"36418474","phage_lambda",33981,"-",0,0,"CG","CGA"
"36418475","phage_lambda",33997,"+",0,0,"CG","CGA"
"36418476","phage_lambda",33998,"-",0,1,"CG","CGT"
"36418477","phage_lambda",34001,"+",0,0,"CG","CGA"
"36418478","phage_lambda",34002,"-",0,1,"CG","CGC"
"36418479","phage_lambda",34012,"+",0,0,"CG","CGT"
"36418480","phage_lambda",34013,"-",0,1,"CG","CGG"
"36418481","phage_lambda",34024,"+",0,0,"CG","CGT"
"36418482","phage_lambda",34025,"-",0,1,"CG","CGA"
"36418483","phage_lambda",34135,"+",0,0,"CG","CGT"
"36418484","phage_lambda",34136,"-",0,2,"CG","CGG"
"36418485","phage_lambda",34138,"+",0,0,"CG","CGT"
"36418486","phage_lambda",34139,"-",0,2,"CG","CGA"
"36418487","phage_lambda",34142,"+",0,0,"CG","CGT"
"36418488","phage_lambda",34143,"-",0,2,"CG","CGA"
"36418489","phage_lambda",34158,"+",0,0,"CG","CGA"
"36418490","phage_lambda",34159,"-",0,2,"CG","CGA"
"36418491","phage_lambda",34216,"+",0,0,"CG","CGA"
"36418492","phage_lambda",34217,"-",0,1,"CG","CGG"
"36418493","phage_lambda",34241,"+",0,0,"CG","CGC"
"36418494","phage_lambda",34242,"-",0,1,"CG","CGA"
"36418495","phage_lambda",34279,"+",0,0,"CG","CGT"
"36418496","phage_lambda",34280,"-",0,1,"CG","CGA"
"36418497","phage_lambda",34289,"+",0,0,"CG","CGG"
"36418498","phage_lambda",34290,"-",0,1,"CG","CGT"
"36418499","phage_lambda",34333,"+",0,0,"CG","CGA"
"36418500","phage_lambda",34334,"-",0,1,"CG","CGA"
"36418501","phage_lambda",34381,"+",0,0,"CG","CGG"
"36418502","phage_lambda",34382,"-",0,0,"CG","CGC"
"36418503","phage_lambda",34422,"+",0,0,"CG","CGG"
"36418504","phage_lambda",34423,"-",0,0,"CG","CGA"
"36418505","phage_lambda",34432,"+",0,0,"CG","CGT"
"36418506","phage_lambda",34433,"-",0,0,"CG","CGA"
"36418507","phage_lambda",34447,"+",0,0,"CG","CGA"
"36418508","phage_lambda",34448,"-",0,0,"CG","CGC"
"36418509","phage_lambda",34455,"+",0,0,"CG","CGG"
"36418510","phage_lambda",34456,"-",0,0,"CG","CGA"
"36418511","phage_lambda",34508,"+",0,0,"CG","CGT"
"36418512","phage_lambda",34509,"-",0,1,"CG","CGA"
"36418513","phage_lambda",34517,"+",0,1,"CG","CGG"
"36418514","phage_lambda",34518,"-",0,1,"CG","CGA"
"36418515","phage_lambda",34521,"+",0,1,"CG","CGA"
"36418516","phage_lambda",34522,"-",0,1,"CG","CGT"
"36418517","phage_lambda",34565,"+",0,2,"CG","CGT"
"36418518","phage_lambda",34566,"-",0,1,"CG","CGA"
"36418519","phage_lambda",34631,"+",0,2,"CG","CGG"
"36418520","phage_lambda",34632,"-",0,0,"CG","CGA"
"36418521","phage_lambda",34658,"+",0,3,"CG","CGT"
"36418522","phage_lambda",34659,"-",0,0,"CG","CGA"
"36418523","phage_lambda",34678,"+",0,3,"CG","CGC"
"36418524","phage_lambda",34679,"-",0,0,"CG","CGA"
"36418525","phage_lambda",34698,"+",0,2,"CG","CGA"
"36418526","phage_lambda",34699,"-",0,0,"CG","CGA"
"36418527","phage_lambda",34718,"+",0,2,"CG","CGC"
"36418528","phage_lambda",34719,"-",0,0,"CG","CGC"
"36418529","phage_lambda",34731,"+",0,2,"CG","CGA"
"36418530","phage_lambda",34732,"-",0,0,"CG","CGC"
"36418531","phage_lambda",34749,"+",1,1,"CG","CGC"
"36418532","phage_lambda",34750,"-",0,0,"CG","CGT"
"36418533","phage_lambda",34766,"+",0,2,"CG","CGA"
"36418534","phage_lambda",34767,"-",0,0,"CG","CGT"
"36418535","phage_lambda",34776,"+",0,2,"CG","CGA"
"36418536","phage_lambda",34777,"-",0,0,"CG","CGC"
"36418537","phage_lambda",34823,"+",0,1,"CG","CGC"
"36418538","phage_lambda",34824,"-",0,0,"CG","CGC"
"36418539","phage_lambda",34923,"+",0,0,"CG","CGA"
"36418540","phage_lambda",34924,"-",0,0,"CG","CGG"
"36418541","phage_lambda",35052,"+",0,0,"CG","CGA"
"36418542","phage_lambda",35053,"-",0,1,"CG","CGA"
"36418543","phage_lambda",35074,"+",0,0,"CG","CGT"
"36418544","phage_lambda",35075,"-",0,1,"CG","CGC"
"36418545","phage_lambda",35093,"+",0,0,"CG","CGC"
"36418546","phage_lambda",35094,"-",0,1,"CG","CGG"
"36418547","phage_lambda",35095,"+",0,0,"CG","CGT"
"36418548","phage_lambda",35096,"-",0,1,"CG","CGC"
"36418549","phage_lambda",35099,"+",0,0,"CG","CGC"
"36418550","phage_lambda",35100,"-",1,0,"CG","CGA"
"36418551","phage_lambda",35122,"+",0,1,"CG","CGC"
"36418552","phage_lambda",35123,"-",0,1,"CG","CGC"
"36418553","phage_lambda",35134,"+",0,1,"CG","CGC"
"36418554","phage_lambda",35135,"-",0,1,"CG","CGC"
"36418555","phage_lambda",35143,"+",0,1,"CG","CGT"
"36418556","phage_lambda",35144,"-",0,0,"CG","CGT"
"36418557","phage_lambda",35199,"+",0,1,"CG","CGG"
"36418558","phage_lambda",35200,"-",0,0,"CG","CGA"
"36418559","phage_lambda",35210,"+",0,1,"CG","CGC"
"36418560","phage_lambda",35211,"-",0,0,"CG","CGC"
"36418561","phage_lambda",35221,"+",0,1,"CG","CGT"
"36418562","phage_lambda",35222,"-",0,0,"CG","CGA"
"36418563","phage_lambda",35229,"+",0,1,"CG","CGG"
"36418564","phage_lambda",35230,"-",0,0,"CG","CGA"
"36418565","phage_lambda",35236,"+",0,1,"CG","CGA"
"36418566","phage_lambda",35237,"-",0,0,"CG","CGC"
"36418567","phage_lambda",35244,"+",0,1,"CG","CGA"
"36418568","phage_lambda",35245,"-",0,0,"CG","CGC"
"36418569","phage_lambda",35257,"+",0,1,"CG","CGG"
"36418570","phage_lambda",35258,"-",0,0,"CG","CGC"
"36418571","phage_lambda",35273,"+",0,1,"CG","CGC"
"36418572","phage_lambda",35274,"-",0,0,"CG","CGC"
"36418573","phage_lambda",35327,"+",0,0,"CG","CGC"
"36418574","phage_lambda",35328,"-",0,1,"CG","CGC"
"36418575","phage_lambda",35329,"+",0,0,"CG","CGA"
"36418576","phage_lambda",35330,"-",0,1,"CG","CGC"
"36418577","phage_lambda",35332,"+",0,0,"CG","CGT"
"36418578","phage_lambda",35333,"-",0,1,"CG","CGT"
"36418579","phage_lambda",35336,"+",0,0,"CG","CGC"
"36418580","phage_lambda",35337,"-",0,1,"CG","CGA"
"36418581","phage_lambda",35338,"+",0,0,"CG","CGG"
"36418582","phage_lambda",35339,"-",0,1,"CG","CGC"
"36418583","phage_lambda",35341,"+",0,0,"CG","CGG"
"36418584","phage_lambda",35342,"-",0,1,"CG","CGC"
"36418585","phage_lambda",35344,"+",0,0,"CG","CGT"
"36418586","phage_lambda",35345,"-",0,1,"CG","CGC"
"36418587","phage_lambda",35414,"+",0,1,"CG","CGA"
"36418588","phage_lambda",35415,"-",0,1,"CG","CGT"
"36418589","phage_lambda",35425,"+",0,1,"CG","CGC"
"36418590","phage_lambda",35426,"-",0,0,"CG","CGG"
"36418591","phage_lambda",35427,"+",0,1,"CG","CGA"
"36418592","phage_lambda",35428,"-",0,0,"CG","CGC"
"36418593","phage_lambda",35451,"+",0,1,"CG","CGG"
"36418594","phage_lambda",35452,"-",0,0,"CG","CGG"
"36418595","phage_lambda",35457,"+",0,1,"CG","CGC"
"36418596","phage_lambda",35458,"-",0,0,"CG","CGA"
"36418597","phage_lambda",35465,"+",0,1,"CG","CGG"
"36418598","phage_lambda",35466,"-",0,1,"CG","CGT"
"36418599","phage_lambda",35477,"+",0,1,"CG","CGT"
"36418600","phage_lambda",35478,"-",0,1,"CG","CGA"
"36418601","phage_lambda",35482,"+",0,1,"CG","CGT"
"36418602","phage_lambda",35483,"-",0,1,"CG","CGA"
"36418603","phage_lambda",35548,"+",0,0,"CG","CGT"
"36418604","phage_lambda",35549,"-",0,1,"CG","CGC"
"36418605","phage_lambda",35571,"+",0,0,"CG","CGT"
"36418606","phage_lambda",35572,"-",0,0,"CG","CGC"
"36418607","phage_lambda",35597,"+",0,0,"CG","CGC"
"36418608","phage_lambda",35598,"-",0,0,"CG","CGG"
"36418609","phage_lambda",35621,"+",0,0,"CG","CGC"
"36418610","phage_lambda",35622,"-",0,0,"CG","CGG"
"36418611","phage_lambda",35641,"+",0,0,"CG","CGC"
"36418612","phage_lambda",35642,"-",0,0,"CG","CGG"
"36418613","phage_lambda",35787,"+",0,0,"CG","CGA"
"36418614","phage_lambda",35788,"-",0,0,"CG","CGC"
"36418615","phage_lambda",35791,"+",0,0,"CG","CGT"
"36418616","phage_lambda",35792,"-",0,0,"CG","CGA"
"36418617","phage_lambda",35809,"+",0,0,"CG","CGG"
"36418618","phage_lambda",35810,"-",0,0,"CG","CGG"
"36418619","phage_lambda",35812,"+",0,0,"CG","CGC"
"36418620","phage_lambda",35813,"-",0,0,"CG","CGC"
"36418621","phage_lambda",35821,"+",0,0,"CG","CGG"
"36418622","phage_lambda",35822,"-",0,1,"CG","CGG"
"36418623","phage_lambda",35885,"+",0,0,"CG","CGA"
"36418624","phage_lambda",35886,"-",0,1,"CG","CGT"
"36418625","phage_lambda",35902,"+",0,0,"CG","CGA"
"36418626","phage_lambda",35903,"-",0,1,"CG","CGG"
"36418627","phage_lambda",35908,"+",0,0,"CG","CGA"
"36418628","phage_lambda",35909,"-",0,1,"CG","CGC"
"36418629","phage_lambda",35929,"+",0,0,"CG","CGC"
"36418630","phage_lambda",35930,"-",0,1,"CG","CGG"
"36418631","phage_lambda",35956,"+",0,0,"CG","CGC"
"36418632","phage_lambda",35957,"-",0,1,"CG","CGG"
"36418633","phage_lambda",36011,"+",0,0,"CG","CGA"
"36418634","phage_lambda",36012,"-",0,0,"CG","CGG"
"36418635","phage_lambda",36048,"+",0,0,"CG","CGG"
"36418636","phage_lambda",36049,"-",0,0,"CG","CGA"
"36418637","phage_lambda",36051,"+",0,0,"CG","CGC"
"36418638","phage_lambda",36052,"-",0,0,"CG","CGC"
"36418639","phage_lambda",36053,"+",0,0,"CG","CGT"
"36418640","phage_lambda",36054,"-",0,0,"CG","CGC"
"36418641","phage_lambda",36064,"+",0,0,"CG","CGA"
"36418642","phage_lambda",36065,"-",0,0,"CG","CGG"
"36418643","phage_lambda",36074,"+",0,0,"CG","CGT"
"36418644","phage_lambda",36075,"-",0,0,"CG","CGT"
"36418645","phage_lambda",36128,"+",0,0,"CG","CGC"
"36418646","phage_lambda",36129,"-",0,0,"CG","CGA"
"36418647","phage_lambda",36180,"+",0,0,"CG","CGG"
"36418648","phage_lambda",36181,"-",0,0,"CG","CGC"
"36418649","phage_lambda",36205,"+",0,0,"CG","CGA"
"36418650","phage_lambda",36206,"-",0,0,"CG","CGT"
"36418651","phage_lambda",36211,"+",0,0,"CG","CGT"
"36418652","phage_lambda",36212,"-",0,0,"CG","CGT"
"36418653","phage_lambda",36255,"+",0,0,"CG","CGC"
"36418654","phage_lambda",36256,"-",0,0,"CG","CGG"
"36418655","phage_lambda",36337,"+",0,0,"CG","CGT"
"36418656","phage_lambda",36338,"-",0,1,"CG","CGC"
"36418657","phage_lambda",36392,"+",0,0,"CG","CGC"
"36418658","phage_lambda",36393,"-",0,1,"CG","CGC"
"36418659","phage_lambda",36442,"+",0,0,"CG","CGG"
"36418660","phage_lambda",36443,"-",0,1,"CG","CGG"
"36418661","phage_lambda",36459,"+",0,0,"CG","CGC"
"36418662","phage_lambda",36460,"-",0,0,"CG","CGG"
"36418663","phage_lambda",36488,"+",0,0,"CG","CGG"
"36418664","phage_lambda",36489,"-",0,0,"CG","CGT"
"36418665","phage_lambda",36613,"+",0,0,"CG","CGC"
"36418666","phage_lambda",36614,"-",0,0,"CG","CGA"
"36418667","phage_lambda",36647,"+",0,1,"CG","CGT"
"36418668","phage_lambda",36648,"-",0,0,"CG","CGG"
"36418669","phage_lambda",36654,"+",0,1,"CG","CGG"
"36418670","phage_lambda",36655,"-",0,0,"CG","CGA"
"36418671","phage_lambda",36658,"+",0,1,"CG","CGA"
"36418672","phage_lambda",36659,"-",0,0,"CG","CGG"
"36418673","phage_lambda",36682,"+",0,1,"CG","CGT"
"36418674","phage_lambda",36683,"-",0,0,"CG","CGA"
"36418675","phage_lambda",36721,"+",0,1,"CG","CGC"
"36418676","phage_lambda",36722,"-",0,0,"CG","CGT"
"36418677","phage_lambda",36723,"+",0,1,"CG","CGC"
"36418678","phage_lambda",36724,"-",0,0,"CG","CGC"
"36418679","phage_lambda",36754,"+",0,1,"CG","CGA"
"36418680","phage_lambda",36755,"-",0,0,"CG","CGG"
"36418681","phage_lambda",36775,"+",0,1,"CG","CGG"
"36418682","phage_lambda",36776,"-",0,0,"CG","CGA"
"36418683","phage_lambda",36785,"+",0,1,"CG","CGG"
"36418684","phage_lambda",36786,"-",0,0,"CG","CGA"
"36418685","phage_lambda",36790,"+",0,1,"CG","CGA"
"36418686","phage_lambda",36791,"-",0,0,"CG","CGG"
"36418687","phage_lambda",36820,"+",0,1,"CG","CGC"
"36418688","phage_lambda",36821,"-",0,0,"CG","CGA"
"36418689","phage_lambda",36859,"+",0,1,"CG","CGT"
"36418690","phage_lambda",36860,"-",0,0,"CG","CGA"
"36418691","phage_lambda",36868,"+",0,1,"CG","CGA"
"36418692","phage_lambda",36869,"-",0,0,"CG","CGC"
"36418693","phage_lambda",36906,"+",0,1,"CG","CGA"
"36418694","phage_lambda",36907,"-",0,0,"CG","CGC"
"36418695","phage_lambda",36967,"+",0,0,"CG","CGA"
"36418696","phage_lambda",36968,"-",0,0,"CG","CGA"
"36418697","phage_lambda",37059,"+",0,1,"CG","CGC"
"36418698","phage_lambda",37060,"-",0,0,"CG","CGC"
"36418699","phage_lambda",37086,"+",0,0,"CG","CGG"
"36418700","phage_lambda",37087,"-",0,0,"CG","CGC"
"36418701","phage_lambda",37094,"+",0,1,"CG","CGC"
"36418702","phage_lambda",37095,"-",0,0,"CG","CGA"
"36418703","phage_lambda",37169,"+",0,1,"CG","CGA"
"36418704","phage_lambda",37170,"-",0,0,"CG","CGA"
"36418705","phage_lambda",37204,"+",0,1,"CG","CGC"
"36418706","phage_lambda",37205,"-",0,0,"CG","CGC"
"36418707","phage_lambda",37207,"+",0,0,"CG","CGA"
"36418708","phage_lambda",37208,"-",0,0,"CG","CGG"
"36418709","phage_lambda",37224,"+",0,0,"CG","CGA"
"36418710","phage_lambda",37225,"-",0,0,"CG","CGG"
"36418711","phage_lambda",37236,"+",0,0,"CG","CGT"
"36418712","phage_lambda",37237,"-",0,0,"CG","CGT"
"36418713","phage_lambda",37259,"+",0,0,"CG","CGA"
"36418714","phage_lambda",37260,"-",0,0,"CG","CGC"
"36418715","phage_lambda",37277,"+",0,0,"CG","CGG"
"36418716","phage_lambda",37278,"-",0,0,"CG","CGT"
"36418717","phage_lambda",37343,"+",0,0,"CG","CGC"
"36418718","phage_lambda",37344,"-",0,0,"CG","CGG"
"36418719","phage_lambda",37436,"+",0,0,"CG","CGA"
"36418720","phage_lambda",37437,"-",0,0,"CG","CGT"
"36418721","phage_lambda",37451,"+",0,0,"CG","CGT"
"36418722","phage_lambda",37452,"-",0,0,"CG","CGG"
"36418723","phage_lambda",37484,"+",0,0,"CG","CGG"
"36418724","phage_lambda",37485,"-",0,0,"CG","CGC"
"36418725","phage_lambda",37560,"+",0,0,"CG","CGC"
"36418726","phage_lambda",37561,"-",0,0,"CG","CGG"
"36418727","phage_lambda",37653,"+",0,0,"CG","CGG"
"36418728","phage_lambda",37654,"-",0,0,"CG","CGT"
"36418729","phage_lambda",37668,"+",0,0,"CG","CGC"
"36418730","phage_lambda",37669,"-",0,1,"CG","CGG"
"36418731","phage_lambda",37682,"+",0,0,"CG","CGT"
"36418732","phage_lambda",37683,"-",0,1,"CG","CGA"
"36418733","phage_lambda",37697,"+",0,0,"CG","CGA"
"36418734","phage_lambda",37698,"-",0,1,"CG","CGC"
"36418735","phage_lambda",37721,"+",0,0,"CG","CGC"
"36418736","phage_lambda",37722,"-",0,1,"CG","CGT"
"36418737","phage_lambda",37751,"+",0,0,"CG","CGG"
"36418738","phage_lambda",37752,"-",0,1,"CG","CGC"
"36418739","phage_lambda",37754,"+",0,0,"CG","CGT"
"36418740","phage_lambda",37755,"-",0,1,"CG","CGC"
"36418741","phage_lambda",37799,"+",0,0,"CG","CGC"
"36418742","phage_lambda",37800,"-",0,1,"CG","CGT"
"36418743","phage_lambda",37829,"+",0,0,"CG","CGA"
"36418744","phage_lambda",37830,"-",0,0,"CG","CGC"
"36418745","phage_lambda",37888,"+",0,1,"CG","CGA"
"36418746","phage_lambda",37889,"-",0,1,"CG","CGC"
"36418747","phage_lambda",37891,"+",0,1,"CG","CGT"
"36418748","phage_lambda",37892,"-",0,1,"CG","CGT"
"36418749","phage_lambda",37895,"+",0,1,"CG","CGT"
"36418750","phage_lambda",37896,"-",0,1,"CG","CGC"
"36418751","phage_lambda",37942,"+",0,1,"CG","CGT"
"36418752","phage_lambda",37943,"-",0,1,"CG","CGT"
"36418753","phage_lambda",37957,"+",0,1,"CG","CGC"
"36418754","phage_lambda",37958,"-",0,1,"CG","CGG"
"36418755","phage_lambda",37980,"+",0,1,"CG","CGT"
"36418756","phage_lambda",37981,"-",0,1,"CG","CGG"
"36418757","phage_lambda",37984,"+",0,1,"CG","CGT"
"36418758","phage_lambda",37985,"-",0,1,"CG","CGC"
"36418759","phage_lambda",38007,"+",0,0,"CG","CGG"
"36418760","phage_lambda",38008,"-",0,0,"CG","CGC"
"36418761","phage_lambda",38050,"+",0,0,"CG","CGC"
"36418762","phage_lambda",38051,"-",0,0,"CG","CGT"
"36418763","phage_lambda",38077,"+",0,0,"CG","CGC"
"36418764","phage_lambda",38078,"-",0,0,"CG","CGC"
"36418765","phage_lambda",38109,"+",0,0,"CG","CGG"
"36418766","phage_lambda",38110,"-",0,1,"CG","CGA"
"36418767","phage_lambda",38112,"+",0,0,"CG","CGT"
"36418768","phage_lambda",38113,"-",0,1,"CG","CGC"
"36418769","phage_lambda",38124,"+",0,0,"CG","CGC"
"36418770","phage_lambda",38125,"-",0,1,"CG","CGC"
"36418771","phage_lambda",38126,"+",0,0,"CG","CGA"
"36418772","phage_lambda",38127,"-",0,1,"CG","CGC"
"36418773","phage_lambda",38152,"+",0,0,"CG","CGA"
"36418774","phage_lambda",38153,"-",0,1,"CG","CGG"
"36418775","phage_lambda",38175,"+",0,0,"CG","CGC"
"36418776","phage_lambda",38176,"-",1,0,"CG","CGT"
"36418777","phage_lambda",38187,"+",0,0,"CG","CGT"
"36418778","phage_lambda",38188,"-",1,0,"CG","CGC"
"36418779","phage_lambda",38195,"+",0,0,"CG","CGG"
"36418780","phage_lambda",38196,"-",0,1,"CG","CGC"
"36418781","phage_lambda",38216,"+",0,0,"CG","CGA"
"36418782","phage_lambda",38217,"-",0,1,"CG","CGG"
"36418783","phage_lambda",38249,"+",0,0,"CG","CGC"
"36418784","phage_lambda",38250,"-",0,1,"CG","CGG"
"36418785","phage_lambda",38366,"+",0,0,"CG","CGT"
"36418786","phage_lambda",38367,"-",0,0,"CG","CGA"
"36418787","phage_lambda",38378,"+",0,0,"CG","CGC"
"36418788","phage_lambda",38379,"-",0,0,"CG","CGT"
"36418789","phage_lambda",38383,"+",0,0,"CG","CGA"
"36418790","phage_lambda",38384,"-",0,0,"CG","CGT"
"36418791","phage_lambda",38393,"+",0,0,"CG","CGA"
"36418792","phage_lambda",38394,"-",0,0,"CG","CGT"
"36418793","phage_lambda",38398,"+",0,0,"CG","CGA"
"36418794","phage_lambda",38399,"-",0,0,"CG","CGA"
"36418795","phage_lambda",38406,"+",0,0,"CG","CGT"
"36418796","phage_lambda",38407,"-",0,0,"CG","CGC"
"36418797","phage_lambda",38422,"+",0,0,"CG","CGC"
"36418798","phage_lambda",38423,"-",0,0,"CG","CGA"
"36418799","phage_lambda",38448,"+",0,0,"CG","CGG"
"36418800","phage_lambda",38449,"-",0,0,"CG","CGC"
"36418801","phage_lambda",38461,"+",0,0,"CG","CGT"
"36418802","phage_lambda",38462,"-",0,0,"CG","CGC"
"36418803","phage_lambda",38472,"+",0,0,"CG","CGC"
"36418804","phage_lambda",38473,"-",0,0,"CG","CGA"
"36418805","phage_lambda",38545,"+",0,0,"CG","CGT"
"36418806","phage_lambda",38546,"-",0,0,"CG","CGA"
"36418807","phage_lambda",38551,"+",0,0,"CG","CGA"
"36418808","phage_lambda",38552,"-",0,0,"CG","CGT"
"36418809","phage_lambda",38554,"+",0,0,"CG","CGA"
"36418810","phage_lambda",38555,"-",0,0,"CG","CGT"
"36418811","phage_lambda",38564,"+",0,0,"CG","CGA"
"36418812","phage_lambda",38565,"-",0,0,"CG","CGA"
"36418813","phage_lambda",38571,"+",0,0,"CG","CGC"
"36418814","phage_lambda",38572,"-",0,0,"CG","CGC"
"36418815","phage_lambda",38573,"+",0,0,"CG","CGA"
"36418816","phage_lambda",38574,"-",0,0,"CG","CGC"
"36418817","phage_lambda",38586,"+",0,0,"CG","CGA"
"36418818","phage_lambda",38587,"-",0,0,"CG","CGC"
"36418819","phage_lambda",38606,"+",0,0,"CG","CGC"
"36418820","phage_lambda",38607,"-",0,0,"CG","CGT"
"36418821","phage_lambda",38610,"+",0,0,"CG","CGG"
"36418822","phage_lambda",38611,"-",0,0,"CG","CGG"
"36418823","phage_lambda",38613,"+",0,0,"CG","CGG"
"36418824","phage_lambda",38614,"-",0,0,"CG","CGC"
"36418825","phage_lambda",38620,"+",0,0,"CG","CGA"
"36418826","phage_lambda",38621,"-",0,0,"CG","CGG"
"36418827","phage_lambda",38624,"+",0,0,"CG","CGT"
"36418828","phage_lambda",38625,"-",0,0,"CG","CGC"
"36418829","phage_lambda",38715,"+",0,0,"CG","CGG"
"36418830","phage_lambda",38716,"-",0,0,"CG","CGA"
"36418831","phage_lambda",38733,"+",0,0,"CG","CGG"
"36418832","phage_lambda",38734,"-",0,0,"CG","CGG"
"36418833","phage_lambda",38743,"+",0,0,"CG","CGT"
"36418834","phage_lambda",38744,"-",0,0,"CG","CGC"
"36418835","phage_lambda",38760,"+",0,0,"CG","CGA"
"36418836","phage_lambda",38761,"-",0,1,"CG","CGA"
"36418837","phage_lambda",38772,"+",0,0,"CG","CGC"
"36418838","phage_lambda",38773,"-",0,1,"CG","CGT"
"36418839","phage_lambda",38807,"+",0,0,"CG","CGG"
"36418840","phage_lambda",38808,"-",0,1,"CG","CGA"
"36418841","phage_lambda",38811,"+",0,0,"CG","CGC"
"36418842","phage_lambda",38812,"-",0,1,"CG","CGC"
"36418843","phage_lambda",38827,"+",0,0,"CG","CGA"
"36418844","phage_lambda",38828,"-",0,1,"CG","CGC"
"36418845","phage_lambda",38857,"+",0,0,"CG","CGT"
"36418846","phage_lambda",38858,"-",0,1,"CG","CGC"
"36418847","phage_lambda",38898,"+",0,0,"CG","CGA"
"36418848","phage_lambda",38899,"-",0,1,"CG","CGG"
"36418849","phage_lambda",38913,"+",0,0,"CG","CGA"
"36418850","phage_lambda",38914,"-",0,0,"CG","CGC"
"36418851","phage_lambda",38938,"+",0,0,"CG","CGG"
"36418852","phage_lambda",38939,"-",0,0,"CG","CGT"
"36418853","phage_lambda",38964,"+",0,0,"CG","CGT"
"36418854","phage_lambda",38965,"-",0,1,"CG","CGA"
"36418855","phage_lambda",38994,"+",0,0,"CG","CGG"
"36418856","phage_lambda",38995,"-",0,1,"CG","CGC"
"36418857","phage_lambda",39045,"+",0,0,"CG","CGA"
"36418858","phage_lambda",39046,"-",0,1,"CG","CGT"
"36418859","phage_lambda",39065,"+",0,0,"CG","CGA"
"36418860","phage_lambda",39066,"-",0,1,"CG","CGT"
"36418861","phage_lambda",39161,"+",0,0,"CG","CGT"
"36418862","phage_lambda",39162,"-",0,2,"CG","CGA"
"36418863","phage_lambda",39177,"+",0,0,"CG","CGA"
"36418864","phage_lambda",39178,"-",0,2,"CG","CGC"
"36418865","phage_lambda",39201,"+",0,0,"CG","CGA"
"36418866","phage_lambda",39202,"-",0,2,"CG","CGT"
"36418867","phage_lambda",39221,"+",0,0,"CG","CGG"
"36418868","phage_lambda",39222,"-",0,2,"CG","CGG"
"36418869","phage_lambda",39240,"+",0,0,"CG","CGG"
"36418870","phage_lambda",39241,"-",0,1,"CG","CGC"
"36418871","phage_lambda",39273,"+",0,1,"CG","CGC"
"36418872","phage_lambda",39274,"-",0,0,"CG","CGG"
"36418873","phage_lambda",39276,"+",0,1,"CG","CGC"
"36418874","phage_lambda",39277,"-",0,0,"CG","CGG"
"36418875","phage_lambda",39309,"+",0,1,"CG","CGC"
"36418876","phage_lambda",39310,"-",0,0,"CG","CGA"
"36418877","phage_lambda",39329,"+",0,1,"CG","CGA"
"36418878","phage_lambda",39330,"-",0,0,"CG","CGG"
"36418879","phage_lambda",39351,"+",0,1,"CG","CGA"
"36418880","phage_lambda",39352,"-",0,0,"CG","CGT"
"36418881","phage_lambda",39358,"+",0,1,"CG","CGC"
"36418882","phage_lambda",39359,"-",0,0,"CG","CGG"
"36418883","phage_lambda",39367,"+",0,1,"CG","CGT"
"36418884","phage_lambda",39368,"-",0,0,"CG","CGC"
"36418885","phage_lambda",39373,"+",0,1,"CG","CGT"
"36418886","phage_lambda",39374,"-",0,0,"CG","CGT"
"36418887","phage_lambda",39378,"+",0,1,"CG","CGG"
"36418888","phage_lambda",39379,"-",0,0,"CG","CGT"
"36418889","phage_lambda",39382,"+",0,1,"CG","CGT"
"36418890","phage_lambda",39383,"-",0,0,"CG","CGT"
"36418891","phage_lambda",39391,"+",0,1,"CG","CGC"
"36418892","phage_lambda",39392,"-",0,0,"CG","CGG"
"36418893","phage_lambda",39393,"+",0,0,"CG","CGA"
"36418894","phage_lambda",39394,"-",0,0,"CG","CGC"
"36418895","phage_lambda",39412,"+",0,1,"CG","CGC"
"36418896","phage_lambda",39413,"-",0,0,"CG","CGG"
"36418897","phage_lambda",39441,"+",0,1,"CG","CGG"
"36418898","phage_lambda",39442,"-",0,0,"CG","CGG"
"36418899","phage_lambda",39447,"+",0,1,"CG","CGT"
"36418900","phage_lambda",39448,"-",0,0,"CG","CGT"
"36418901","phage_lambda",39458,"+",0,1,"CG","CGG"
"36418902","phage_lambda",39459,"-",0,0,"CG","CGG"
"36418903","phage_lambda",39469,"+",0,1,"CG","CGC"
"36418904","phage_lambda",39470,"-",0,0,"CG","CGG"
"36418905","phage_lambda",39471,"+",0,1,"CG","CGA"
"36418906","phage_lambda",39472,"-",0,0,"CG","CGC"
"36418907","phage_lambda",39489,"+",0,1,"CG","CGA"
"36418908","phage_lambda",39490,"-",0,1,"CG","CGA"
"36418909","phage_lambda",39499,"+",0,1,"CG","CGT"
"36418910","phage_lambda",39500,"-",0,1,"CG","CGG"
"36418911","phage_lambda",39519,"+",0,1,"CG","CGT"
"36418912","phage_lambda",39520,"-",0,1,"CG","CGC"
"36418913","phage_lambda",39543,"+",0,1,"CG","CGA"
"36418914","phage_lambda",39544,"-",0,1,"CG","CGA"
"36418915","phage_lambda",39570,"+",0,0,"CG","CGG"
"36418916","phage_lambda",39571,"-",0,1,"CG","CGT"
"36418917","phage_lambda",39593,"+",0,0,"CG","CGC"
"36418918","phage_lambda",39594,"-",0,1,"CG","CGA"
"36418919","phage_lambda",39596,"+",0,0,"CG","CGC"
"36418920","phage_lambda",39597,"-",1,1,"CG","CGG"
"36418921","phage_lambda",39618,"+",0,0,"CG","CGT"
"36418922","phage_lambda",39619,"-",0,2,"CG","CGG"
"36418923","phage_lambda",39630,"+",0,0,"CG","CGT"
"36418924","phage_lambda",39631,"-",0,1,"CG","CGC"
"36418925","phage_lambda",39633,"+",0,0,"CG","CGG"
"36418926","phage_lambda",39634,"-",0,1,"CG","CGA"
"36418927","phage_lambda",39638,"+",0,0,"CG","CGC"
"36418928","phage_lambda",39639,"-",0,1,"CG","CGA"
"36418929","phage_lambda",39652,"+",0,0,"CG","CGG"
"36418930","phage_lambda",39653,"-",0,1,"CG","CGG"
"36418931","phage_lambda",39662,"+",0,0,"CG","CGA"
"36418932","phage_lambda",39663,"-",0,1,"CG","CGT"
"36418933","phage_lambda",39665,"+",0,0,"CG","CGA"
"36418934","phage_lambda",39666,"-",0,1,"CG","CGT"
"36418935","phage_lambda",39673,"+",0,0,"CG","CGC"
"36418936","phage_lambda",39674,"-",0,1,"CG","CGG"
"36418937","phage_lambda",39691,"+",0,1,"CG","CGC"
"36418938","phage_lambda",39692,"-",0,1,"CG","CGC"
"36418939","phage_lambda",39704,"+",0,1,"CG","CGG"
"36418940","phage_lambda",39705,"-",0,1,"CG","CGT"
"36418941","phage_lambda",39736,"+",0,1,"CG","CGG"
"36418942","phage_lambda",39737,"-",0,1,"CG","CGG"
"36418943","phage_lambda",39739,"+",0,1,"CG","CGA"
"36418944","phage_lambda",39740,"-",0,1,"CG","CGC"
"36418945","phage_lambda",39753,"+",0,1,"CG","CGT"
"36418946","phage_lambda",39754,"-",0,1,"CG","CGG"
"36418947","phage_lambda",39764,"+",0,1,"CG","CGA"
"36418948","phage_lambda",39765,"-",0,1,"CG","CGT"
"36418949","phage_lambda",39773,"+",0,1,"CG","CGA"
"36418950","phage_lambda",39774,"-",0,1,"CG","CGT"
"36418951","phage_lambda",39780,"+",0,1,"CG","CGT"
"36418952","phage_lambda",39781,"-",0,1,"CG","CGG"
"36418953","phage_lambda",39783,"+",0,1,"CG","CGC"
"36418954","phage_lambda",39784,"-",0,1,"CG","CGA"
"36418955","phage_lambda",39804,"+",0,1,"CG","CGG"
"36418956","phage_lambda",39805,"-",0,2,"CG","CGA"
"36418957","phage_lambda",39812,"+",0,1,"CG","CGG"
"36418958","phage_lambda",39813,"-",0,2,"CG","CGT"
"36418959","phage_lambda",39823,"+",0,1,"CG","CGA"
"36418960","phage_lambda",39824,"-",0,2,"CG","CGT"
"36418961","phage_lambda",39839,"+",0,1,"CG","CGC"
"36418962","phage_lambda",39840,"-",0,2,"CG","CGT"
"36418963","phage_lambda",39849,"+",0,1,"CG","CGC"
"36418964","phage_lambda",39850,"-",0,2,"CG","CGC"
"36418965","phage_lambda",39851,"+",0,1,"CG","CGT"
"36418966","phage_lambda",39852,"-",0,2,"CG","CGC"
"36418967","phage_lambda",39858,"+",0,1,"CG","CGT"
"36418968","phage_lambda",39859,"-",0,2,"CG","CGG"
"36418969","phage_lambda",39861,"+",0,1,"CG","CGG"
"36418970","phage_lambda",39862,"-",0,2,"CG","CGA"
"36418971","phage_lambda",39870,"+",0,1,"CG","CGA"
"36418972","phage_lambda",39871,"-",0,2,"CG","CGA"
"36418973","phage_lambda",39890,"+",0,1,"CG","CGG"
"36418974","phage_lambda",39891,"-",0,2,"CG","CGG"
"36418975","phage_lambda",39912,"+",0,0,"CG","CGG"
"36418976","phage_lambda",39913,"-",0,2,"CG","CGG"
"36418977","phage_lambda",39926,"+",0,0,"CG","CGT"
"36418978","phage_lambda",39927,"-",0,2,"CG","CGG"
"36418979","phage_lambda",39932,"+",0,0,"CG","CGC"
"36418980","phage_lambda",39933,"-",0,2,"CG","CGG"
"36418981","phage_lambda",39935,"+",0,0,"CG","CGG"
"36418982","phage_lambda",39936,"-",0,2,"CG","CGG"
"36418983","phage_lambda",39947,"+",0,0,"CG","CGT"
"36418984","phage_lambda",39948,"-",0,2,"CG","CGT"
"36418985","phage_lambda",39953,"+",0,0,"CG","CGA"
"36418986","phage_lambda",39954,"-",0,1,"CG","CGC"
"36418987","phage_lambda",39974,"+",0,0,"CG","CGA"
"36418988","phage_lambda",39975,"-",0,1,"CG","CGT"
"36418989","phage_lambda",39984,"+",0,0,"CG","CGG"
"36418990","phage_lambda",39985,"-",0,1,"CG","CGG"
"36418991","phage_lambda",39990,"+",0,0,"CG","CGA"
"36418992","phage_lambda",39991,"-",0,1,"CG","CGC"
"36418993","phage_lambda",40003,"+",0,0,"CG","CGG"
"36418994","phage_lambda",40004,"-",0,1,"CG","CGG"
"36418995","phage_lambda",40009,"+",0,0,"CG","CGG"
"36418996","phage_lambda",40010,"-",0,0,"CG","CGC"
"36418997","phage_lambda",40021,"+",0,0,"CG","CGT"
"36418998","phage_lambda",40022,"-",0,0,"CG","CGG"
"36418999","phage_lambda",40034,"+",0,0,"CG","CGC"
"36419000","phage_lambda",40035,"-",0,0,"CG","CGT"
"36419001","phage_lambda",40036,"+",0,0,"CG","CGC"
"36419002","phage_lambda",40037,"-",0,0,"CG","CGC"
"36419003","phage_lambda",40074,"+",0,0,"CG","CGG"
"36419004","phage_lambda",40075,"-",0,0,"CG","CGC"
"36419005","phage_lambda",40084,"+",0,0,"CG","CGC"
"36419006","phage_lambda",40085,"-",0,0,"CG","CGC"
"36419007","phage_lambda",40096,"+",0,0,"CG","CGG"
"36419008","phage_lambda",40097,"-",0,1,"CG","CGC"
"36419009","phage_lambda",40104,"+",0,0,"CG","CGC"
"36419010","phage_lambda",40105,"-",0,1,"CG","CGT"
"36419011","phage_lambda",40107,"+",0,0,"CG","CGT"
"36419012","phage_lambda",40108,"-",0,1,"CG","CGG"
"36419013","phage_lambda",40115,"+",0,0,"CG","CGC"
"36419014","phage_lambda",40116,"-",0,1,"CG","CGG"
"36419015","phage_lambda",40141,"+",0,1,"CG","CGA"
"36419016","phage_lambda",40142,"-",0,1,"CG","CGC"
"36419017","phage_lambda",40152,"+",0,1,"CG","CGT"
"36419018","phage_lambda",40153,"-",0,1,"CG","CGG"
"36419019","phage_lambda",40162,"+",0,1,"CG","CGA"
"36419020","phage_lambda",40163,"-",0,1,"CG","CGC"
"36419021","phage_lambda",40199,"+",0,1,"CG","CGG"
"36419022","phage_lambda",40200,"-",0,0,"CG","CGC"
"36419023","phage_lambda",40215,"+",0,1,"CG","CGT"
"36419024","phage_lambda",40216,"-",0,0,"CG","CGA"
"36419025","phage_lambda",40231,"+",0,1,"CG","CGA"
"36419026","phage_lambda",40232,"-",0,0,"CG","CGC"
"36419027","phage_lambda",40238,"+",0,1,"CG","CGC"
"36419028","phage_lambda",40239,"-",0,0,"CG","CGA"
"36419029","phage_lambda",40259,"+",0,1,"CG","CGG"
"36419030","phage_lambda",40260,"-",0,0,"CG","CGA"
"36419031","phage_lambda",40284,"+",0,1,"CG","CGG"
"36419032","phage_lambda",40285,"-",0,1,"CG","CGT"
"36419033","phage_lambda",40317,"+",0,0,"CG","CGC"
"36419034","phage_lambda",40318,"-",0,1,"CG","CGT"
"36419035","phage_lambda",40335,"+",0,0,"CG","CGC"
"36419036","phage_lambda",40336,"-",0,1,"CG","CGC"
"36419037","phage_lambda",40338,"+",0,0,"CG","CGG"
"36419038","phage_lambda",40339,"-",0,1,"CG","CGG"
"36419039","phage_lambda",40342,"+",0,0,"CG","CGT"
"36419040","phage_lambda",40343,"-",0,1,"CG","CGT"
"36419041","phage_lambda",40348,"+",0,0,"CG","CGC"
"36419042","phage_lambda",40349,"-",0,1,"CG","CGG"
"36419043","phage_lambda",40350,"+",0,0,"CG","CGC"
"36419044","phage_lambda",40351,"-",0,1,"CG","CGC"
"36419045","phage_lambda",40360,"+",0,0,"CG","CGC"
"36419046","phage_lambda",40361,"-",0,1,"CG","CGC"
"36419047","phage_lambda",40387,"+",0,0,"CG","CGC"
"36419048","phage_lambda",40388,"-",0,1,"CG","CGG"
"36419049","phage_lambda",40389,"+",0,0,"CG","CGG"
"36419050","phage_lambda",40390,"-",0,1,"CG","CGC"
"36419051","phage_lambda",40403,"+",0,0,"CG","CGG"
"36419052","phage_lambda",40404,"-",0,1,"CG","CGT"
"36419053","phage_lambda",40423,"+",0,0,"CG","CGA"
"36419054","phage_lambda",40424,"-",0,0,"CG","CGA"
"36419055","phage_lambda",40439,"+",0,0,"CG","CGA"
"36419056","phage_lambda",40440,"-",0,0,"CG","CGC"
"36419057","phage_lambda",40443,"+",0,0,"CG","CGG"
"36419058","phage_lambda",40444,"-",0,0,"CG","CGT"
"36419059","phage_lambda",40454,"+",0,0,"CG","CGG"
"36419060","phage_lambda",40455,"-",0,0,"CG","CGG"
"36419061","phage_lambda",40475,"+",0,1,"CG","CGG"
"36419062","phage_lambda",40476,"-",0,0,"CG","CGT"
"36419063","phage_lambda",40494,"+",0,1,"CG","CGA"
"36419064","phage_lambda",40495,"-",0,0,"CG","CGT"
"36419065","phage_lambda",40517,"+",0,1,"CG","CGC"
"36419066","phage_lambda",40518,"-",0,0,"CG","CGA"
"36419067","phage_lambda",40528,"+",0,1,"CG","CGC"
"36419068","phage_lambda",40529,"-",0,0,"CG","CGG"
"36419069","phage_lambda",40530,"+",0,1,"CG","CGA"
"36419070","phage_lambda",40531,"-",0,0,"CG","CGC"
"36419071","phage_lambda",40538,"+",0,1,"CG","CGG"
"36419072","phage_lambda",40539,"-",0,0,"CG","CGT"
"36419073","phage_lambda",40548,"+",0,1,"CG","CGG"
"36419074","phage_lambda",40549,"-",0,0,"CG","CGC"
"36419075","phage_lambda",40611,"+",0,1,"CG","CGC"
"36419076","phage_lambda",40612,"-",0,0,"CG","CGA"
"36419077","phage_lambda",40668,"+",0,0,"CG","CGA"
"36419078","phage_lambda",40669,"-",0,0,"CG","CGA"
"36419079","phage_lambda",40691,"+",0,0,"CG","CGC"
"36419080","phage_lambda",40692,"-",0,0,"CG","CGT"
"36419081","phage_lambda",40700,"+",0,0,"CG","CGC"
"36419082","phage_lambda",40701,"-",0,0,"CG","CGT"
"36419083","phage_lambda",40739,"+",0,0,"CG","CGT"
"36419084","phage_lambda",40740,"-",0,0,"CG","CGA"
"36419085","phage_lambda",40758,"+",0,0,"CG","CGC"
"36419086","phage_lambda",40759,"-",0,0,"CG","CGT"
"36419087","phage_lambda",40764,"+",0,0,"CG","CGC"
"36419088","phage_lambda",40765,"-",0,0,"CG","CGG"
"36419089","phage_lambda",40808,"+",0,0,"CG","CGT"
"36419090","phage_lambda",40809,"-",0,0,"CG","CGT"
"36419091","phage_lambda",40815,"+",0,0,"CG","CGT"
"36419092","phage_lambda",40816,"-",0,0,"CG","CGA"
"36419093","phage_lambda",40836,"+",0,0,"CG","CGC"
"36419094","phage_lambda",40837,"-",0,0,"CG","CGA"
"36419095","phage_lambda",40874,"+",0,0,"CG","CGC"
"36419096","phage_lambda",40875,"-",0,0,"CG","CGG"
"36419097","phage_lambda",40913,"+",0,0,"CG","CGG"
"36419098","phage_lambda",40914,"-",0,0,"CG","CGG"
"36419099","phage_lambda",40956,"+",0,1,"CG","CGT"
"36419100","phage_lambda",40957,"-",0,0,"CG","CGC"
"36419101","phage_lambda",40964,"+",0,1,"CG","CGA"
"36419102","phage_lambda",40965,"-",0,0,"CG","CGC"
"36419103","phage_lambda",40972,"+",0,1,"CG","CGG"
"36419104","phage_lambda",40973,"-",0,0,"CG","CGC"
"36419105","phage_lambda",41000,"+",0,1,"CG","CGG"
"36419106","phage_lambda",41001,"-",0,0,"CG","CGA"
"36419107","phage_lambda",41010,"+",0,1,"CG","CGT"
"36419108","phage_lambda",41011,"-",0,0,"CG","CGC"
"36419109","phage_lambda",41015,"+",0,1,"CG","CGT"
"36419110","phage_lambda",41016,"-",0,0,"CG","CGC"
"36419111","phage_lambda",41030,"+",0,1,"CG","CGA"
"36419112","phage_lambda",41031,"-",0,0,"CG","CGT"
"36419113","phage_lambda",41035,"+",0,1,"CG","CGA"
"36419114","phage_lambda",41036,"-",0,0,"CG","CGC"
"36419115","phage_lambda",41059,"+",0,1,"CG","CGA"
"36419116","phage_lambda",41060,"-",0,0,"CG","CGC"
"36419117","phage_lambda",41092,"+",1,1,"CG","CGT"
"36419118","phage_lambda",41093,"-",0,0,"CG","CGA"
"36419119","phage_lambda",41104,"+",1,1,"CG","CGG"
"36419120","phage_lambda",41105,"-",0,0,"CG","CGG"
"36419121","phage_lambda",41115,"+",1,1,"CG","CGT"
"36419122","phage_lambda",41116,"-",0,0,"CG","CGT"
"36419123","phage_lambda",41150,"+",1,1,"CG","CGA"
"36419124","phage_lambda",41151,"-",0,0,"CG","CGC"
"36419125","phage_lambda",41153,"+",1,1,"CG","CGG"
"36419126","phage_lambda",41154,"-",0,0,"CG","CGT"
"36419127","phage_lambda",41167,"+",1,1,"CG","CGT"
"36419128","phage_lambda",41168,"-",0,0,"CG","CGT"
"36419129","phage_lambda",41176,"+",1,1,"CG","CGT"
"36419130","phage_lambda",41177,"-",0,0,"CG","CGT"
"36419131","phage_lambda",41216,"+",1,0,"CG","CGG"
"36419132","phage_lambda",41217,"-",0,0,"CG","CGA"
"36419133","phage_lambda",41253,"+",0,1,"CG","CGC"
"36419134","phage_lambda",41254,"-",0,0,"CG","CGG"
"36419135","phage_lambda",41260,"+",0,1,"CG","CGT"
"36419136","phage_lambda",41261,"-",0,0,"CG","CGG"
"36419137","phage_lambda",41283,"+",0,1,"CG","CGG"
"36419138","phage_lambda",41284,"-",0,0,"CG","CGG"
"36419139","phage_lambda",41310,"+",1,1,"CG","CGG"
"36419140","phage_lambda",41311,"-",0,0,"CG","CGT"
"36419141","phage_lambda",41337,"+",1,1,"CG","CGC"
"36419142","phage_lambda",41338,"-",0,0,"CG","CGT"
"36419143","phage_lambda",41339,"+",1,1,"CG","CGA"
"36419144","phage_lambda",41340,"-",0,0,"CG","CGC"
"36419145","phage_lambda",41365,"+",1,1,"CG","CGA"
"36419146","phage_lambda",41366,"-",0,0,"CG","CGA"
"36419147","phage_lambda",41395,"+",1,1,"CG","CGT"
"36419148","phage_lambda",41396,"-",0,0,"CG","CGT"
"36419149","phage_lambda",41398,"+",0,1,"CG","CGG"
"36419150","phage_lambda",41399,"-",0,0,"CG","CGA"
"36419151","phage_lambda",41401,"+",1,1,"CG","CGG"
"36419152","phage_lambda",41402,"-",0,0,"CG","CGC"
"36419153","phage_lambda",41404,"+",1,1,"CG","CGC"
"36419154","phage_lambda",41405,"-",0,0,"CG","CGC"
"36419155","phage_lambda",41406,"+",0,1,"CG","CGT"
"36419156","phage_lambda",41407,"-",0,0,"CG","CGC"
"36419157","phage_lambda",41431,"+",1,0,"CG","CGT"
"36419158","phage_lambda",41432,"-",0,0,"CG","CGA"
"36419159","phage_lambda",41464,"+",0,0,"CG","CGG"
"36419160","phage_lambda",41465,"-",0,0,"CG","CGA"
"36419161","phage_lambda",41468,"+",0,0,"CG","CGA"
"36419162","phage_lambda",41469,"-",0,0,"CG","CGC"
"36419163","phage_lambda",41484,"+",0,2,"CG","CGT"
"36419164","phage_lambda",41485,"-",0,0,"CG","CGT"
"36419165","phage_lambda",41511,"+",0,2,"CG","CGA"
"36419166","phage_lambda",41512,"-",0,0,"CG","CGG"
"36419167","phage_lambda",41516,"+",0,2,"CG","CGG"
"36419168","phage_lambda",41517,"-",0,0,"CG","CGC"
"36419169","phage_lambda",41584,"+",0,3,"CG","CGC"
"36419170","phage_lambda",41585,"-",0,0,"CG","CGA"
"36419171","phage_lambda",41608,"+",0,3,"CG","CGA"
"36419172","phage_lambda",41609,"-",0,0,"CG","CGA"
"36419173","phage_lambda",41622,"+",0,2,"CG","CGG"
"36419174","phage_lambda",41623,"-",0,0,"CG","CGG"
"36419175","phage_lambda",41632,"+",0,2,"CG","CGG"
"36419176","phage_lambda",41633,"-",0,0,"CG","CGA"
"36419177","phage_lambda",41664,"+",0,2,"CG","CGC"
"36419178","phage_lambda",41665,"-",0,0,"CG","CGT"
"36419179","phage_lambda",41674,"+",0,2,"CG","CGG"
"36419180","phage_lambda",41675,"-",0,0,"CG","CGA"
"36419181","phage_lambda",41708,"+",0,1,"CG","CGT"
"36419182","phage_lambda",41709,"-",0,0,"CG","CGC"
"36419183","phage_lambda",41730,"+",0,0,"CG","CGG"
"36419184","phage_lambda",41731,"-",0,0,"CG","CGT"
"36419185","phage_lambda",41744,"+",0,0,"CG","CGT"
"36419186","phage_lambda",41745,"-",0,0,"CG","CGC"
"36419187","phage_lambda",41749,"+",0,0,"CG","CGG"
"36419188","phage_lambda",41750,"-",0,0,"CG","CGT"
"36419189","phage_lambda",41756,"+",0,0,"CG","CGG"
"36419190","phage_lambda",41757,"-",0,0,"CG","CGA"
"36419191","phage_lambda",41763,"+",0,0,"CG","CGC"
"36419192","phage_lambda",41764,"-",0,0,"CG","CGT"
"36419193","phage_lambda",41783,"+",0,0,"CG","CGA"
"36419194","phage_lambda",41784,"-",0,0,"CG","CGG"
"36419195","phage_lambda",41796,"+",0,0,"CG","CGC"
"36419196","phage_lambda",41797,"-",0,0,"CG","CGA"
"36419197","phage_lambda",41803,"+",0,0,"CG","CGG"
"36419198","phage_lambda",41804,"-",0,0,"CG","CGT"
"36419199","phage_lambda",41809,"+",0,0,"CG","CGC"
"36419200","phage_lambda",41810,"-",0,0,"CG","CGA"
"36419201","phage_lambda",41811,"+",0,0,"CG","CGA"
"36419202","phage_lambda",41812,"-",0,0,"CG","CGC"
"36419203","phage_lambda",41861,"+",0,0,"CG","CGA"
"36419204","phage_lambda",41862,"-",0,0,"CG","CGT"
"36419205","phage_lambda",41875,"+",0,0,"CG","CGA"
"36419206","phage_lambda",41876,"-",0,0,"CG","CGA"
"36419207","phage_lambda",41881,"+",0,0,"CG","CGG"
"36419208","phage_lambda",41882,"-",0,0,"CG","CGG"
"36419209","phage_lambda",41902,"+",0,0,"CG","CGA"
"36419210","phage_lambda",41903,"-",0,0,"CG","CGC"
"36419211","phage_lambda",41929,"+",0,0,"CG","CGA"
"36419212","phage_lambda",41930,"-",0,0,"CG","CGA"
"36419213","phage_lambda",41935,"+",0,0,"CG","CGG"
"36419214","phage_lambda",41936,"-",0,0,"CG","CGA"
"36419215","phage_lambda",41956,"+",0,0,"CG","CGA"
"36419216","phage_lambda",41957,"-",0,0,"CG","CGC"
"36419217","phage_lambda",41965,"+",0,0,"CG","CGG"
"36419218","phage_lambda",41966,"-",0,0,"CG","CGA"
"36419219","phage_lambda",41970,"+",0,0,"CG","CGG"
"36419220","phage_lambda",41971,"-",0,0,"CG","CGC"
"36419221","phage_lambda",41992,"+",0,0,"CG","CGC"
"36419222","phage_lambda",41993,"-",0,0,"CG","CGG"
"36419223","phage_lambda",41998,"+",0,0,"CG","CGA"
"36419224","phage_lambda",41999,"-",0,0,"CG","CGG"
"36419225","phage_lambda",42022,"+",0,0,"CG","CGA"
"36419226","phage_lambda",42023,"-",0,0,"CG","CGA"
"36419227","phage_lambda",42034,"+",0,0,"CG","CGG"
"36419228","phage_lambda",42035,"-",0,0,"CG","CGG"
"36419229","phage_lambda",42071,"+",0,0,"CG","CGC"
"36419230","phage_lambda",42072,"-",0,0,"CG","CGG"
"36419231","phage_lambda",42087,"+",0,1,"CG","CGT"
"36419232","phage_lambda",42088,"-",0,0,"CG","CGT"
"36419233","phage_lambda",42094,"+",0,1,"CG","CGA"
"36419234","phage_lambda",42095,"-",0,0,"CG","CGC"
"36419235","phage_lambda",42102,"+",0,1,"CG","CGA"
"36419236","phage_lambda",42103,"-",0,0,"CG","CGC"
"36419237","phage_lambda",42105,"+",0,1,"CG","CGA"
"36419238","phage_lambda",42106,"-",0,0,"CG","CGT"
"36419239","phage_lambda",42116,"+",0,1,"CG","CGA"
"36419240","phage_lambda",42117,"-",0,0,"CG","CGG"
"36419241","phage_lambda",42128,"+",0,1,"CG","CGA"
"36419242","phage_lambda",42129,"-",0,0,"CG","CGC"
"36419243","phage_lambda",42151,"+",0,1,"CG","CGA"
"36419244","phage_lambda",42152,"-",0,0,"CG","CGT"
"36419245","phage_lambda",42156,"+",0,1,"CG","CGC"
"36419246","phage_lambda",42157,"-",0,0,"CG","CGT"
"36419247","phage_lambda",42197,"+",0,1,"CG","CGT"
"36419248","phage_lambda",42198,"-",0,0,"CG","CGT"
"36419249","phage_lambda",42217,"+",0,0,"CG","CGG"
"36419250","phage_lambda",42218,"-",0,0,"CG","CGT"
"36419251","phage_lambda",42237,"+",0,0,"CG","CGG"
"36419252","phage_lambda",42238,"-",0,0,"CG","CGG"
"36419253","phage_lambda",42249,"+",0,0,"CG","CGT"
"36419254","phage_lambda",42250,"-",0,0,"CG","CGT"
"36419255","phage_lambda",42252,"+",0,0,"CG","CGT"
"36419256","phage_lambda",42253,"-",0,0,"CG","CGA"
"36419257","phage_lambda",42256,"+",0,0,"CG","CGA"
"36419258","phage_lambda",42257,"-",0,0,"CG","CGC"
"36419259","phage_lambda",42284,"+",0,0,"CG","CGA"
"36419260","phage_lambda",42285,"-",0,0,"CG","CGA"
"36419261","phage_lambda",42292,"+",0,0,"CG","CGA"
"36419262","phage_lambda",42293,"-",0,0,"CG","CGT"
"36419263","phage_lambda",42304,"+",0,0,"CG","CGT"
"36419264","phage_lambda",42305,"-",0,0,"CG","CGC"
"36419265","phage_lambda",42307,"+",0,0,"CG","CGA"
"36419266","phage_lambda",42308,"-",0,0,"CG","CGA"
"36419267","phage_lambda",42311,"+",0,0,"CG","CGA"
"36419268","phage_lambda",42312,"-",0,0,"CG","CGC"
"36419269","phage_lambda",42321,"+",0,0,"CG","CGT"
"36419270","phage_lambda",42322,"-",0,0,"CG","CGT"
"36419271","phage_lambda",42325,"+",0,0,"CG","CGC"
"36419272","phage_lambda",42326,"-",0,0,"CG","CGC"
"36419273","phage_lambda",42334,"+",0,0,"CG","CGG"
"36419274","phage_lambda",42335,"-",0,0,"CG","CGC"
"36419275","phage_lambda",42364,"+",0,0,"CG","CGT"
"36419276","phage_lambda",42365,"-",0,0,"CG","CGT"
"36419277","phage_lambda",42382,"+",0,0,"CG","CGC"
"36419278","phage_lambda",42383,"-",0,0,"CG","CGC"
"36419279","phage_lambda",42397,"+",0,0,"CG","CGA"
"36419280","phage_lambda",42398,"-",0,0,"CG","CGC"
"36419281","phage_lambda",42402,"+",0,0,"CG","CGA"
"36419282","phage_lambda",42403,"-",0,0,"CG","CGG"
"36419283","phage_lambda",42411,"+",0,0,"CG","CGA"
"36419284","phage_lambda",42412,"-",0,0,"CG","CGA"
"36419285","phage_lambda",42418,"+",0,0,"CG","CGA"
"36419286","phage_lambda",42419,"-",0,0,"CG","CGT"
"36419287","phage_lambda",42445,"+",0,0,"CG","CGC"
"36419288","phage_lambda",42446,"-",0,0,"CG","CGC"
"36419289","phage_lambda",42447,"+",0,0,"CG","CGA"
"36419290","phage_lambda",42448,"-",0,0,"CG","CGC"
"36419291","phage_lambda",42453,"+",0,0,"CG","CGA"
"36419292","phage_lambda",42454,"-",0,0,"CG","CGT"
"36419293","phage_lambda",42464,"+",0,0,"CG","CGA"
"36419294","phage_lambda",42465,"-",0,0,"CG","CGT"
"36419295","phage_lambda",42474,"+",0,0,"CG","CGG"
"36419296","phage_lambda",42475,"-",0,0,"CG","CGG"
"36419297","phage_lambda",42497,"+",0,0,"CG","CGC"
"36419298","phage_lambda",42498,"-",0,0,"CG","CGA"
"36419299","phage_lambda",42545,"+",0,0,"CG","CGA"
"36419300","phage_lambda",42546,"-",0,0,"CG","CGA"
"36419301","phage_lambda",42549,"+",0,0,"CG","CGA"
"36419302","phage_lambda",42550,"-",0,0,"CG","CGT"
"36419303","phage_lambda",42552,"+",0,0,"CG","CGA"
"36419304","phage_lambda",42553,"-",0,0,"CG","CGT"
"36419305","phage_lambda",42564,"+",0,0,"CG","CGC"
"36419306","phage_lambda",42565,"-",0,0,"CG","CGT"
"36419307","phage_lambda",42566,"+",0,0,"CG","CGA"
"36419308","phage_lambda",42567,"-",0,0,"CG","CGC"
"36419309","phage_lambda",42574,"+",0,0,"CG","CGG"
"36419310","phage_lambda",42575,"-",0,0,"CG","CGC"
"36419311","phage_lambda",42597,"+",0,0,"CG","CGA"
"36419312","phage_lambda",42598,"-",0,0,"CG","CGT"
"36419313","phage_lambda",42600,"+",0,0,"CG","CGA"
"36419314","phage_lambda",42601,"-",0,0,"CG","CGT"
"36419315","phage_lambda",42603,"+",0,0,"CG","CGA"
"36419316","phage_lambda",42604,"-",0,0,"CG","CGT"
"36419317","phage_lambda",42639,"+",0,0,"CG","CGA"
"36419318","phage_lambda",42640,"-",0,0,"CG","CGA"
"36419319","phage_lambda",42647,"+",0,0,"CG","CGC"
"36419320","phage_lambda",42648,"-",0,0,"CG","CGA"
"36419321","phage_lambda",42660,"+",0,0,"CG","CGC"
"36419322","phage_lambda",42661,"-",0,0,"CG","CGG"
"36419323","phage_lambda",42692,"+",0,0,"CG","CGT"
"36419324","phage_lambda",42693,"-",0,0,"CG","CGG"
"36419325","phage_lambda",42698,"+",0,0,"CG","CGC"
"36419326","phage_lambda",42699,"-",0,0,"CG","CGT"
"36419327","phage_lambda",42720,"+",0,0,"CG","CGC"
"36419328","phage_lambda",42721,"-",0,0,"CG","CGG"
"36419329","phage_lambda",42722,"+",0,0,"CG","CGA"
"36419330","phage_lambda",42723,"-",0,0,"CG","CGC"
"36419331","phage_lambda",42739,"+",0,0,"CG","CGT"
"36419332","phage_lambda",42740,"-",0,0,"CG","CGA"
"36419333","phage_lambda",42743,"+",0,0,"CG","CGG"
"36419334","phage_lambda",42744,"-",0,0,"CG","CGC"
"36419335","phage_lambda",42748,"+",0,0,"CG","CGC"
"36419336","phage_lambda",42749,"-",0,0,"CG","CGT"
"36419337","phage_lambda",42754,"+",0,0,"CG","CGT"
"36419338","phage_lambda",42755,"-",0,0,"CG","CGT"
"36419339","phage_lambda",42773,"+",0,0,"CG","CGG"
"36419340","phage_lambda",42774,"-",0,1,"CG","CGG"
"36419341","phage_lambda",42783,"+",0,0,"CG","CGG"
"36419342","phage_lambda",42784,"-",0,1,"CG","CGG"
"36419343","phage_lambda",42796,"+",0,0,"CG","CGG"
"36419344","phage_lambda",42797,"-",0,1,"CG","CGC"
"36419345","phage_lambda",42810,"+",0,0,"CG","CGA"
"36419346","phage_lambda",42811,"-",0,1,"CG","CGG"
"36419347","phage_lambda",42822,"+",0,0,"CG","CGC"
"36419348","phage_lambda",42823,"-",0,1,"CG","CGT"
"36419349","phage_lambda",42842,"+",0,0,"CG","CGT"
"36419350","phage_lambda",42843,"-",0,1,"CG","CGC"
"36419351","phage_lambda",42866,"+",0,0,"CG","CGG"
"36419352","phage_lambda",42867,"-",0,1,"CG","CGC"
"36419353","phage_lambda",42875,"+",0,0,"CG","CGT"
"36419354","phage_lambda",42876,"-",0,1,"CG","CGA"
"36419355","phage_lambda",42880,"+",0,0,"CG","CGT"
"36419356","phage_lambda",42881,"-",0,1,"CG","CGG"
"36419357","phage_lambda",42885,"+",0,0,"CG","CGC"
"36419358","phage_lambda",42886,"-",0,1,"CG","CGA"
"36419359","phage_lambda",42887,"+",0,0,"CG","CGT"
"36419360","phage_lambda",42888,"-",0,1,"CG","CGC"
"36419361","phage_lambda",42890,"+",0,0,"CG","CGA"
"36419362","phage_lambda",42891,"-",0,1,"CG","CGA"
"36419363","phage_lambda",42903,"+",0,0,"CG","CGC"
"36419364","phage_lambda",42904,"-",0,1,"CG","CGG"
"36419365","phage_lambda",42908,"+",0,0,"CG","CGG"
"36419366","phage_lambda",42909,"-",0,1,"CG","CGA"
"36419367","phage_lambda",42926,"+",0,0,"CG","CGA"
"36419368","phage_lambda",42927,"-",0,1,"CG","CGT"
"36419369","phage_lambda",42932,"+",0,0,"CG","CGA"
"36419370","phage_lambda",42933,"-",0,1,"CG","CGA"
"36419371","phage_lambda",42948,"+",0,0,"CG","CGC"
"36419372","phage_lambda",42949,"-",0,0,"CG","CGG"
"36419373","phage_lambda",42954,"+",0,0,"CG","CGC"
"36419374","phage_lambda",42955,"-",0,0,"CG","CGA"
"36419375","phage_lambda",42965,"+",0,0,"CG","CGA"
"36419376","phage_lambda",42966,"-",0,0,"CG","CGA"
"36419377","phage_lambda",42979,"+",0,0,"CG","CGA"
"36419378","phage_lambda",42980,"-",0,0,"CG","CGC"
"36419379","phage_lambda",43017,"+",0,0,"CG","CGA"
"36419380","phage_lambda",43018,"-",0,0,"CG","CGC"
"36419381","phage_lambda",43037,"+",0,0,"CG","CGC"
"36419382","phage_lambda",43038,"-",0,0,"CG","CGG"
"36419383","phage_lambda",43044,"+",0,0,"CG","CGT"
"36419384","phage_lambda",43045,"-",0,0,"CG","CGT"
"36419385","phage_lambda",43075,"+",0,0,"CG","CGT"
"36419386","phage_lambda",43076,"-",0,0,"CG","CGA"
"36419387","phage_lambda",43087,"+",0,0,"CG","CGG"
"36419388","phage_lambda",43088,"-",0,0,"CG","CGT"
"36419389","phage_lambda",43109,"+",0,1,"CG","CGC"
"36419390","phage_lambda",43110,"-",0,0,"CG","CGT"
"36419391","phage_lambda",43127,"+",0,1,"CG","CGC"
"36419392","phage_lambda",43128,"-",0,0,"CG","CGA"
"36419393","phage_lambda",43129,"+",0,1,"CG","CGG"
"36419394","phage_lambda",43130,"-",0,0,"CG","CGC"
"36419395","phage_lambda",43134,"+",0,1,"CG","CGG"
"36419396","phage_lambda",43135,"-",0,0,"CG","CGT"
"36419397","phage_lambda",43147,"+",0,1,"CG","CGT"
"36419398","phage_lambda",43148,"-",0,0,"CG","CGT"
"36419399","phage_lambda",43162,"+",0,1,"CG","CGG"
"36419400","phage_lambda",43163,"-",0,0,"CG","CGT"
"36419401","phage_lambda",43174,"+",0,1,"CG","CGC"
"36419402","phage_lambda",43175,"-",0,0,"CG","CGT"
"36419403","phage_lambda",43180,"+",0,1,"CG","CGT"
"36419404","phage_lambda",43181,"-",0,1,"CG","CGA"
"36419405","phage_lambda",43186,"+",0,1,"CG","CGA"
"36419406","phage_lambda",43187,"-",0,1,"CG","CGT"
"36419407","phage_lambda",43189,"+",0,1,"CG","CGT"
"36419408","phage_lambda",43190,"-",0,1,"CG","CGT"
"36419409","phage_lambda",43205,"+",0,1,"CG","CGC"
"36419410","phage_lambda",43206,"-",0,1,"CG","CGA"
"36419411","phage_lambda",43207,"+",0,1,"CG","CGG"
"36419412","phage_lambda",43208,"-",0,1,"CG","CGC"
"36419413","phage_lambda",43227,"+",0,1,"CG","CGC"
"36419414","phage_lambda",43228,"-",0,1,"CG","CGC"
"36419415","phage_lambda",43235,"+",1,0,"CG","CGA"
"36419416","phage_lambda",43236,"-",0,1,"CG","CGT"
"36419417","phage_lambda",43260,"+",0,0,"CG","CGA"
"36419418","phage_lambda",43261,"-",0,1,"CG","CGG"
"36419419","phage_lambda",43280,"+",0,0,"CG","CGA"
"36419420","phage_lambda",43281,"-",0,1,"CG","CGC"
"36419421","phage_lambda",43289,"+",0,0,"CG","CGG"
"36419422","phage_lambda",43290,"-",0,1,"CG","CGT"
"36419423","phage_lambda",43300,"+",0,0,"CG","CGA"
"36419424","phage_lambda",43301,"-",0,1,"CG","CGT"
"36419425","phage_lambda",43324,"+",0,1,"CG","CGA"
"36419426","phage_lambda",43325,"-",0,1,"CG","CGT"
"36419427","phage_lambda",43334,"+",0,1,"CG","CGA"
"36419428","phage_lambda",43335,"-",0,1,"CG","CGA"
"36419429","phage_lambda",43360,"+",0,1,"CG","CGG"
"36419430","phage_lambda",43361,"-",0,0,"CG","CGA"
"36419431","phage_lambda",43367,"+",0,1,"CG","CGA"
"36419432","phage_lambda",43368,"-",0,0,"CG","CGC"
"36419433","phage_lambda",43380,"+",0,1,"CG","CGT"
"36419434","phage_lambda",43381,"-",0,0,"CG","CGA"
"36419435","phage_lambda",43394,"+",0,1,"CG","CGT"
"36419436","phage_lambda",43395,"-",0,0,"CG","CGT"
"36419437","phage_lambda",43440,"+",0,1,"CG","CGT"
"36419438","phage_lambda",43441,"-",0,0,"CG","CGT"
"36419439","phage_lambda",43482,"+",0,0,"CG","CGT"
"36419440","phage_lambda",43483,"-",0,0,"CG","CGC"
"36419441","phage_lambda",43490,"+",0,0,"CG","CGT"
"36419442","phage_lambda",43491,"-",0,0,"CG","CGT"
"36419443","phage_lambda",43514,"+",0,0,"CG","CGG"
"36419444","phage_lambda",43515,"-",0,0,"CG","CGC"
"36419445","phage_lambda",43535,"+",0,0,"CG","CGA"
"36419446","phage_lambda",43536,"-",0,0,"CG","CGA"
"36419447","phage_lambda",43541,"+",0,0,"CG","CGA"
"36419448","phage_lambda",43542,"-",0,0,"CG","CGT"
"36419449","phage_lambda",43591,"+",0,0,"CG","CGT"
"36419450","phage_lambda",43592,"-",0,0,"CG","CGG"
"36419451","phage_lambda",43601,"+",0,0,"CG","CGA"
"36419452","phage_lambda",43602,"-",0,0,"CG","CGA"
"36419453","phage_lambda",43640,"+",0,0,"CG","CGC"
"36419454","phage_lambda",43641,"-",0,0,"CG","CGT"
"36419455","phage_lambda",43643,"+",0,0,"CG","CGA"
"36419456","phage_lambda",43644,"-",0,0,"CG","CGG"
"36419457","phage_lambda",43658,"+",0,0,"CG","CGA"
"36419458","phage_lambda",43659,"-",0,0,"CG","CGT"
"36419459","phage_lambda",43664,"+",0,0,"CG","CGA"
"36419460","phage_lambda",43665,"-",0,0,"CG","CGT"
"36419461","phage_lambda",43707,"+",0,0,"CG","CGC"
"36419462","phage_lambda",43708,"-",0,0,"CG","CGG"
"36419463","phage_lambda",43709,"+",0,0,"CG","CGA"
"36419464","phage_lambda",43710,"-",0,0,"CG","CGC"
"36419465","phage_lambda",43713,"+",0,0,"CG","CGA"
"36419466","phage_lambda",43714,"-",0,0,"CG","CGT"
"36419467","phage_lambda",43733,"+",0,0,"CG","CGG"
"36419468","phage_lambda",43734,"-",0,0,"CG","CGT"
"36419469","phage_lambda",43739,"+",0,0,"CG","CGT"
"36419470","phage_lambda",43740,"-",0,0,"CG","CGA"
"36419471","phage_lambda",43757,"+",0,0,"CG","CGC"
"36419472","phage_lambda",43758,"-",0,0,"CG","CGC"
"36419473","phage_lambda",43759,"+",0,0,"CG","CGG"
"36419474","phage_lambda",43760,"-",0,0,"CG","CGC"
"36419475","phage_lambda",43765,"+",0,0,"CG","CGT"
"36419476","phage_lambda",43766,"-",0,0,"CG","CGT"
"36419477","phage_lambda",43783,"+",0,0,"CG","CGC"
"36419478","phage_lambda",43784,"-",0,0,"CG","CGT"
"36419479","phage_lambda",43826,"+",0,0,"CG","CGA"
"36419480","phage_lambda",43827,"-",0,0,"CG","CGA"
"36419481","phage_lambda",43832,"+",0,1,"CG","CGG"
"36419482","phage_lambda",43833,"-",0,1,"CG","CGG"
"36419483","phage_lambda",43835,"+",0,1,"CG","CGC"
"36419484","phage_lambda",43836,"-",0,1,"CG","CGC"
"36419485","phage_lambda",43847,"+",0,1,"CG","CGG"
"36419486","phage_lambda",43848,"-",0,1,"CG","CGC"
"36419487","phage_lambda",43883,"+",0,1,"CG","CGC"
"36419488","phage_lambda",43884,"-",0,1,"CG","CGC"
"36419489","phage_lambda",43894,"+",0,1,"CG","CGA"
"36419490","phage_lambda",43895,"-",0,1,"CG","CGA"
"36419491","phage_lambda",43900,"+",0,1,"CG","CGT"
"36419492","phage_lambda",43901,"-",0,1,"CG","CGC"
"36419493","phage_lambda",43917,"+",0,1,"CG","CGC"
"36419494","phage_lambda",43918,"-",0,1,"CG","CGA"
"36419495","phage_lambda",43929,"+",0,1,"CG","CGA"
"36419496","phage_lambda",43930,"-",0,1,"CG","CGG"
"36419497","phage_lambda",43939,"+",0,1,"CG","CGA"
"36419498","phage_lambda",43940,"-",0,1,"CG","CGC"
"36419499","phage_lambda",43949,"+",0,1,"CG","CGG"
"36419500","phage_lambda",43950,"-",0,1,"CG","CGT"
"36419501","phage_lambda",43956,"+",0,1,"CG","CGG"
"36419502","phage_lambda",43957,"-",0,1,"CG","CGT"
"36419503","phage_lambda",43975,"+",0,1,"CG","CGG"
"36419504","phage_lambda",43976,"-",0,1,"CG","CGG"
"36419505","phage_lambda",44007,"+",0,0,"CG","CGC"
"36419506","phage_lambda",44008,"-",0,1,"CG","CGC"
"36419507","phage_lambda",44020,"+",0,0,"CG","CGG"
"36419508","phage_lambda",44021,"-",0,1,"CG","CGG"
"36419509","phage_lambda",44026,"+",0,0,"CG","CGG"
"36419510","phage_lambda",44027,"-",0,1,"CG","CGA"
"36419511","phage_lambda",44044,"+",0,1,"CG","CGG"
"36419512","phage_lambda",44045,"-",0,1,"CG","CGC"
"36419513","phage_lambda",44053,"+",0,1,"CG","CGA"
"36419514","phage_lambda",44054,"-",0,1,"CG","CGT"
"36419515","phage_lambda",44068,"+",0,1,"CG","CGA"
"36419516","phage_lambda",44069,"-",0,0,"CG","CGT"
"36419517","phage_lambda",44118,"+",0,1,"CG","CGG"
"36419518","phage_lambda",44119,"-",0,0,"CG","CGA"
"36419519","phage_lambda",44129,"+",0,1,"CG","CGT"
"36419520","phage_lambda",44130,"-",0,0,"CG","CGG"
"36419521","phage_lambda",44182,"+",0,1,"CG","CGC"
"36419522","phage_lambda",44183,"-",0,0,"CG","CGA"
"36419523","phage_lambda",44191,"+",0,1,"CG","CGC"
"36419524","phage_lambda",44192,"-",0,0,"CG","CGA"
"36419525","phage_lambda",44199,"+",0,1,"CG","CGG"
"36419526","phage_lambda",44200,"-",0,0,"CG","CGC"
"36419527","phage_lambda",44210,"+",0,1,"CG","CGT"
"36419528","phage_lambda",44211,"-",0,0,"CG","CGG"
"36419529","phage_lambda",44218,"+",0,1,"CG","CGC"
"36419530","phage_lambda",44219,"-",0,0,"CG","CGG"
"36419531","phage_lambda",44220,"+",0,1,"CG","CGA"
"36419532","phage_lambda",44221,"-",0,0,"CG","CGC"
"36419533","phage_lambda",44223,"+",0,1,"CG","CGC"
"36419534","phage_lambda",44224,"-",0,0,"CG","CGT"
"36419535","phage_lambda",44226,"+",0,1,"CG","CGG"
"36419536","phage_lambda",44227,"-",0,0,"CG","CGG"
"36419537","phage_lambda",44261,"+",0,1,"CG","CGT"
"36419538","phage_lambda",44262,"-",0,0,"CG","CGG"
"36419539","phage_lambda",44265,"+",0,1,"CG","CGG"
"36419540","phage_lambda",44266,"-",0,0,"CG","CGC"
"36419541","phage_lambda",44305,"+",0,1,"CG","CGA"
"36419542","phage_lambda",44306,"-",0,0,"CG","CGA"
"36419543","phage_lambda",44317,"+",0,1,"CG","CGG"
"36419544","phage_lambda",44318,"-",0,0,"CG","CGC"
"36419545","phage_lambda",44332,"+",0,1,"CG","CGT"
"36419546","phage_lambda",44333,"-",0,0,"CG","CGC"
"36419547","phage_lambda",44335,"+",0,1,"CG","CGG"
"36419548","phage_lambda",44336,"-",0,0,"CG","CGA"
"36419549","phage_lambda",44359,"+",0,1,"CG","CGC"
"36419550","phage_lambda",44360,"-",0,0,"CG","CGC"
"36419551","phage_lambda",44369,"+",0,1,"CG","CGC"
"36419552","phage_lambda",44370,"-",0,0,"CG","CGA"
"36419553","phage_lambda",44371,"+",0,1,"CG","CGC"
"36419554","phage_lambda",44372,"-",0,0,"CG","CGC"
"36419555","phage_lambda",44379,"+",1,0,"CG","CGA"
"36419556","phage_lambda",44380,"-",0,0,"CG","CGT"
"36419557","phage_lambda",44417,"+",0,0,"CG","CGC"
"36419558","phage_lambda",44418,"-",0,0,"CG","CGT"
"36419559","phage_lambda",44430,"+",0,0,"CG","CGC"
"36419560","phage_lambda",44431,"-",0,0,"CG","CGG"
"36419561","phage_lambda",44440,"+",0,0,"CG","CGC"
"36419562","phage_lambda",44441,"-",0,0,"CG","CGT"
"36419563","phage_lambda",44476,"+",0,0,"CG","CGC"
"36419564","phage_lambda",44477,"-",0,0,"CG","CGA"
"36419565","phage_lambda",44496,"+",0,0,"CG","CGG"
"36419566","phage_lambda",44497,"-",0,0,"CG","CGC"
"36419567","phage_lambda",44504,"+",0,0,"CG","CGT"
"36419568","phage_lambda",44505,"-",0,0,"CG","CGT"
"36419569","phage_lambda",44524,"+",0,1,"CG","CGG"
"36419570","phage_lambda",44525,"-",0,0,"CG","CGT"
"36419571","phage_lambda",44542,"+",0,1,"CG","CGG"
"36419572","phage_lambda",44543,"-",0,0,"CG","CGT"
"36419573","phage_lambda",44589,"+",0,1,"CG","CGA"
"36419574","phage_lambda",44590,"-",0,1,"CG","CGT"
"36419575","phage_lambda",44602,"+",0,1,"CG","CGC"
"36419576","phage_lambda",44603,"-",0,1,"CG","CGA"
"36419577","phage_lambda",44606,"+",0,1,"CG","CGT"
"36419578","phage_lambda",44607,"-",0,1,"CG","CGA"
"36419579","phage_lambda",44632,"+",0,1,"CG","CGG"
"36419580","phage_lambda",44633,"-",0,1,"CG","CGC"
"36419581","phage_lambda",44635,"+",0,0,"CG","CGC"
"36419582","phage_lambda",44636,"-",0,1,"CG","CGC"
"36419583","phage_lambda",44645,"+",0,0,"CG","CGA"
"36419584","phage_lambda",44646,"-",0,0,"CG","CGG"
"36419585","phage_lambda",44651,"+",0,0,"CG","CGC"
"36419586","phage_lambda",44652,"-",0,0,"CG","CGG"
"36419587","phage_lambda",44668,"+",0,0,"CG","CGA"
"36419588","phage_lambda",44669,"-",0,0,"CG","CGA"
"36419589","phage_lambda",44671,"+",0,0,"CG","CGT"
"36419590","phage_lambda",44672,"-",0,0,"CG","CGT"
"36419591","phage_lambda",44676,"+",0,0,"CG","CGT"
"36419592","phage_lambda",44677,"-",0,0,"CG","CGA"
"36419593","phage_lambda",44695,"+",0,0,"CG","CGC"
"36419594","phage_lambda",44696,"-",0,0,"CG","CGA"
"36419595","phage_lambda",44726,"+",0,0,"CG","CGA"
"36419596","phage_lambda",44727,"-",0,0,"CG","CGG"
"36419597","phage_lambda",44736,"+",0,0,"CG","CGC"
"36419598","phage_lambda",44737,"-",0,0,"CG","CGA"
"36419599","phage_lambda",44763,"+",0,0,"CG","CGG"
"36419600","phage_lambda",44764,"-",0,0,"CG","CGT"
"36419601","phage_lambda",44769,"+",0,0,"CG","CGG"
"36419602","phage_lambda",44770,"-",0,0,"CG","CGA"
"36419603","phage_lambda",44810,"+",0,0,"CG","CGA"
"36419604","phage_lambda",44811,"-",0,0,"CG","CGA"
"36419605","phage_lambda",44817,"+",0,0,"CG","CGT"
"36419606","phage_lambda",44818,"-",0,0,"CG","CGA"
"36419607","phage_lambda",44827,"+",0,0,"CG","CGG"
"36419608","phage_lambda",44828,"-",0,0,"CG","CGA"
"36419609","phage_lambda",44830,"+",0,0,"CG","CGA"
"36419610","phage_lambda",44831,"-",0,0,"CG","CGC"
"36419611","phage_lambda",44856,"+",0,0,"CG","CGT"
"36419612","phage_lambda",44857,"-",0,0,"CG","CGG"
"36419613","phage_lambda",44873,"+",0,0,"CG","CGA"
"36419614","phage_lambda",44874,"-",0,0,"CG","CGC"
"36419615","phage_lambda",44880,"+",0,0,"CG","CGG"
"36419616","phage_lambda",44881,"-",0,0,"CG","CGG"
"36419617","phage_lambda",44892,"+",0,0,"CG","CGG"
"36419618","phage_lambda",44893,"-",0,0,"CG","CGG"
"36419619","phage_lambda",44906,"+",0,0,"CG","CGT"
"36419620","phage_lambda",44907,"-",0,0,"CG","CGC"
"36419621","phage_lambda",44914,"+",0,0,"CG","CGT"
"36419622","phage_lambda",44915,"-",0,0,"CG","CGC"
"36419623","phage_lambda",44920,"+",0,0,"CG","CGC"
"36419624","phage_lambda",44921,"-",0,0,"CG","CGA"
"36419625","phage_lambda",44923,"+",0,0,"CG","CGC"
"36419626","phage_lambda",44924,"-",0,0,"CG","CGG"
"36419627","phage_lambda",44953,"+",0,0,"CG","CGT"
"36419628","phage_lambda",44954,"-",0,0,"CG","CGG"
"36419629","phage_lambda",44992,"+",0,0,"CG","CGC"
"36419630","phage_lambda",44993,"-",0,0,"CG","CGT"
"36419631","phage_lambda",44997,"+",0,0,"CG","CGG"
"36419632","phage_lambda",44998,"-",0,0,"CG","CGC"
"36419633","phage_lambda",45018,"+",0,0,"CG","CGT"
"36419634","phage_lambda",45019,"-",0,0,"CG","CGA"
"36419635","phage_lambda",45026,"+",0,0,"CG","CGG"
"36419636","phage_lambda",45027,"-",0,0,"CG","CGC"
"36419637","phage_lambda",45041,"+",0,0,"CG","CGC"
"36419638","phage_lambda",45042,"-",0,0,"CG","CGA"
"36419639","phage_lambda",45043,"+",0,0,"CG","CGC"
"36419640","phage_lambda",45044,"-",0,0,"CG","CGC"
"36419641","phage_lambda",45060,"+",0,1,"CG","CGT"
"36419642","phage_lambda",45061,"-",0,0,"CG","CGG"
"36419643","phage_lambda",45069,"+",0,1,"CG","CGT"
"36419644","phage_lambda",45070,"-",0,0,"CG","CGG"
"36419645","phage_lambda",45078,"+",0,1,"CG","CGG"
"36419646","phage_lambda",45079,"-",0,0,"CG","CGA"
"36419647","phage_lambda",45084,"+",0,1,"CG","CGA"
"36419648","phage_lambda",45085,"-",0,0,"CG","CGT"
"36419649","phage_lambda",45136,"+",0,1,"CG","CGA"
"36419650","phage_lambda",45137,"-",0,1,"CG","CGA"
"36419651","phage_lambda",45218,"+",0,0,"CG","CGC"
"36419652","phage_lambda",45219,"-",1,0,"CG","CGG"
"36419653","phage_lambda",45227,"+",0,0,"CG","CGC"
"36419654","phage_lambda",45228,"-",0,1,"CG","CGA"
"36419655","phage_lambda",45229,"+",0,0,"CG","CGG"
"36419656","phage_lambda",45230,"-",1,0,"CG","CGC"
"36419657","phage_lambda",45248,"+",0,0,"CG","CGG"
"36419658","phage_lambda",45249,"-",0,0,"CG","CGA"
"36419659","phage_lambda",45262,"+",0,0,"CG","CGT"
"36419660","phage_lambda",45263,"-",0,0,"CG","CGC"
"36419661","phage_lambda",45274,"+",0,0,"CG","CGT"
"36419662","phage_lambda",45275,"-",0,0,"CG","CGC"
"36419663","phage_lambda",45282,"+",0,0,"CG","CGC"
"36419664","phage_lambda",45283,"-",0,0,"CG","CGA"
"36419665","phage_lambda",45284,"+",0,0,"CG","CGG"
"36419666","phage_lambda",45285,"-",0,0,"CG","CGC"
"36419667","phage_lambda",45299,"+",0,0,"CG","CGG"
"36419668","phage_lambda",45300,"-",0,0,"CG","CGC"
"36419669","phage_lambda",45304,"+",0,0,"CG","CGT"
"36419670","phage_lambda",45305,"-",0,0,"CG","CGC"
"36419671","phage_lambda",45323,"+",0,0,"CG","CGA"
"36419672","phage_lambda",45324,"-",0,0,"CG","CGA"
"36419673","phage_lambda",45326,"+",0,0,"CG","CGC"
"36419674","phage_lambda",45327,"-",0,0,"CG","CGT"
"36419675","phage_lambda",45331,"+",0,0,"CG","CGA"
"36419676","phage_lambda",45332,"-",0,0,"CG","CGT"
"36419677","phage_lambda",45338,"+",0,0,"CG","CGC"
"36419678","phage_lambda",45339,"-",0,0,"CG","CGC"
"36419679","phage_lambda",45347,"+",0,0,"CG","CGC"
"36419680","phage_lambda",45348,"-",0,0,"CG","CGA"
"36419681","phage_lambda",45360,"+",0,0,"CG","CGT"
"36419682","phage_lambda",45361,"-",0,0,"CG","CGA"
"36419683","phage_lambda",45371,"+",0,0,"CG","CGA"
"36419684","phage_lambda",45372,"-",0,1,"CG","CGA"
"36419685","phage_lambda",45377,"+",0,0,"CG","CGC"
"36419686","phage_lambda",45378,"-",0,1,"CG","CGA"
"36419687","phage_lambda",45380,"+",0,0,"CG","CGG"
"36419688","phage_lambda",45381,"-",0,1,"CG","CGG"
"36419689","phage_lambda",45398,"+",0,0,"CG","CGC"
"36419690","phage_lambda",45399,"-",0,1,"CG","CGA"
"36419691","phage_lambda",45409,"+",0,0,"CG","CGA"
"36419692","phage_lambda",45410,"-",0,1,"CG","CGT"
"36419693","phage_lambda",45413,"+",0,0,"CG","CGT"
"36419694","phage_lambda",45414,"-",0,1,"CG","CGC"
"36419695","phage_lambda",45422,"+",0,0,"CG","CGG"
"36419696","phage_lambda",45423,"-",0,1,"CG","CGA"
"36419697","phage_lambda",45431,"+",0,0,"CG","CGG"
"36419698","phage_lambda",45432,"-",0,1,"CG","CGA"
"36419699","phage_lambda",45442,"+",0,0,"CG","CGA"
"36419700","phage_lambda",45443,"-",0,1,"CG","CGA"
"36419701","phage_lambda",45451,"+",0,0,"CG","CGC"
"36419702","phage_lambda",45452,"-",0,1,"CG","CGA"
"36419703","phage_lambda",45462,"+",0,0,"CG","CGC"
"36419704","phage_lambda",45463,"-",0,0,"CG","CGT"
"36419705","phage_lambda",45467,"+",0,0,"CG","CGC"
"36419706","phage_lambda",45468,"-",0,0,"CG","CGA"
"36419707","phage_lambda",45482,"+",0,0,"CG","CGG"
"36419708","phage_lambda",45483,"-",0,0,"CG","CGG"
"36419709","phage_lambda",45514,"+",0,0,"CG","CGT"
"36419710","phage_lambda",45515,"-",0,0,"CG","CGT"
"36419711","phage_lambda",45521,"+",0,0,"CG","CGT"
"36419712","phage_lambda",45522,"-",0,0,"CG","CGC"
"36419713","phage_lambda",45528,"+",0,0,"CG","CGA"
"36419714","phage_lambda",45529,"-",0,0,"CG","CGA"
"36419715","phage_lambda",45539,"+",0,0,"CG","CGT"
"36419716","phage_lambda",45540,"-",0,0,"CG","CGC"
"36419717","phage_lambda",45545,"+",0,0,"CG","CGG"
"36419718","phage_lambda",45546,"-",0,0,"CG","CGA"
"36419719","phage_lambda",45561,"+",0,0,"CG","CGG"
"36419720","phage_lambda",45562,"-",0,0,"CG","CGT"
"36419721","phage_lambda",45565,"+",0,0,"CG","CGT"
"36419722","phage_lambda",45566,"-",0,0,"CG","CGT"
"36419723","phage_lambda",45594,"+",0,0,"CG","CGT"
"36419724","phage_lambda",45595,"-",0,0,"CG","CGT"
"36419725","phage_lambda",45606,"+",0,0,"CG","CGG"
"36419726","phage_lambda",45607,"-",0,0,"CG","CGC"
"36419727","phage_lambda",45630,"+",0,0,"CG","CGA"
"36419728","phage_lambda",45631,"-",0,0,"CG","CGG"
"36419729","phage_lambda",45640,"+",0,0,"CG","CGC"
"36419730","phage_lambda",45641,"-",0,0,"CG","CGA"
"36419731","phage_lambda",45653,"+",0,0,"CG","CGC"
"36419732","phage_lambda",45654,"-",0,0,"CG","CGT"
"36419733","phage_lambda",45681,"+",0,0,"CG","CGC"
"36419734","phage_lambda",45682,"-",0,0,"CG","CGC"
"36419735","phage_lambda",45684,"+",0,0,"CG","CGG"
"36419736","phage_lambda",45685,"-",0,0,"CG","CGG"
"36419737","phage_lambda",45688,"+",0,0,"CG","CGC"
"36419738","phage_lambda",45689,"-",0,0,"CG","CGT"
"36419739","phage_lambda",45706,"+",0,0,"CG","CGT"
"36419740","phage_lambda",45707,"-",0,0,"CG","CGG"
"36419741","phage_lambda",45724,"+",0,0,"CG","CGC"
"36419742","phage_lambda",45725,"-",0,0,"CG","CGG"
"36419743","phage_lambda",45755,"+",0,0,"CG","CGA"
"36419744","phage_lambda",45756,"-",0,0,"CG","CGG"
"36419745","phage_lambda",45768,"+",0,0,"CG","CGC"
"36419746","phage_lambda",45769,"-",0,0,"CG","CGT"
"36419747","phage_lambda",45796,"+",0,0,"CG","CGT"
"36419748","phage_lambda",45797,"-",0,0,"CG","CGC"
"36419749","phage_lambda",45801,"+",0,0,"CG","CGC"
"36419750","phage_lambda",45802,"-",0,0,"CG","CGC"
"36419751","phage_lambda",45820,"+",0,0,"CG","CGT"
"36419752","phage_lambda",45821,"-",0,0,"CG","CGA"
"36419753","phage_lambda",45832,"+",0,0,"CG","CGT"
"36419754","phage_lambda",45833,"-",0,0,"CG","CGG"
"36419755","phage_lambda",45843,"+",0,0,"CG","CGA"
"36419756","phage_lambda",45844,"-",0,0,"CG","CGA"
"36419757","phage_lambda",45847,"+",0,0,"CG","CGT"
"36419758","phage_lambda",45848,"-",0,0,"CG","CGG"
"36419759","phage_lambda",45875,"+",0,0,"CG","CGG"
"36419760","phage_lambda",45876,"-",0,0,"CG","CGG"
"36419761","phage_lambda",45879,"+",0,0,"CG","CGC"
"36419762","phage_lambda",45880,"-",0,0,"CG","CGC"
"36419763","phage_lambda",45897,"+",0,0,"CG","CGA"
"36419764","phage_lambda",45898,"-",0,0,"CG","CGA"
"36419765","phage_lambda",45938,"+",0,0,"CG","CGG"
"36419766","phage_lambda",45939,"-",0,0,"CG","CGC"
"36419767","phage_lambda",45942,"+",0,0,"CG","CGG"
"36419768","phage_lambda",45943,"-",0,0,"CG","CGC"
"36419769","phage_lambda",45947,"+",0,0,"CG","CGG"
"36419770","phage_lambda",45948,"-",0,0,"CG","CGT"
"36419771","phage_lambda",45980,"+",0,0,"CG","CGC"
"36419772","phage_lambda",45981,"-",0,0,"CG","CGG"
"36419773","phage_lambda",45982,"+",0,0,"CG","CGA"
"36419774","phage_lambda",45983,"-",0,0,"CG","CGC"
"36419775","phage_lambda",45992,"+",0,0,"CG","CGC"
"36419776","phage_lambda",45993,"-",0,0,"CG","CGG"
"36419777","phage_lambda",46013,"+",0,0,"CG","CGT"
"36419778","phage_lambda",46014,"-",0,0,"CG","CGA"
"36419779","phage_lambda",46044,"+",0,0,"CG","CGT"
"36419780","phage_lambda",46045,"-",0,0,"CG","CGG"
"36419781","phage_lambda",46052,"+",0,0,"CG","CGC"
"36419782","phage_lambda",46053,"-",0,0,"CG","CGT"
"36419783","phage_lambda",46074,"+",0,0,"CG","CGC"
"36419784","phage_lambda",46075,"-",0,0,"CG","CGC"
"36419785","phage_lambda",46076,"+",0,0,"CG","CGA"
"36419786","phage_lambda",46077,"-",0,0,"CG","CGC"
"36419787","phage_lambda",46105,"+",0,0,"CG","CGA"
"36419788","phage_lambda",46106,"-",0,0,"CG","CGC"
"36419789","phage_lambda",46109,"+",0,0,"CG","CGC"
"36419790","phage_lambda",46110,"-",0,0,"CG","CGT"
"36419791","phage_lambda",46111,"+",0,0,"CG","CGG"
"36419792","phage_lambda",46112,"-",0,0,"CG","CGC"
"36419793","phage_lambda",46134,"+",0,0,"CG","CGT"
"36419794","phage_lambda",46135,"-",0,0,"CG","CGC"
"36419795","phage_lambda",46140,"+",0,0,"CG","CGT"
"36419796","phage_lambda",46141,"-",0,0,"CG","CGC"
"36419797","phage_lambda",46153,"+",0,0,"CG","CGC"
"36419798","phage_lambda",46154,"-",0,0,"CG","CGC"
"36419799","phage_lambda",46157,"+",0,0,"CG","CGA"
"36419800","phage_lambda",46158,"-",0,0,"CG","CGA"
"36419801","phage_lambda",46171,"+",0,0,"CG","CGA"
"36419802","phage_lambda",46172,"-",0,0,"CG","CGT"
"36419803","phage_lambda",46212,"+",0,0,"CG","CGT"
"36419804","phage_lambda",46213,"-",0,0,"CG","CGC"
"36419805","phage_lambda",46226,"+",0,0,"CG","CGC"
"36419806","phage_lambda",46227,"-",0,0,"CG","CGG"
"36419807","phage_lambda",46233,"+",0,0,"CG","CGT"
"36419808","phage_lambda",46234,"-",0,0,"CG","CGA"
"36419809","phage_lambda",46236,"+",0,0,"CG","CGT"
"36419810","phage_lambda",46237,"-",0,0,"CG","CGA"
"36419811","phage_lambda",46239,"+",0,0,"CG","CGG"
"36419812","phage_lambda",46240,"-",0,0,"CG","CGA"
"36419813","phage_lambda",46272,"+",0,0,"CG","CGT"
"36419814","phage_lambda",46273,"-",0,0,"CG","CGC"
"36419815","phage_lambda",46286,"+",0,0,"CG","CGC"
"36419816","phage_lambda",46287,"-",1,0,"CG","CGG"
"36419817","phage_lambda",46292,"+",0,0,"CG","CGG"
"36419818","phage_lambda",46293,"-",0,1,"CG","CGG"
"36419819","phage_lambda",46295,"+",0,0,"CG","CGT"
"36419820","phage_lambda",46296,"-",0,1,"CG","CGC"
"36419821","phage_lambda",46317,"+",0,0,"CG","CGA"
"36419822","phage_lambda",46318,"-",0,1,"CG","CGG"
"36419823","phage_lambda",46331,"+",0,0,"CG","CGC"
"36419824","phage_lambda",46332,"-",0,1,"CG","CGG"
"36419825","phage_lambda",46338,"+",0,0,"CG","CGG"
"36419826","phage_lambda",46339,"-",0,0,"CG","CGT"
"36419827","phage_lambda",46440,"+",0,0,"CG","CGA"
"36419828","phage_lambda",46441,"-",0,0,"CG","CGA"
"36419829","phage_lambda",46478,"+",0,0,"CG","CGC"
"36419830","phage_lambda",46479,"-",0,0,"CG","CGT"
"36419831","phage_lambda",46480,"+",0,0,"CG","CGC"
"36419832","phage_lambda",46481,"-",0,0,"CG","CGC"
"36419833","phage_lambda",46489,"+",0,0,"CG","CGG"
"36419834","phage_lambda",46490,"-",0,0,"CG","CGC"
"36419835","phage_lambda",46518,"+",0,0,"CG","CGA"
"36419836","phage_lambda",46519,"-",0,0,"CG","CGG"
"36419837","phage_lambda",46533,"+",0,0,"CG","CGA"
"36419838","phage_lambda",46534,"-",0,0,"CG","CGT"
"36419839","phage_lambda",46572,"+",0,0,"CG","CGC"
"36419840","phage_lambda",46573,"-",0,0,"CG","CGC"
"36419841","phage_lambda",46575,"+",0,1,"CG","CGC"
"36419842","phage_lambda",46576,"-",0,0,"CG","CGG"
"36419843","phage_lambda",46596,"+",0,1,"CG","CGA"
"36419844","phage_lambda",46597,"-",0,0,"CG","CGA"
"36419845","phage_lambda",46626,"+",0,1,"CG","CGA"
"36419846","phage_lambda",46627,"-",0,1,"CG","CGT"
"36419847","phage_lambda",46669,"+",0,1,"CG","CGG"
"36419848","phage_lambda",46670,"-",0,1,"CG","CGG"
"36419849","phage_lambda",46690,"+",0,1,"CG","CGT"
"36419850","phage_lambda",46691,"-",0,1,"CG","CGT"
"36419851","phage_lambda",46726,"+",0,1,"CG","CGC"
"36419852","phage_lambda",46727,"-",0,1,"CG","CGC"
"36419853","phage_lambda",46734,"+",0,1,"CG","CGA"
"36419854","phage_lambda",46735,"-",0,1,"CG","CGC"
"36419855","phage_lambda",46764,"+",0,1,"CG","CGA"
"36419856","phage_lambda",46765,"-",0,0,"CG","CGG"
"36419857","phage_lambda",46781,"+",0,1,"CG","CGC"
"36419858","phage_lambda",46782,"-",0,0,"CG","CGA"
"36419859","phage_lambda",46789,"+",0,1,"CG","CGT"
"36419860","phage_lambda",46790,"-",0,0,"CG","CGA"
"36419861","phage_lambda",46870,"+",0,0,"CG","CGA"
"36419862","phage_lambda",46871,"-",0,0,"CG","CGC"
"36419863","phage_lambda",46878,"+",0,0,"CG","CGT"
"36419864","phage_lambda",46879,"-",0,0,"CG","CGA"
"36419865","phage_lambda",46892,"+",0,0,"CG","CGG"
"36419866","phage_lambda",46893,"-",0,0,"CG","CGG"
"36419867","phage_lambda",46918,"+",0,0,"CG","CGG"
"36419868","phage_lambda",46919,"-",0,0,"CG","CGT"
"36419869","phage_lambda",46933,"+",0,0,"CG","CGG"
"36419870","phage_lambda",46934,"-",0,0,"CG","CGC"
"36419871","phage_lambda",46943,"+",0,0,"CG","CGG"
"36419872","phage_lambda",46944,"-",0,0,"CG","CGG"
"36419873","phage_lambda",46958,"+",0,0,"CG","CGA"
"36419874","phage_lambda",46959,"-",0,0,"CG","CGT"
"36419875","phage_lambda",46977,"+",0,0,"CG","CGC"
"36419876","phage_lambda",46978,"-",0,0,"CG","CGC"
"36419877","phage_lambda",46979,"+",0,0,"CG","CGT"
"36419878","phage_lambda",46980,"-",0,0,"CG","CGC"
"36419879","phage_lambda",46985,"+",0,0,"CG","CGT"
"36419880","phage_lambda",46986,"-",0,0,"CG","CGT"
"36419881","phage_lambda",47003,"+",0,0,"CG","CGC"
"36419882","phage_lambda",47004,"-",0,0,"CG","CGT"
"36419883","phage_lambda",47008,"+",0,0,"CG","CGG"
"36419884","phage_lambda",47009,"-",0,0,"CG","CGG"
"36419885","phage_lambda",47019,"+",0,0,"CG","CGG"
"36419886","phage_lambda",47020,"-",0,0,"CG","CGT"
"36419887","phage_lambda",47029,"+",0,0,"CG","CGG"
"36419888","phage_lambda",47030,"-",0,0,"CG","CGG"
"36419889","phage_lambda",47033,"+",0,0,"CG","CGT"
"36419890","phage_lambda",47034,"-",0,0,"CG","CGT"
"36419891","phage_lambda",47046,"+",0,0,"CG","CGT"
"36419892","phage_lambda",47047,"-",0,0,"CG","CGC"
"36419893","phage_lambda",47148,"+",0,1,"CG","CGG"
"36419894","phage_lambda",47149,"-",0,0,"CG","CGA"
"36419895","phage_lambda",47225,"+",0,1,"CG","CGT"
"36419896","phage_lambda",47226,"-",0,1,"CG","CGT"
"36419897","phage_lambda",47240,"+",0,0,"CG","CGT"
"36419898","phage_lambda",47241,"-",0,1,"CG","CGC"
"36419899","phage_lambda",47293,"+",0,0,"CG","CGG"
"36419900","phage_lambda",47294,"-",0,1,"CG","CGT"
"36419901","phage_lambda",47302,"+",0,0,"CG","CGT"
"36419902","phage_lambda",47303,"-",0,1,"CG","CGA"
"36419903","phage_lambda",47314,"+",0,0,"CG","CGA"
"36419904","phage_lambda",47315,"-",0,1,"CG","CGT"
"36419905","phage_lambda",47359,"+",0,0,"CG","CGT"
"36419906","phage_lambda",47360,"-",0,0,"CG","CGT"
"36419907","phage_lambda",47367,"+",0,0,"CG","CGT"
"36419908","phage_lambda",47368,"-",0,0,"CG","CGT"
"36419909","phage_lambda",47409,"+",0,0,"CG","CGC"
"36419910","phage_lambda",47410,"-",0,0,"CG","CGA"
"36419911","phage_lambda",47419,"+",0,0,"CG","CGA"
"36419912","phage_lambda",47420,"-",0,0,"CG","CGA"
"36419913","phage_lambda",47475,"+",0,0,"CG","CGA"
"36419914","phage_lambda",47476,"-",0,0,"CG","CGT"
"36419915","phage_lambda",47481,"+",0,0,"CG","CGC"
"36419916","phage_lambda",47482,"-",0,0,"CG","CGC"
"36419917","phage_lambda",47483,"+",0,0,"CG","CGT"
"36419918","phage_lambda",47484,"-",0,0,"CG","CGC"
"36419919","phage_lambda",47498,"+",0,0,"CG","CGT"
"36419920","phage_lambda",47499,"-",0,0,"CG","CGA"
"36419921","phage_lambda",47507,"+",0,0,"CG","CGT"
"36419922","phage_lambda",47508,"-",0,0,"CG","CGA"
"36419923","phage_lambda",47592,"+",0,0,"CG","CGT"
"36419924","phage_lambda",47593,"-",0,0,"CG","CGC"
"36419925","phage_lambda",47604,"+",0,0,"CG","CGG"
"36419926","phage_lambda",47605,"-",0,0,"CG","CGC"
"36419927","phage_lambda",47637,"+",0,0,"CG","CGA"
"36419928","phage_lambda",47638,"-",0,0,"CG","CGG"
"36419929","phage_lambda",47659,"+",0,0,"CG","CGT"
"36419930","phage_lambda",47660,"-",0,1,"CG","CGT"
"36419931","phage_lambda",47704,"+",0,0,"CG","CGC"
"36419932","phage_lambda",47705,"-",0,1,"CG","CGG"
"36419933","phage_lambda",47722,"+",0,0,"CG","CGC"
"36419934","phage_lambda",47723,"-",0,1,"CG","CGC"
"36419935","phage_lambda",47731,"+",0,0,"CG","CGA"
"36419936","phage_lambda",47732,"-",0,1,"CG","CGC"
"36419937","phage_lambda",47770,"+",0,0,"CG","CGT"
"36419938","phage_lambda",47771,"-",0,0,"CG","CGG"
"36419939","phage_lambda",47783,"+",0,0,"CG","CGT"
"36419940","phage_lambda",47784,"-",0,0,"CG","CGA"
"36419941","phage_lambda",47892,"+",0,0,"CG","CGT"
"36419942","phage_lambda",47893,"-",0,1,"CG","CGC"
"36419943","phage_lambda",47905,"+",0,0,"CG","CGA"
"36419944","phage_lambda",47906,"-",0,1,"CG","CGT"
"36419945","phage_lambda",47996,"+",0,1,"CG","CGC"
"36419946","phage_lambda",47997,"-",0,0,"CG","CGT"
"36419947","phage_lambda",48054,"+",0,1,"CG","CGT"
"36419948","phage_lambda",48055,"-",0,1,"CG","CGA"
"36419949","phage_lambda",48078,"+",0,1,"CG","CGT"
"36419950","phage_lambda",48079,"-",0,1,"CG","CGA"
"36419951","phage_lambda",48087,"+",0,1,"CG","CGG"
"36419952","phage_lambda",48088,"-",0,1,"CG","CGA"
"36419953","phage_lambda",48099,"+",1,1,"CG","CGC"
"36419954","phage_lambda",48100,"-",0,1,"CG","CGT"
"36419955","phage_lambda",48101,"+",0,2,"CG","CGG"
"36419956","phage_lambda",48102,"-",0,1,"CG","CGC"
"36419957","phage_lambda",48154,"+",0,3,"CG","CGT"
"36419958","phage_lambda",48155,"-",0,1,"CG","CGT"
"36419959","phage_lambda",48164,"+",0,3,"CG","CGA"
"36419960","phage_lambda",48165,"-",0,1,"CG","CGG"
"36419961","phage_lambda",48167,"+",0,3,"CG","CGG"
"36419962","phage_lambda",48168,"-",0,1,"CG","CGT"
"36419963","phage_lambda",48201,"+",0,3,"CG","CGG"
"36419964","phage_lambda",48202,"-",0,0,"CG","CGG"
"36419965","phage_lambda",48222,"+",0,3,"CG","CGA"
"36419966","phage_lambda",48223,"-",0,0,"CG","CGC"
"36419967","phage_lambda",48257,"+",0,2,"CG","CGG"
"36419968","phage_lambda",48258,"-",0,0,"CG","CGC"
"36419969","phage_lambda",48266,"+",0,2,"CG","CGG"
"36419970","phage_lambda",48267,"-",0,0,"CG","CGC"
"36419971","phage_lambda",48281,"+",0,1,"CG","CGG"
"36419972","phage_lambda",48282,"-",0,0,"CG","CGC"
"36419973","phage_lambda",48295,"+",0,1,"CG","CGT"
"36419974","phage_lambda",48296,"-",0,0,"CG","CGA"
"36419975","phage_lambda",48314,"+",0,0,"CG","CGT"
"36419976","phage_lambda",48315,"-",0,0,"CG","CGG"
"36419977","phage_lambda",48326,"+",0,0,"CG","CGC"
"36419978","phage_lambda",48327,"-",0,0,"CG","CGA"
"36419979","phage_lambda",48357,"+",0,0,"CG","CGT"
"36419980","phage_lambda",48358,"-",0,0,"CG","CGT"
"36419981","phage_lambda",48384,"+",0,0,"CG","CGA"
"36419982","phage_lambda",48385,"-",0,1,"CG","CGT"
"36419983","phage_lambda",48393,"+",0,0,"CG","CGT"
"36419984","phage_lambda",48394,"-",0,1,"CG","CGC"
"36419985","phage_lambda",48413,"+",0,0,"CG","CGT"
"36419986","phage_lambda",48414,"-",0,1,"CG","CGT"
"36419987","phage_lambda",48432,"+",0,0,"CG","CGC"
"36419988","phage_lambda",48433,"-",0,1,"CG","CGT"
"36419989","phage_lambda",48436,"+",0,0,"CG","CGT"
"36419990","phage_lambda",48437,"-",0,1,"CG","CGT"
"36419991","phage_lambda",48472,"+",0,0,"CG","CGG"
"36419992","phage_lambda",48473,"-",0,1,"CG","CGT"
"36419993","phage_lambda",48483,"+",0,0,"CG","CGG"
"36419994","phage_lambda",48484,"-",0,1,"CG","CGG"
"36419995","phage_lambda",48491,"+",0,0,"CG","CGA"
"36419996","phage_lambda",48492,"-",0,1,"CG","CGG"
"36419997","phage_lambda",48501,"+",0,0,"CG","CGN"
"36419998","phage_lambda",48502,"-",0,1,"CG","CGT"
"36419999","plasmid_puc19c",2,"+",0,0,"CG","CGC"
"36420000","plasmid_puc19c",3,"-",0,0,"CG","CGA"
"36420001","plasmid_puc19c",4,"+",0,0,"CG","CGC"
"36420002","plasmid_puc19c",5,"-",0,0,"CG","CGC"
"36420003","plasmid_puc19c",6,"+",0,0,"CG","CGT"
"36420004","plasmid_puc19c",7,"-",0,0,"CG","CGC"
"36420005","plasmid_puc19c",11,"+",0,0,"CG","CGG"
"36420006","plasmid_puc19c",12,"-",0,0,"CG","CGA"
"36420007","plasmid_puc19c",20,"+",0,0,"CG","CGG"
"36420008","plasmid_puc19c",21,"-",0,0,"CG","CGT"
"36420009","plasmid_puc19c",49,"+",0,0,"CG","CGG"
"36420010","plasmid_puc19c",50,"-",0,0,"CG","CGG"
"36420011","plasmid_puc19c",55,"+",0,0,"CG","CGG"
"36420012","plasmid_puc19c",56,"-",0,0,"CG","CGT"
"36420013","plasmid_puc19c",76,"+",0,0,"CG","CGG"
"36420014","plasmid_puc19c",77,"-",0,0,"CG","CGC"
"36420015","plasmid_puc19c",83,"+",0,0,"CG","CGG"
"36420016","plasmid_puc19c",84,"-",0,0,"CG","CGG"
"36420017","plasmid_puc19c",99,"+",0,0,"CG","CGT"
"36420018","plasmid_puc19c",100,"-",0,0,"CG","CGG"
"36420019","plasmid_puc19c",107,"+",0,0,"CG","CGC"
"36420020","plasmid_puc19c",108,"-",0,0,"CG","CGC"
"36420021","plasmid_puc19c",109,"+",0,0,"CG","CGT"
"36420022","plasmid_puc19c",110,"-",0,0,"CG","CGC"
"36420023","plasmid_puc19c",115,"+",0,0,"CG","CGG"
"36420024","plasmid_puc19c",116,"-",0,0,"CG","CGC"
"36420025","plasmid_puc19c",125,"+",0,0,"CG","CGG"
"36420026","plasmid_puc19c",126,"-",0,0,"CG","CGC"
"36420027","plasmid_puc19c",132,"+",0,0,"CG","CGG"
"36420028","plasmid_puc19c",133,"-",0,0,"CG","CGA"
"36420029","plasmid_puc19c",151,"+",0,0,"CG","CGG"
"36420030","plasmid_puc19c",152,"-",0,0,"CG","CGC"
"36420031","plasmid_puc19c",189,"+",0,0,"CG","CGG"
"36420032","plasmid_puc19c",190,"-",0,0,"CG","CGC"
"36420033","plasmid_puc19c",202,"+",0,0,"CG","CGC"
"36420034","plasmid_puc19c",203,"-",0,0,"CG","CGG"
"36420035","plasmid_puc19c",212,"+",0,0,"CG","CGT"
"36420036","plasmid_puc19c",213,"-",0,0,"CG","CGC"
"36420037","plasmid_puc19c",228,"+",0,0,"CG","CGC"
"36420038","plasmid_puc19c",229,"-",0,0,"CG","CGG"
"36420039","plasmid_puc19c",237,"+",0,0,"CG","CGC"
"36420040","plasmid_puc19c",238,"-",0,0,"CG","CGC"
"36420041","plasmid_puc19c",244,"+",0,0,"CG","CGC"
"36420042","plasmid_puc19c",245,"-",0,0,"CG","CGA"
"36420043","plasmid_puc19c",258,"+",0,0,"CG","CGC"
"36420044","plasmid_puc19c",259,"-",0,0,"CG","CGC"
"36420045","plasmid_puc19c",276,"+",0,0,"CG","CGA"
"36420046","plasmid_puc19c",277,"-",1,0,"CG","CGC"
"36420047","plasmid_puc19c",280,"+",1,0,"CG","CGG"
"36420048","plasmid_puc19c",281,"-",1,0,"CG","CGA"
"36420049","plasmid_puc19c",285,"+",1,0,"CG","CGG"
"36420050","plasmid_puc19c",286,"-",1,0,"CG","CGC"
"36420051","plasmid_puc19c",295,"+",1,0,"CG","CGC"
"36420052","plasmid_puc19c",296,"-",1,0,"CG","CGA"
"36420053","plasmid_puc19c",303,"+",1,0,"CG","CGC"
"36420054","plasmid_puc19c",304,"-",1,0,"CG","CGT"
"36420055","plasmid_puc19c",313,"+",1,0,"CG","CGA"
"36420056","plasmid_puc19c",314,"-",1,0,"CG","CGC"
"36420057","plasmid_puc19c",336,"+",1,0,"CG","CGA"
"36420058","plasmid_puc19c",337,"-",1,0,"CG","CGC"
"36420059","plasmid_puc19c",352,"+",1,0,"CG","CGC"
"36420060","plasmid_puc19c",353,"-",1,0,"CG","CGT"
"36420061","plasmid_puc19c",372,"+",1,0,"CG","CGA"
"36420062","plasmid_puc19c",373,"-",1,1,"CG","CGT"
"36420063","plasmid_puc19c",375,"+",1,0,"CG","CGT"
"36420064","plasmid_puc19c",376,"-",2,0,"CG","CGT"
"36420065","plasmid_puc19c",385,"+",0,1,"CG","CGA"
"36420066","plasmid_puc19c",386,"-",2,0,"CG","CGT"
"36420067","plasmid_puc19c",388,"+",0,0,"CG","CGG"
"36420068","plasmid_puc19c",389,"-",2,0,"CG","CGT"
"36420069","plasmid_puc19c",401,"+",0,0,"CG","CGA"
"36420070","plasmid_puc19c",402,"-",2,0,"CG","CGA"
"36420071","plasmid_puc19c",407,"+",0,0,"CG","CGG"
"36420072","plasmid_puc19c",408,"-",2,0,"CG","CGA"
"36420073","plasmid_puc19c",414,"+",0,0,"CG","CGG"
"36420074","plasmid_puc19c",415,"-",2,0,"CG","CGG"
"36420075","plasmid_puc19c",431,"+",0,0,"CG","CGA"
"36420076","plasmid_puc19c",432,"-",1,0,"CG","CGA"
"36420077","plasmid_puc19c",455,"+",1,0,"CG","CGT"
"36420078","plasmid_puc19c",456,"-",0,0,"CG","CGC"
"36420079","plasmid_puc19c",497,"+",1,0,"CG","CGC"
"36420080","plasmid_puc19c",498,"-",0,0,"CG","CGG"
"36420081","plasmid_puc19c",520,"+",1,0,"CG","CGA"
"36420082","plasmid_puc19c",521,"-",0,0,"CG","CGT"
"36420083","plasmid_puc19c",525,"+",1,0,"CG","CGG"
"36420084","plasmid_puc19c",526,"-",0,0,"CG","CGG"
"36420085","plasmid_puc19c",584,"+",1,0,"CG","CGT"
"36420086","plasmid_puc19c",585,"-",2,0,"CG","CGC"
"36420087","plasmid_puc19c",589,"+",1,0,"CG","CGC"
"36420088","plasmid_puc19c",590,"-",2,0,"CG","CGC"
"36420089","plasmid_puc19c",600,"+",1,0,"CG","CGC"
"36420090","plasmid_puc19c",601,"-",2,0,"CG","CGG"
"36420091","plasmid_puc19c",611,"+",1,0,"CG","CGG"
"36420092","plasmid_puc19c",612,"-",2,0,"CG","CGA"
"36420093","plasmid_puc19c",623,"+",1,0,"CG","CGT"
"36420094","plasmid_puc19c",624,"-",2,0,"CG","CGA"
"36420095","plasmid_puc19c",645,"+",1,0,"CG","CGG"
"36420096","plasmid_puc19c",646,"-",2,0,"CG","CGA"
"36420097","plasmid_puc19c",652,"+",1,0,"CG","CGC"
"36420098","plasmid_puc19c",653,"-",1,0,"CG","CGT"
"36420099","plasmid_puc19c",654,"+",1,0,"CG","CGC"
"36420100","plasmid_puc19c",655,"-",1,0,"CG","CGC"
"36420101","plasmid_puc19c",656,"+",1,0,"CG","CGG"
"36420102","plasmid_puc19c",657,"-",1,0,"CG","CGC"
"36420103","plasmid_puc19c",666,"+",1,0,"CG","CGG"
"36420104","plasmid_puc19c",667,"-",1,0,"CG","CGC"
"36420105","plasmid_puc19c",673,"+",1,0,"CG","CGT"
"36420106","plasmid_puc19c",674,"-",1,0,"CG","CGC"
"36420107","plasmid_puc19c",682,"+",1,0,"CG","CGC"
"36420108","plasmid_puc19c",683,"-",1,0,"CG","CGC"
"36420109","plasmid_puc19c",690,"+",1,0,"CG","CGC"
"36420110","plasmid_puc19c",691,"-",1,0,"CG","CGG"
"36420111","plasmid_puc19c",698,"+",0,1,"CG","CGC"
"36420112","plasmid_puc19c",699,"-",1,0,"CG","CGA"
"36420113","plasmid_puc19c",710,"+",0,0,"CG","CGC"
"36420114","plasmid_puc19c",711,"-",1,0,"CG","CGA"
"36420115","plasmid_puc19c",715,"+",0,0,"CG","CGC"
"36420116","plasmid_puc19c",716,"-",1,0,"CG","CGC"
"36420117","plasmid_puc19c",719,"+",0,0,"CG","CGG"
"36420118","plasmid_puc19c",720,"-",1,0,"CG","CGA"
"36420119","plasmid_puc19c",723,"+",0,0,"CG","CGT"
"36420120","plasmid_puc19c",724,"-",1,0,"CG","CGA"
"36420121","plasmid_puc19c",727,"+",0,0,"CG","CGG"
"36420122","plasmid_puc19c",728,"-",1,0,"CG","CGA"
"36420123","plasmid_puc19c",733,"+",0,0,"CG","CGG"
"36420124","plasmid_puc19c",734,"-",1,0,"CG","CGC"
"36420125","plasmid_puc19c",736,"+",0,0,"CG","CGA"
"36420126","plasmid_puc19c",737,"-",1,0,"CG","CGC"
"36420127","plasmid_puc19c",740,"+",1,0,"CG","CGG"
"36420128","plasmid_puc19c",741,"-",1,0,"CG","CGC"
"36420129","plasmid_puc19c",761,"+",1,0,"CG","CGG"
"36420130","plasmid_puc19c",762,"-",1,0,"CG","CGC"
"36420131","plasmid_puc19c",769,"+",1,0,"CG","CGG"
"36420132","plasmid_puc19c",770,"-",1,0,"CG","CGT"
"36420133","plasmid_puc19c",795,"+",1,0,"CG","CGC"
"36420134","plasmid_puc19c",796,"-",0,0,"CG","CGT"
"36420135","plasmid_puc19c",841,"+",2,0,"CG","CGT"
"36420136","plasmid_puc19c",842,"-",0,0,"CG","CGG"
"36420137","plasmid_puc19c",852,"+",2,0,"CG","CGC"
"36420138","plasmid_puc19c",853,"-",0,0,"CG","CGG"
"36420139","plasmid_puc19c",854,"+",2,0,"CG","CGT"
"36420140","plasmid_puc19c",855,"-",0,0,"CG","CGC"
"36420141","plasmid_puc19c",863,"+",2,0,"CG","CGT"
"36420142","plasmid_puc19c",864,"-",0,0,"CG","CGC"
"36420143","plasmid_puc19c",880,"+",2,0,"CG","CGC"
"36420144","plasmid_puc19c",881,"-",0,0,"CG","CGG"
"36420145","plasmid_puc19c",891,"+",3,0,"CG","CGA"
"36420146","plasmid_puc19c",892,"-",0,0,"CG","CGT"
"36420147","plasmid_puc19c",907,"+",3,0,"CG","CGA"
"36420148","plasmid_puc19c",908,"-",0,0,"CG","CGA"
"36420149","plasmid_puc19c",910,"+",3,0,"CG","CGC"
"36420150","plasmid_puc19c",911,"-",0,0,"CG","CGT"
"36420151","plasmid_puc19c",928,"+",2,0,"CG","CGA"
"36420152","plasmid_puc19c",929,"-",0,0,"CG","CGC"
"36420153","plasmid_puc19c",935,"+",2,0,"CG","CGA"
"36420154","plasmid_puc19c",936,"-",0,0,"CG","CGG"
"36420155","plasmid_puc19c",959,"+",1,0,"CG","CGT"
"36420156","plasmid_puc19c",960,"-",0,0,"CG","CGC"
"36420157","plasmid_puc19c",981,"+",1,0,"CG","CGT"
"36420158","plasmid_puc19c",982,"-",0,0,"CG","CGA"
"36420159","plasmid_puc19c",985,"+",0,1,"CG","CGC"
"36420160","plasmid_puc19c",986,"-",0,0,"CG","CGC"
"36420161","plasmid_puc19c",998,"+",1,0,"CG","CGA"
"36420162","plasmid_puc19c",999,"-",1,0,"CG","CGG"
"36420163","plasmid_puc19c",1007,"+",1,0,"CG","CGC"
"36420164","plasmid_puc19c",1008,"-",1,0,"CG","CGG"
"36420165","plasmid_puc19c",1014,"+",0,1,"CG","CGG"
"36420166","plasmid_puc19c",1015,"-",1,0,"CG","CGG"
"36420167","plasmid_puc19c",1026,"+",0,0,"CG","CGC"
"36420168","plasmid_puc19c",1027,"-",1,0,"CG","CGG"
"36420169","plasmid_puc19c",1040,"+",0,0,"CG","CGG"
"36420170","plasmid_puc19c",1041,"-",1,0,"CG","CGA"
"36420171","plasmid_puc19c",1047,"+",0,0,"CG","CGT"
"36420172","plasmid_puc19c",1048,"-",1,0,"CG","CGC"
"36420173","plasmid_puc19c",1052,"+",0,0,"CG","CGC"
"36420174","plasmid_puc19c",1053,"-",1,0,"CG","CGC"
"36420175","plasmid_puc19c",1069,"+",0,0,"CG","CGC"
"36420176","plasmid_puc19c",1070,"-",0,0,"CG","CGT"
"36420177","plasmid_puc19c",1088,"+",0,0,"CG","CGG"
"36420178","plasmid_puc19c",1089,"-",0,0,"CG","CGA"
"36420179","plasmid_puc19c",1098,"+",0,0,"CG","CGT"
"36420180","plasmid_puc19c",1099,"-",0,0,"CG","CGA"
"36420181","plasmid_puc19c",1102,"+",0,0,"CG","CGC"
"36420182","plasmid_puc19c",1103,"-",0,0,"CG","CGA"
"36420183","plasmid_puc19c",1125,"+",0,0,"CG","CGA"
"36420184","plasmid_puc19c",1126,"-",0,0,"CG","CGT"
"36420185","plasmid_puc19c",1134,"+",0,0,"CG","CGT"
"36420186","plasmid_puc19c",1135,"-",0,0,"CG","CGG"
"36420187","plasmid_puc19c",1143,"+",0,0,"CG","CGA"
"36420188","plasmid_puc19c",1144,"-",0,0,"CG","CGG"
"36420189","plasmid_puc19c",1147,"+",0,0,"CG","CGC"
"36420190","plasmid_puc19c",1148,"-",0,0,"CG","CGG"
"36420191","plasmid_puc19c",1152,"+",0,0,"CG","CGC"
"36420192","plasmid_puc19c",1153,"-",0,0,"CG","CGC"
"36420193","plasmid_puc19c",1161,"+",0,0,"CG","CGG"
"36420194","plasmid_puc19c",1162,"-",0,1,"CG","CGG"
"36420195","plasmid_puc19c",1171,"+",0,0,"CG","CGT"
"36420196","plasmid_puc19c",1172,"-",1,0,"CG","CGA"
"36420197","plasmid_puc19c",1187,"+",0,0,"CG","CGG"
"36420198","plasmid_puc19c",1188,"-",1,0,"CG","CGG"
"36420199","plasmid_puc19c",1197,"+",0,0,"CG","CGA"
"36420200","plasmid_puc19c",1198,"-",1,0,"CG","CGT"
"36420201","plasmid_puc19c",1205,"+",0,0,"CG","CGC"
"36420202","plasmid_puc19c",1206,"-",1,0,"CG","CGA"
"36420203","plasmid_puc19c",1244,"+",0,0,"CG","CGA"
"36420204","plasmid_puc19c",1245,"-",1,0,"CG","CGC"
"36420205","plasmid_puc19c",1257,"+",0,0,"CG","CGG"
"36420206","plasmid_puc19c",1258,"-",1,0,"CG","CGC"
"36420207","plasmid_puc19c",1293,"+",1,0,"CG","CGG"
"36420208","plasmid_puc19c",1294,"-",1,0,"CG","CGT"
"36420209","plasmid_puc19c",1326,"+",1,0,"CG","CGC"
"36420210","plasmid_puc19c",1327,"-",0,0,"CG","CGC"
"36420211","plasmid_puc19c",1350,"+",1,0,"CG","CGG"
"36420212","plasmid_puc19c",1351,"-",0,0,"CG","CGA"
"36420213","plasmid_puc19c",1377,"+",1,0,"CG","CGG"
"36420214","plasmid_puc19c",1378,"-",0,0,"CG","CGG"
"36420215","plasmid_puc19c",1392,"+",0,0,"CG","CGC"
"36420216","plasmid_puc19c",1393,"-",0,0,"CG","CGG"
"36420217","plasmid_puc19c",1401,"+",0,0,"CG","CGG"
"36420218","plasmid_puc19c",1402,"-",0,0,"CG","CGC"
"36420219","plasmid_puc19c",1433,"+",0,0,"CG","CGC"
"36420220","plasmid_puc19c",1434,"-",0,0,"CG","CGT"
"36420221","plasmid_puc19c",1435,"+",0,0,"CG","CGC"
"36420222","plasmid_puc19c",1436,"-",0,0,"CG","CGC"
"36420223","plasmid_puc19c",1478,"+",0,0,"CG","CGG"
"36420224","plasmid_puc19c",1479,"-",1,0,"CG","CGT"
"36420225","plasmid_puc19c",1488,"+",0,0,"CG","CGC"
"36420226","plasmid_puc19c",1489,"-",1,0,"CG","CGT"
"36420227","plasmid_puc19c",1500,"+",0,0,"CG","CGA"
"36420228","plasmid_puc19c",1501,"-",1,0,"CG","CGT"
"36420229","plasmid_puc19c",1510,"+",0,0,"CG","CGT"
"36420230","plasmid_puc19c",1511,"-",1,0,"CG","CGT"
"36420231","plasmid_puc19c",1661,"+",2,0,"CG","CGA"
"36420232","plasmid_puc19c",1662,"-",1,0,"CG","CGC"
"36420233","plasmid_puc19c",1675,"+",1,0,"CG","CGT"
"36420234","plasmid_puc19c",1676,"-",1,0,"CG","CGA"
"36420235","plasmid_puc19c",1701,"+",2,0,"CG","CGT"
"36420236","plasmid_puc19c",1702,"-",1,0,"CG","CGG"
"36420237","plasmid_puc19c",1704,"+",2,0,"CG","CGT"
"36420238","plasmid_puc19c",1705,"-",1,0,"CG","CGA"
"36420239","plasmid_puc19c",1718,"+",2,0,"CG","CGA"
"36420240","plasmid_puc19c",1719,"-",1,0,"CG","CGT"
"36420241","plasmid_puc19c",1723,"+",2,0,"CG","CGG"
"36420242","plasmid_puc19c",1724,"-",1,0,"CG","CGT"
"36420243","plasmid_puc19c",1763,"+",2,0,"CG","CGC"
"36420244","plasmid_puc19c",1764,"-",0,0,"CG","CGG"
"36420245","plasmid_puc19c",1765,"+",2,0,"CG","CGA"
"36420246","plasmid_puc19c",1766,"-",0,0,"CG","CGC"
"36420247","plasmid_puc19c",1774,"+",2,0,"CG","CGC"
"36420248","plasmid_puc19c",1775,"-",0,0,"CG","CGT"
"36420249","plasmid_puc19c",1781,"+",2,0,"CG","CGG"
"36420250","plasmid_puc19c",1782,"-",0,0,"CG","CGG"
"36420251","plasmid_puc19c",1815,"+",1,0,"CG","CGG"
"36420252","plasmid_puc19c",1816,"-",0,0,"CG","CGG"
"36420253","plasmid_puc19c",1824,"+",2,0,"CG","CGA"
"36420254","plasmid_puc19c",1825,"-",0,0,"CG","CGG"
"36420255","plasmid_puc19c",1828,"+",2,0,"CG","CGC"
"36420256","plasmid_puc19c",1829,"-",0,0,"CG","CGC"
"36420257","plasmid_puc19c",1854,"+",1,0,"CG","CGC"
"36420258","plasmid_puc19c",1855,"-",0,0,"CG","CGG"
"36420259","plasmid_puc19c",1882,"+",1,0,"CG","CGG"
"36420260","plasmid_puc19c",1883,"-",0,0,"CG","CGG"
"36420261","plasmid_puc19c",1904,"+",2,0,"CG","CGC"
"36420262","plasmid_puc19c",1905,"-",0,0,"CG","CGA"
"36420263","plasmid_puc19c",1921,"+",2,0,"CG","CGC"
"36420264","plasmid_puc19c",1922,"-",0,0,"CG","CGC"
"36420265","plasmid_puc19c",1926,"+",2,0,"CG","CGT"
"36420266","plasmid_puc19c",1927,"-",0,0,"CG","CGT"
"36420267","plasmid_puc19c",1950,"+",2,0,"CG","CGT"
"36420268","plasmid_puc19c",1951,"-",1,0,"CG","CGA"
"36420269","plasmid_puc19c",1960,"+",2,0,"CG","CGC"
"36420270","plasmid_puc19c",1961,"-",1,0,"CG","CGT"
"36420271","plasmid_puc19c",1964,"+",2,0,"CG","CGT"
"36420272","plasmid_puc19c",1965,"-",1,0,"CG","CGA"
"36420273","plasmid_puc19c",1967,"+",1,1,"CG","CGT"
"36420274","plasmid_puc19c",1968,"-",1,0,"CG","CGA"
"36420275","plasmid_puc19c",1992,"+",1,0,"CG","CGG"
"36420276","plasmid_puc19c",1993,"-",1,0,"CG","CGG"
"36420277","plasmid_puc19c",2002,"+",2,0,"CG","CGA"
"36420278","plasmid_puc19c",2003,"-",1,0,"CG","CGT"
"36420279","plasmid_puc19c",2011,"+",2,0,"CG","CGA"
"36420280","plasmid_puc19c",2012,"-",1,0,"CG","CGC"
"36420281","plasmid_puc19c",2045,"+",2,0,"CG","CGG"
"36420282","plasmid_puc19c",2046,"-",1,0,"CG","CGC"
"36420283","plasmid_puc19c",2058,"+",1,0,"CG","CGG"
"36420284","plasmid_puc19c",2059,"-",1,0,"CG","CGA"
"36420285","plasmid_puc19c",2066,"+",1,0,"CG","CGA"
"36420286","plasmid_puc19c",2067,"-",1,0,"CG","CGG"
"36420287","plasmid_puc19c",2070,"+",1,0,"CG","CGT"
"36420288","plasmid_puc19c",2071,"-",1,0,"CG","CGA"
"36420289","plasmid_puc19c",2091,"+",0,0,"CG","CGC"
"36420290","plasmid_puc19c",2092,"-",0,0,"CG","CGG"
"36420291","plasmid_puc19c",2151,"+",1,0,"CG","CGT"
"36420292","plasmid_puc19c",2152,"-",0,0,"CG","CGG"
"36420293","plasmid_puc19c",2212,"+",1,0,"CG","CGG"
"36420294","plasmid_puc19c",2213,"-",0,0,"CG","CGC"
"36420295","plasmid_puc19c",2215,"+",1,0,"CG","CGA"
"36420296","plasmid_puc19c",2216,"-",0,0,"CG","CGC"
"36420297","plasmid_puc19c",2219,"+",1,0,"CG","CGA"
"36420298","plasmid_puc19c",2220,"-",0,0,"CG","CGG"
"36420299","plasmid_puc19c",2234,"+",1,0,"CG","CGG"
"36420300","plasmid_puc19c",2235,"-",0,0,"CG","CGG"
"36420301","plasmid_puc19c",2237,"+",1,0,"CG","CGT"
"36420302","plasmid_puc19c",2238,"-",0,0,"CG","CGC"
"36420303","plasmid_puc19c",2245,"+",1,0,"CG","CGG"
"36420304","plasmid_puc19c",2246,"-",0,0,"CG","CGT"
"36420305","plasmid_puc19c",2256,"+",1,0,"CG","CGC"
"36420306","plasmid_puc19c",2257,"-",0,0,"CG","CGG"
"36420307","plasmid_puc19c",2258,"+",2,0,"CG","CGC"
"36420308","plasmid_puc19c",2259,"-",0,0,"CG","CGC"
"36420309","plasmid_puc19c",2299,"+",3,0,"CG","CGT"
"36420310","plasmid_puc19c",2300,"-",0,0,"CG","CGT"
"36420311","plasmid_puc19c",2306,"+",3,0,"CG","CGG"
"36420312","plasmid_puc19c",2307,"-",0,0,"CG","CGA"
"36420313","plasmid_puc19c",2311,"+",3,0,"CG","CGA"
"36420314","plasmid_puc19c",2312,"-",0,0,"CG","CGC"
"36420315","plasmid_puc19c",2333,"+",3,0,"CG","CGC"
"36420316","plasmid_puc19c",2334,"-",0,0,"CG","CGG"
"36420317","plasmid_puc19c",2351,"+",3,0,"CG","CGA"
"36420318","plasmid_puc19c",2352,"-",0,0,"CG","CGA"
"36420319","plasmid_puc19c",2365,"+",2,0,"CG","CGT"
"36420320","plasmid_puc19c",2366,"-",0,0,"CG","CGA"
"36420321","plasmid_puc19c",2406,"+",1,0,"CG","CGT"
"36420322","plasmid_puc19c",2407,"-",0,0,"CG","CGC"
"36420323","plasmid_puc19c",2442,"+",1,0,"CG","CGC"
"36420324","plasmid_puc19c",2443,"-",0,0,"CG","CGG"
"36420325","plasmid_puc19c",2462,"+",1,0,"CG","CGA"
"36420326","plasmid_puc19c",2463,"-",0,0,"CG","CGC"
"36420327","plasmid_puc19c",2467,"+",1,0,"CG","CGG"
"36420328","plasmid_puc19c",2468,"-",0,0,"CG","CGT"
"36420329","plasmid_puc19c",2541,"+",1,0,"CG","CGG"
"36420330","plasmid_puc19c",2542,"-",0,0,"CG","CGC"
"36420331","plasmid_puc19c",2588,"+",0,0,"CG","CGC"
"36420332","plasmid_puc19c",2589,"-",0,0,"CG","CGG"
"36420333","plasmid_puc19c",2590,"+",0,0,"CG","CGC"
"36420334","plasmid_puc19c",2591,"-",0,0,"CG","CGC"
"36420335","plasmid_puc19c",2602,"+",0,0,"CG","CGA"
"36420336","plasmid_puc19c",2603,"-",0,0,"CG","CGG"
"36420337","plasmid_puc19c",2619,"+",1,0,"CG","CGT"
"36420338","plasmid_puc19c",2620,"-",0,0,"CG","CGT"
"36420339","plasmid_puc19c",2665,"+",1,0,"CG","CGT"
"36420340","plasmid_puc19c",2666,"-",0,0,"CG","CGC"
"36420341","plasmid_puc19c",2672,"+",1,0,"CG","CGA"
"36420342","plasmid_puc19c",2673,"-",0,0,"CG","CGT"
"36420343","plasmid_puc19c",2683,"+",1,0,"CG","CGT"
"36420344","plasmid_puc19c",2684,"-",0,0,"CG","CGA"
