"","chrom","start","end","percent_methylation","methylated_reads","unmethylated_reads","context","total_reads"
"1","phage_lambda",134,135,0,0,1,"CpG",1
"2","phage_lambda",154,155,0,0,1,"CpG",1
"3","phage_lambda",155,156,100,1,0,"CpG",1
"4","phage_lambda",177,178,0,0,1,"CpG",1
"5","phage_lambda",178,179,0,0,1,"CpG",1
"6","phage_lambda",225,226,0,0,1,"CpG",1
"7","phage_lambda",226,227,0,0,1,"CpG",1
"8","phage_lambda",230,231,0,0,1,"CpG",1
"9","phage_lambda",231,232,0,0,1,"CpG",1
"10","phage_lambda",238,239,0,0,1,"CpG",1
"11","phage_lambda",239,240,0,0,1,"CpG",1
"12","phage_lambda",273,274,0,0,2,"CpG",2
"13","phage_lambda",274,275,0,0,1,"CpG",1
"14","phage_lambda",280,281,0,0,2,"CpG",2
"15","phage_lambda",281,282,0,0,1,"CpG",1
"16","phage_lambda",285,286,0,0,2,"CpG",2
"17","phage_lambda",286,287,0,0,1,"CpG",1
"18","phage_lambda",321,322,0,0,2,"CpG",2
"19","phage_lambda",322,323,0,0,1,"CpG",1
"20","phage_lambda",324,325,0,0,2,"CpG",2
"21","phage_lambda",325,326,0,0,1,"CpG",1
"22","phage_lambda",342,343,0,0,2,"CpG",2
"23","phage_lambda",343,344,0,0,1,"CpG",1
"24","phage_lambda",366,367,0,0,2,"CpG",2
"25","phage_lambda",376,377,0,0,1,"CpG",1
"26","phage_lambda",377,378,0,0,1,"CpG",1
"27","phage_lambda",379,380,0,0,1,"CpG",1
"28","phage_lambda",380,381,0,0,1,"CpG",1
"29","phage_lambda",397,398,0,0,1,"CpG",1
"30","phage_lambda",398,399,0,0,1,"CpG",1
"31","phage_lambda",409,410,0,0,1,"CpG",1
"32","phage_lambda",441,442,0,0,1,"CpG",1
"33","phage_lambda",442,443,0,0,1,"CpG",1
"34","phage_lambda",445,446,0,0,1,"CpG",1
"35","phage_lambda",446,447,0,0,1,"CpG",1
"36","phage_lambda",451,452,0,0,1,"CpG",1
"37","phage_lambda",452,453,0,0,1,"CpG",1
"38","phage_lambda",458,459,0,0,1,"CpG",1
"39","phage_lambda",459,460,0,0,1,"CpG",1
"40","phage_lambda",460,461,0,0,1,"CpG",1
"41","phage_lambda",461,462,0,0,1,"CpG",1
"42","phage_lambda",464,465,0,0,1,"CpG",1
"43","phage_lambda",465,466,0,0,1,"CpG",1
"44","phage_lambda",471,472,0,0,1,"CpG",1
"45","phage_lambda",472,473,0,0,1,"CpG",1
"46","phage_lambda",474,475,0,0,1,"CpG",1
"47","phage_lambda",475,476,0,0,1,"CpG",1
"48","phage_lambda",504,505,0,0,1,"CpG",1
"49","phage_lambda",505,506,0,0,1,"CpG",1
"50","phage_lambda",522,523,0,0,1,"CpG",1
"51","phage_lambda",523,524,0,0,1,"CpG",1
"52","phage_lambda",537,538,0,0,2,"CpG",2
"53","phage_lambda",545,546,0,0,2,"CpG",2
"54","phage_lambda",547,548,0,0,2,"CpG",2
"55","phage_lambda",552,553,0,0,2,"CpG",2
"56","phage_lambda",576,577,0,0,2,"CpG",2
"57","phage_lambda",579,580,0,0,2,"CpG",2
"58","phage_lambda",593,594,0,0,1,"CpG",1
"59","phage_lambda",601,602,0,0,1,"CpG",1
"60","phage_lambda",604,605,0,0,1,"CpG",1
"61","phage_lambda",611,612,0,0,1,"CpG",1
"62","phage_lambda",625,626,0,0,1,"CpG",1
"63","phage_lambda",646,647,0,0,1,"CpG",1
"64","phage_lambda",679,680,0,0,1,"CpG",1
"65","phage_lambda",681,682,0,0,1,"CpG",1
"66","phage_lambda",699,700,0,0,1,"CpG",1
"67","phage_lambda",721,722,0,0,1,"CpG",1
"68","phage_lambda",744,745,0,0,1,"CpG",1
"69","phage_lambda",755,756,0,0,1,"CpG",1
"70","phage_lambda",756,757,0,0,1,"CpG",1
"71","phage_lambda",757,758,0,0,1,"CpG",1
"72","phage_lambda",758,759,0,0,1,"CpG",1
"73","phage_lambda",760,761,0,0,1,"CpG",1
"74","phage_lambda",761,762,0,0,1,"CpG",1
"75","phage_lambda",767,768,0,0,1,"CpG",1
"76","phage_lambda",768,769,0,0,1,"CpG",1
"77","phage_lambda",783,784,0,0,2,"CpG",2
"78","phage_lambda",784,785,0,0,1,"CpG",1
"79","phage_lambda",796,797,0,0,2,"CpG",2
"80","phage_lambda",797,798,0,0,1,"CpG",1
"81","phage_lambda",799,800,0,0,2,"CpG",2
"82","phage_lambda",800,801,0,0,1,"CpG",1
"83","phage_lambda",810,811,0,0,2,"CpG",2
"84","phage_lambda",811,812,0,0,1,"CpG",1
"85","phage_lambda",831,832,0,0,2,"CpG",2
"86","phage_lambda",841,842,0,0,2,"CpG",2
"87","phage_lambda",857,858,0,0,2,"CpG",2
"88","phage_lambda",881,882,0,0,2,"CpG",2
"89","phage_lambda",897,898,0,0,1,"CpG",1
"90","phage_lambda",907,908,0,0,1,"CpG",1
"91","phage_lambda",917,918,0,0,1,"CpG",1
"92","phage_lambda",944,945,0,0,1,"CpG",1
"93","phage_lambda",949,950,0,0,1,"CpG",1
"94","phage_lambda",1696,1697,0,0,1,"CpG",1
"95","phage_lambda",1705,1706,0,0,1,"CpG",1
"96","phage_lambda",1747,1748,0,0,1,"CpG",1
"97","phage_lambda",1759,1760,0,0,1,"CpG",1
"98","phage_lambda",1767,1768,0,0,1,"CpG",1
"99","phage_lambda",1778,1779,0,0,1,"CpG",1
"100","phage_lambda",1789,1790,0,0,1,"CpG",1
"101","phage_lambda",1793,1794,0,0,1,"CpG",1
"102","phage_lambda",1801,1802,0,0,1,"CpG",1
"103","phage_lambda",1810,1811,0,0,1,"CpG",1
"104","phage_lambda",1820,1821,0,0,1,"CpG",1
"105","phage_lambda",1824,1825,0,0,1,"CpG",1
"106","phage_lambda",1828,1829,0,0,1,"CpG",1
"107","phage_lambda",2941,2942,0,0,1,"CpG",1
"108","phage_lambda",2945,2946,0,0,1,"CpG",1
"109","phage_lambda",2957,2958,0,0,1,"CpG",1
"110","phage_lambda",2997,2998,0,0,1,"CpG",1
"111","phage_lambda",2998,2999,0,0,1,"CpG",1
"112","phage_lambda",3009,3010,0,0,1,"CpG",1
"113","phage_lambda",3010,3011,0,0,1,"CpG",1
"114","phage_lambda",3011,3012,0,0,1,"CpG",1
"115","phage_lambda",3012,3013,0,0,1,"CpG",1
"116","phage_lambda",3017,3018,0,0,1,"CpG",1
"117","phage_lambda",3018,3019,0,0,1,"CpG",1
"118","phage_lambda",3027,3028,0,0,1,"CpG",1
"119","phage_lambda",3028,3029,0,0,1,"CpG",1
"120","phage_lambda",3035,3036,0,0,1,"CpG",1
"121","phage_lambda",3036,3037,0,0,1,"CpG",1
"122","phage_lambda",3044,3045,0,0,1,"CpG",1
"123","phage_lambda",3045,3046,0,0,1,"CpG",1
"124","phage_lambda",3050,3051,0,0,1,"CpG",1
"125","phage_lambda",3051,3052,0,0,1,"CpG",1
"126","phage_lambda",3077,3078,0,0,1,"CpG",1
"127","phage_lambda",3078,3079,0,0,1,"CpG",1
"128","phage_lambda",3080,3081,0,0,1,"CpG",1
"129","phage_lambda",3081,3082,0,0,1,"CpG",1
"130","phage_lambda",3093,3094,0,0,1,"CpG",1
"131","phage_lambda",3094,3095,0,0,1,"CpG",1
"132","phage_lambda",3105,3106,0,0,1,"CpG",1
"133","phage_lambda",3106,3107,0,0,1,"CpG",1
"134","phage_lambda",3117,3118,0,0,1,"CpG",1
"135","phage_lambda",3118,3119,0,0,1,"CpG",1
"136","phage_lambda",3131,3132,0,0,1,"CpG",1
"137","phage_lambda",3132,3133,0,0,1,"CpG",1
"138","phage_lambda",3147,3148,0,0,1,"CpG",1
"139","phage_lambda",3159,3160,0,0,1,"CpG",1
"140","phage_lambda",3161,3162,0,0,1,"CpG",1
"141","phage_lambda",3172,3173,0,0,1,"CpG",1
"142","phage_lambda",3374,3375,0,0,1,"CpG",1
"143","phage_lambda",3384,3385,0,0,1,"CpG",1
"144","phage_lambda",3387,3388,0,0,1,"CpG",1
"145","phage_lambda",3394,3395,0,0,1,"CpG",1
"146","phage_lambda",3403,3404,0,0,1,"CpG",1
"147","phage_lambda",3408,3409,0,0,1,"CpG",1
"148","phage_lambda",3429,3430,0,0,1,"CpG",1
"149","phage_lambda",3434,3435,0,0,1,"CpG",1
"150","phage_lambda",3437,3438,0,0,1,"CpG",1
"151","phage_lambda",3450,3451,0,0,1,"CpG",1
"152","phage_lambda",3456,3457,0,0,1,"CpG",1
"153","phage_lambda",3462,3463,0,0,1,"CpG",1
"154","phage_lambda",3482,3483,0,0,1,"CpG",1
"155","phage_lambda",3505,3506,0,0,1,"CpG",1
"156","phage_lambda",3516,3517,0,0,1,"CpG",1
"157","phage_lambda",3571,3572,0,0,1,"CpG",1
"158","phage_lambda",3573,3574,0,0,1,"CpG",1
"159","phage_lambda",3594,3595,0,0,1,"CpG",1
"160","phage_lambda",3618,3619,0,0,1,"CpG",1
"161","phage_lambda",3623,3624,0,0,1,"CpG",1
"162","phage_lambda",3635,3636,0,0,1,"CpG",1
"163","phage_lambda",3648,3649,0,0,1,"CpG",1
"164","phage_lambda",3662,3663,0,0,1,"CpG",1
"165","phage_lambda",3672,3673,0,0,1,"CpG",1
"166","phage_lambda",3698,3699,0,0,1,"CpG",1
"167","phage_lambda",3707,3708,0,0,1,"CpG",1
"168","phage_lambda",3874,3875,0,0,1,"CpG",1
"169","phage_lambda",3881,3882,0,0,1,"CpG",1
"170","phage_lambda",3890,3891,0,0,1,"CpG",1
"171","phage_lambda",3912,3913,0,0,1,"CpG",1
"172","phage_lambda",3920,3921,0,0,1,"CpG",1
"173","phage_lambda",3926,3927,0,0,1,"CpG",1
"174","phage_lambda",3940,3941,0,0,1,"CpG",1
"175","phage_lambda",3957,3958,0,0,1,"CpG",1
"176","phage_lambda",3965,3966,0,0,1,"CpG",1
"177","phage_lambda",4701,4702,0,0,1,"CpG",1
"178","phage_lambda",4703,4704,0,0,1,"CpG",1
"179","phage_lambda",4707,4708,0,0,1,"CpG",1
"180","phage_lambda",4716,4717,0,0,1,"CpG",1
"181","phage_lambda",4722,4723,0,0,1,"CpG",1
"182","phage_lambda",4732,4733,0,0,1,"CpG",1
"183","phage_lambda",4741,4742,0,0,1,"CpG",1
"184","phage_lambda",4750,4751,0,0,1,"CpG",1
"185","phage_lambda",4754,4755,0,0,1,"CpG",1
"186","phage_lambda",4774,4775,0,0,1,"CpG",1
"187","phage_lambda",4779,4780,0,0,1,"CpG",1
"188","phage_lambda",4789,4790,0,0,1,"CpG",1
"189","phage_lambda",4801,4802,0,0,1,"CpG",1
"190","phage_lambda",4812,4813,0,0,1,"CpG",1
"191","phage_lambda",4816,4817,0,0,1,"CpG",1
"192","phage_lambda",4819,4820,0,0,1,"CpG",1
"193","phage_lambda",4830,4831,0,0,1,"CpG",1
"194","phage_lambda",4846,4847,0,0,1,"CpG",1
"195","phage_lambda",4880,4881,0,0,1,"CpG",1
"196","phage_lambda",4889,4890,0,0,1,"CpG",1
"197","phage_lambda",4899,4900,0,0,1,"CpG",1
"198","phage_lambda",4938,4939,0,0,1,"CpG",1
"199","phage_lambda",4939,4940,0,0,1,"CpG",1
"200","phage_lambda",4945,4946,0,0,1,"CpG",1
"201","phage_lambda",4946,4947,0,0,1,"CpG",1
"202","phage_lambda",4949,4950,0,0,1,"CpG",1
"203","phage_lambda",4959,4960,0,0,1,"CpG",1
"204","phage_lambda",4966,4967,0,0,1,"CpG",1
"205","phage_lambda",4970,4971,0,0,1,"CpG",1
"206","phage_lambda",4984,4985,0,0,1,"CpG",1
"207","phage_lambda",4987,4988,0,0,1,"CpG",1
"208","phage_lambda",5011,5012,0,0,1,"CpG",1
"209","phage_lambda",5019,5020,0,0,1,"CpG",1
"210","phage_lambda",5046,5047,0,0,1,"CpG",1
"211","phage_lambda",5136,5137,0,0,1,"CpG",1
"212","phage_lambda",5143,5144,0,0,1,"CpG",1
"213","phage_lambda",5156,5157,0,0,1,"CpG",1
"214","phage_lambda",5157,5158,0,0,1,"CpG",1
"215","phage_lambda",5168,5169,0,0,1,"CpG",1
"216","phage_lambda",5169,5170,0,0,1,"CpG",1
"217","phage_lambda",5178,5179,0,0,1,"CpG",1
"218","phage_lambda",5179,5180,0,0,1,"CpG",1
"219","phage_lambda",5187,5188,0,0,1,"CpG",1
"220","phage_lambda",5188,5189,0,0,1,"CpG",1
"221","phage_lambda",5208,5209,0,0,1,"CpG",1
"222","phage_lambda",5209,5210,0,0,1,"CpG",1
"223","phage_lambda",5227,5228,0,0,1,"CpG",1
"224","phage_lambda",5248,5249,0,0,2,"CpG",2
"225","phage_lambda",5278,5279,0,0,2,"CpG",2
"226","phage_lambda",5283,5284,0,0,2,"CpG",2
"227","phage_lambda",5290,5291,0,0,2,"CpG",2
"228","phage_lambda",5297,5298,0,0,2,"CpG",2
"229","phage_lambda",5315,5316,0,0,1,"CpG",1
"230","phage_lambda",5324,5325,0,0,1,"CpG",1
"231","phage_lambda",5339,5340,0,0,1,"CpG",1
"232","phage_lambda",6427,6428,0,0,1,"CpG",1
"233","phage_lambda",6439,6440,0,0,1,"CpG",1
"234","phage_lambda",6445,6446,0,0,1,"CpG",1
"235","phage_lambda",6453,6454,0,0,1,"CpG",1
"236","phage_lambda",6456,6457,0,0,1,"CpG",1
"237","phage_lambda",6459,6460,0,0,1,"CpG",1
"238","phage_lambda",6462,6463,0,0,1,"CpG",1
"239","phage_lambda",7331,7332,0,0,1,"CpG",1
"240","phage_lambda",7344,7345,100,1,0,"CpG",1
"241","phage_lambda",7366,7367,0,0,1,"CpG",1
"242","phage_lambda",7383,7384,100,1,0,"CpG",1
"243","phage_lambda",7409,7410,0,0,1,"CpG",1
"244","phage_lambda",7415,7416,0,0,1,"CpG",1
"245","phage_lambda",7422,7423,0,0,1,"CpG",1
"246","phage_lambda",7436,7437,0,0,1,"CpG",1
"247","phage_lambda",7451,7452,0,0,1,"CpG",1
"248","phage_lambda",7455,7456,0,0,1,"CpG",1
"249","phage_lambda",7491,7492,0,0,2,"CpG",2
"250","phage_lambda",7496,7497,0,0,2,"CpG",2
"251","phage_lambda",7498,7499,0,0,2,"CpG",2
"252","phage_lambda",7526,7527,0,0,2,"CpG",2
"253","phage_lambda",7532,7533,0,0,2,"CpG",2
"254","phage_lambda",7535,7536,0,0,2,"CpG",2
"255","phage_lambda",7540,7541,0,0,2,"CpG",2
"256","phage_lambda",7551,7552,0,0,2,"CpG",2
"257","phage_lambda",7563,7564,0,0,2,"CpG",2
"258","phage_lambda",7576,7577,0,0,1,"CpG",1
"259","phage_lambda",7578,7579,0,0,1,"CpG",1
"260","phage_lambda",7600,7601,0,0,1,"CpG",1
"261","phage_lambda",7607,7608,0,0,1,"CpG",1
"262","phage_lambda",7622,7623,0,0,1,"CpG",1
"263","phage_lambda",9217,9218,0,0,1,"CpG",1
"264","phage_lambda",9237,9238,0,0,1,"CpG",1
"265","phage_lambda",9246,9247,0,0,1,"CpG",1
"266","phage_lambda",9262,9263,0,0,1,"CpG",1
"267","phage_lambda",9269,9270,0,0,1,"CpG",1
"268","phage_lambda",9284,9285,0,0,1,"CpG",1
"269","phage_lambda",9291,9292,0,0,1,"CpG",1
"270","phage_lambda",9295,9296,0,0,1,"CpG",1
"271","phage_lambda",9300,9301,0,0,1,"CpG",1
"272","phage_lambda",9304,9305,0,0,1,"CpG",1
"273","phage_lambda",9314,9315,0,0,1,"CpG",1
"274","phage_lambda",9334,9335,0,0,1,"CpG",1
"275","phage_lambda",9342,9343,0,0,1,"CpG",1
"276","phage_lambda",9348,9349,0,0,1,"CpG",1
"277","phage_lambda",9351,9352,0,0,1,"CpG",1
"278","phage_lambda",9368,9369,0,0,1,"CpG",1
"279","phage_lambda",9372,9373,0,0,1,"CpG",1
"280","phage_lambda",9395,9396,0,0,1,"CpG",1
"281","phage_lambda",9399,9400,0,0,1,"CpG",1
"282","phage_lambda",9402,9403,0,0,1,"CpG",1
"283","phage_lambda",9416,9417,0,0,1,"CpG",1
"284","phage_lambda",9423,9424,0,0,1,"CpG",1
"285","phage_lambda",9432,9433,100,1,0,"CpG",1
"286","phage_lambda",9439,9440,0,0,1,"CpG",1
"287","phage_lambda",9448,9449,0,0,1,"CpG",1
"288","phage_lambda",9453,9454,0,0,1,"CpG",1
"289","phage_lambda",9468,9469,0,0,1,"CpG",1
"290","phage_lambda",9492,9493,0,0,1,"CpG",1
"291","phage_lambda",9499,9500,0,0,1,"CpG",1
"292","phage_lambda",9634,9635,0,0,1,"CpG",1
"293","phage_lambda",9644,9645,0,0,1,"CpG",1
"294","phage_lambda",9664,9665,0,0,1,"CpG",1
"295","phage_lambda",9680,9681,0,0,1,"CpG",1
"296","phage_lambda",9686,9687,0,0,1,"CpG",1
"297","phage_lambda",9698,9699,0,0,1,"CpG",1
"298","phage_lambda",9709,9710,0,0,1,"CpG",1
"299","phage_lambda",9725,9726,0,0,1,"CpG",1
"300","phage_lambda",9743,9744,0,0,1,"CpG",1
"301","phage_lambda",9752,9753,0,0,1,"CpG",1
"302","phage_lambda",9757,9758,0,0,1,"CpG",1
"303","phage_lambda",9783,9784,0,0,1,"CpG",1
"304","phage_lambda",9797,9798,0,0,1,"CpG",1
"305","phage_lambda",9810,9811,0,0,1,"CpG",1
"306","phage_lambda",9826,9827,0,0,1,"CpG",1
"307","phage_lambda",9843,9844,0,0,1,"CpG",1
"308","phage_lambda",9863,9864,100,1,0,"CpG",1
"309","phage_lambda",9875,9876,0,0,1,"CpG",1
"310","phage_lambda",9878,9879,100,1,0,"CpG",1
"311","phage_lambda",9880,9881,100,1,0,"CpG",1
"312","phage_lambda",9892,9893,0,0,1,"CpG",1
"313","phage_lambda",10426,10427,0,0,1,"CpG",1
"314","phage_lambda",10436,10437,0,0,1,"CpG",1
"315","phage_lambda",10440,10441,0,0,1,"CpG",1
"316","phage_lambda",10458,10459,0,0,1,"CpG",1
"317","phage_lambda",10459,10460,0,0,1,"CpG",1
"318","phage_lambda",10466,10467,0,0,1,"CpG",1
"319","phage_lambda",10467,10468,0,0,1,"CpG",1
"320","phage_lambda",10475,10476,0,0,1,"CpG",1
"321","phage_lambda",10476,10477,0,0,1,"CpG",1
"322","phage_lambda",10484,10485,0,0,1,"CpG",1
"323","phage_lambda",10485,10486,0,0,1,"CpG",1
"324","phage_lambda",10494,10495,0,0,1,"CpG",1
"325","phage_lambda",10495,10496,0,0,1,"CpG",1
"326","phage_lambda",10524,10525,0,0,1,"CpG",1
"327","phage_lambda",10525,10526,0,0,1,"CpG",1
"328","phage_lambda",10537,10538,0,0,1,"CpG",1
"329","phage_lambda",10538,10539,0,0,1,"CpG",1
"330","phage_lambda",10551,10552,0,0,1,"CpG",1
"331","phage_lambda",10552,10553,0,0,1,"CpG",1
"332","phage_lambda",10558,10559,0,0,1,"CpG",1
"333","phage_lambda",10559,10560,0,0,1,"CpG",1
"334","phage_lambda",10567,10568,0,0,1,"CpG",1
"335","phage_lambda",10568,10569,0,0,1,"CpG",1
"336","phage_lambda",10588,10589,0,0,1,"CpG",1
"337","phage_lambda",10601,10602,0,0,1,"CpG",1
"338","phage_lambda",10623,10624,0,0,1,"CpG",1
"339","phage_lambda",10639,10640,0,0,1,"CpG",1
"340","phage_lambda",11301,11302,0,0,1,"CpG",1
"341","phage_lambda",11321,11322,0,0,1,"CpG",1
"342","phage_lambda",11326,11327,0,0,1,"CpG",1
"343","phage_lambda",11329,11330,0,0,1,"CpG",1
"344","phage_lambda",11338,11339,0,0,1,"CpG",1
"345","phage_lambda",11352,11353,100,1,0,"CpG",1
"346","phage_lambda",11355,11356,100,1,0,"CpG",1
"347","phage_lambda",11359,11360,0,0,1,"CpG",1
"348","phage_lambda",11365,11366,100,1,0,"CpG",1
"349","phage_lambda",11370,11371,0,0,1,"CpG",1
"350","phage_lambda",11393,11394,0,0,1,"CpG",1
"351","phage_lambda",11396,11397,0,0,1,"CpG",1
"352","phage_lambda",11418,11419,0,0,1,"CpG",1
"353","phage_lambda",11445,11446,0,0,1,"CpG",1
"354","phage_lambda",11448,11449,0,0,1,"CpG",1
"355","phage_lambda",11472,11473,0,0,1,"CpG",1
"356","phage_lambda",11473,11474,0,0,1,"CpG",1
"357","phage_lambda",11489,11490,0,0,1,"CpG",1
"358","phage_lambda",11490,11491,0,0,1,"CpG",1
"359","phage_lambda",11500,11501,0,0,1,"CpG",1
"360","phage_lambda",11501,11502,0,0,1,"CpG",1
"361","phage_lambda",11502,11503,0,0,1,"CpG",1
"362","phage_lambda",11503,11504,0,0,1,"CpG",1
"363","phage_lambda",11532,11533,0,0,1,"CpG",1
"364","phage_lambda",11533,11534,0,0,1,"CpG",1
"365","phage_lambda",11548,11549,0,0,1,"CpG",1
"366","phage_lambda",11549,11550,0,0,1,"CpG",1
"367","phage_lambda",11564,11565,0,0,1,"CpG",1
"368","phage_lambda",11587,11588,0,0,1,"CpG",1
"369","phage_lambda",11595,11596,0,0,1,"CpG",1
"370","phage_lambda",11597,11598,0,0,1,"CpG",1
"371","phage_lambda",11631,11632,0,0,1,"CpG",1
"372","phage_lambda",11638,11639,0,0,1,"CpG",1
"373","phage_lambda",11648,11649,0,0,1,"CpG",1
"374","phage_lambda",11652,11653,0,0,1,"CpG",1
"375","phage_lambda",11691,11692,0,0,1,"CpG",1
"376","phage_lambda",11692,11693,0,0,1,"CpG",1
"377","phage_lambda",11704,11705,0,0,1,"CpG",1
"378","phage_lambda",11705,11706,0,0,1,"CpG",1
"379","phage_lambda",11710,11711,0,0,1,"CpG",1
"380","phage_lambda",11711,11712,0,0,1,"CpG",1
"381","phage_lambda",11715,11716,0,0,1,"CpG",1
"382","phage_lambda",11716,11717,0,0,1,"CpG",1
"383","phage_lambda",11720,11721,0,0,1,"CpG",1
"384","phage_lambda",11721,11722,0,0,1,"CpG",1
"385","phage_lambda",11734,11735,0,0,1,"CpG",1
"386","phage_lambda",11735,11736,0,0,1,"CpG",1
"387","phage_lambda",11742,11743,0,0,1,"CpG",1
"388","phage_lambda",11743,11744,0,0,1,"CpG",1
"389","phage_lambda",11755,11756,0,0,1,"CpG",1
"390","phage_lambda",11756,11757,0,0,1,"CpG",1
"391","phage_lambda",11759,11760,0,0,1,"CpG",1
"392","phage_lambda",11760,11761,0,0,1,"CpG",1
"393","phage_lambda",11769,11770,0,0,1,"CpG",1
"394","phage_lambda",11770,11771,0,0,1,"CpG",1
"395","phage_lambda",11772,11773,0,0,1,"CpG",1
"396","phage_lambda",11773,11774,0,0,1,"CpG",1
"397","phage_lambda",11788,11789,0,0,1,"CpG",1
"398","phage_lambda",11789,11790,0,0,1,"CpG",1
"399","phage_lambda",11792,11793,0,0,1,"CpG",1
"400","phage_lambda",11793,11794,0,0,1,"CpG",1
"401","phage_lambda",11824,11825,0,0,1,"CpG",1
"402","phage_lambda",11825,11826,0,0,1,"CpG",1
"403","phage_lambda",12158,12159,0,0,1,"CpG",1
"404","phage_lambda",12178,12179,0,0,1,"CpG",1
"405","phage_lambda",12189,12190,0,0,1,"CpG",1
"406","phage_lambda",12200,12201,0,0,1,"CpG",1
"407","phage_lambda",12208,12209,0,0,1,"CpG",1
"408","phage_lambda",12210,12211,0,0,1,"CpG",1
"409","phage_lambda",12216,12217,0,0,1,"CpG",1
"410","phage_lambda",12225,12226,0,0,1,"CpG",1
"411","phage_lambda",12235,12236,0,0,1,"CpG",1
"412","phage_lambda",12416,12417,0,0,1,"CpG",1
"413","phage_lambda",12418,12419,0,0,1,"CpG",1
"414","phage_lambda",12445,12446,0,0,1,"CpG",1
"415","phage_lambda",12469,12470,0,0,1,"CpG",1
"416","phage_lambda",12474,12475,0,0,1,"CpG",1
"417","phage_lambda",12486,12487,0,0,1,"CpG",1
"418","phage_lambda",12507,12508,0,0,1,"CpG",1
"419","phage_lambda",12572,12573,100,1,0,"CpG",1
"420","phage_lambda",12573,12574,0,0,1,"CpG",1
"421","phage_lambda",12584,12585,100,1,0,"CpG",1
"422","phage_lambda",12585,12586,0,0,1,"CpG",1
"423","phage_lambda",12589,12590,100,1,0,"CpG",1
"424","phage_lambda",12590,12591,0,0,1,"CpG",1
"425","phage_lambda",12643,12644,0,0,1,"CpG",1
"426","phage_lambda",12644,12645,0,0,1,"CpG",1
"427","phage_lambda",12652,12653,0,0,1,"CpG",1
"428","phage_lambda",12653,12654,0,0,1,"CpG",1
"429","phage_lambda",12658,12659,0,0,1,"CpG",1
"430","phage_lambda",12659,12660,0,0,1,"CpG",1
"431","phage_lambda",12667,12668,0,0,1,"CpG",1
"432","phage_lambda",12668,12669,0,0,1,"CpG",1
"433","phage_lambda",12682,12683,0,0,1,"CpG",1
"434","phage_lambda",12683,12684,0,0,1,"CpG",1
"435","phage_lambda",12685,12686,0,0,1,"CpG",1
"436","phage_lambda",12686,12687,0,0,1,"CpG",1
"437","phage_lambda",12691,12692,0,0,1,"CpG",1
"438","phage_lambda",12692,12693,0,0,1,"CpG",1
"439","phage_lambda",12693,12694,0,0,1,"CpG",1
"440","phage_lambda",12694,12695,0,0,1,"CpG",1
"441","phage_lambda",12701,12702,0,0,1,"CpG",1
"442","phage_lambda",12719,12720,0,0,1,"CpG",1
"443","phage_lambda",12724,12725,0,0,1,"CpG",1
"444","phage_lambda",12727,12728,0,0,1,"CpG",1
"445","phage_lambda",12746,12747,0,0,1,"CpG",1
"446","phage_lambda",12757,12758,0,0,1,"CpG",1
"447","phage_lambda",12764,12765,0,0,1,"CpG",1
"448","phage_lambda",12767,12768,0,0,1,"CpG",1
"449","phage_lambda",13661,13662,0,0,1,"CpG",1
"450","phage_lambda",13667,13668,0,0,1,"CpG",1
"451","phage_lambda",13683,13684,0,0,1,"CpG",1
"452","phage_lambda",13695,13696,0,0,1,"CpG",1
"453","phage_lambda",13703,13704,0,0,1,"CpG",1
"454","phage_lambda",13725,13726,0,0,1,"CpG",1
"455","phage_lambda",13728,13729,0,0,1,"CpG",1
"456","phage_lambda",13733,13734,0,0,1,"CpG",1
"457","phage_lambda",13741,13742,0,0,1,"CpG",1
"458","phage_lambda",13744,13745,0,0,1,"CpG",1
"459","phage_lambda",13755,13756,0,0,1,"CpG",1
"460","phage_lambda",13759,13760,0,0,1,"CpG",1
"461","phage_lambda",14070,14071,0,0,1,"CpG",1
"462","phage_lambda",14078,14079,0,0,1,"CpG",1
"463","phage_lambda",14081,14082,0,0,1,"CpG",1
"464","phage_lambda",14093,14094,0,0,1,"CpG",1
"465","phage_lambda",14119,14120,0,0,1,"CpG",1
"466","phage_lambda",14151,14152,0,0,1,"CpG",1
"467","phage_lambda",14160,14161,0,0,1,"CpG",1
"468","phage_lambda",14164,14165,0,0,1,"CpG",1
"469","phage_lambda",14168,14169,0,0,1,"CpG",1
"470","phage_lambda",14171,14172,0,0,1,"CpG",1
"471","phage_lambda",14178,14179,0,0,1,"CpG",1
"472","phage_lambda",14184,14185,0,0,1,"CpG",1
"473","phage_lambda",14190,14191,0,0,1,"CpG",1
"474","phage_lambda",14194,14195,0,0,1,"CpG",1
"475","phage_lambda",14200,14201,0,0,1,"CpG",1
"476","phage_lambda",14251,14252,0,0,1,"CpG",1
"477","phage_lambda",14259,14260,0,0,1,"CpG",1
"478","phage_lambda",14272,14273,0,0,1,"CpG",1
"479","phage_lambda",14279,14280,0,0,1,"CpG",1
"480","phage_lambda",14282,14283,0,0,1,"CpG",1
"481","phage_lambda",14324,14325,0,0,1,"CpG",1
"482","phage_lambda",14343,14344,0,0,1,"CpG",1
"483","phage_lambda",14370,14371,0,0,1,"CpG",1
"484","phage_lambda",14374,14375,0,0,1,"CpG",1
"485","phage_lambda",14377,14378,0,0,1,"CpG",1
"486","phage_lambda",14403,14404,0,0,1,"CpG",1
"487","phage_lambda",14420,14421,0,0,1,"CpG",1
"488","phage_lambda",14427,14428,0,0,1,"CpG",1
"489","phage_lambda",14441,14442,0,0,1,"CpG",1
"490","phage_lambda",14451,14452,0,0,1,"CpG",1
"491","phage_lambda",14526,14527,0,0,1,"CpG",1
"492","phage_lambda",14541,14542,0,0,1,"CpG",1
"493","phage_lambda",14551,14552,0,0,1,"CpG",1
"494","phage_lambda",14552,14553,0,0,1,"CpG",1
"495","phage_lambda",14569,14570,0,0,1,"CpG",1
"496","phage_lambda",14570,14571,0,0,1,"CpG",1
"497","phage_lambda",14574,14575,0,0,1,"CpG",1
"498","phage_lambda",14575,14576,0,0,1,"CpG",1
"499","phage_lambda",14606,14607,0,0,1,"CpG",1
"500","phage_lambda",14607,14608,0,0,1,"CpG",1
"501","phage_lambda",14609,14610,0,0,1,"CpG",1
"502","phage_lambda",14610,14611,0,0,1,"CpG",1
"503","phage_lambda",14627,14628,0,0,1,"CpG",1
"504","phage_lambda",14628,14629,50,1,1,"CpG",2
"505","phage_lambda",14636,14637,0,0,1,"CpG",1
"506","phage_lambda",14637,14638,50,1,1,"CpG",2
"507","phage_lambda",14645,14646,0,0,1,"CpG",1
"508","phage_lambda",14646,14647,0,0,2,"CpG",2
"509","phage_lambda",14649,14650,0,0,1,"CpG",1
"510","phage_lambda",14650,14651,0,0,2,"CpG",2
"511","phage_lambda",14684,14685,0,0,1,"CpG",1
"512","phage_lambda",14685,14686,0,0,2,"CpG",2
"513","phage_lambda",14691,14692,0,0,1,"CpG",1
"514","phage_lambda",14692,14693,0,0,2,"CpG",2
"515","phage_lambda",14694,14695,0,0,1,"CpG",1
"516","phage_lambda",14695,14696,0,0,2,"CpG",2
"517","phage_lambda",14707,14708,0,0,2,"CpG",2
"518","phage_lambda",14710,14711,0,0,2,"CpG",2
"519","phage_lambda",14713,14714,0,0,2,"CpG",2
"520","phage_lambda",14716,14717,0,0,2,"CpG",2
"521","phage_lambda",14753,14754,0,0,1,"CpG",1
"522","phage_lambda",14767,14768,0,0,1,"CpG",1
"523","phage_lambda",14800,14801,0,0,1,"CpG",1
"524","phage_lambda",14806,14807,0,0,1,"CpG",1
"525","phage_lambda",14815,14816,0,0,1,"CpG",1
"526","phage_lambda",14817,14818,0,0,1,"CpG",1
"527","phage_lambda",14831,14832,0,0,1,"CpG",1
"528","phage_lambda",14844,14845,0,0,1,"CpG",1
"529","phage_lambda",14853,14854,0,0,1,"CpG",1
"530","phage_lambda",14856,14857,0,0,1,"CpG",1
"531","phage_lambda",14861,14862,0,0,1,"CpG",1
"532","phage_lambda",14868,14869,0,0,1,"CpG",1
"533","phage_lambda",14869,14870,0,0,1,"CpG",1
"534","phage_lambda",14878,14879,0,0,1,"CpG",1
"535","phage_lambda",14879,14880,0,0,1,"CpG",1
"536","phage_lambda",14895,14896,0,0,1,"CpG",1
"537","phage_lambda",14896,14897,0,0,1,"CpG",1
"538","phage_lambda",14917,14918,0,0,1,"CpG",1
"539","phage_lambda",14918,14919,0,0,1,"CpG",1
"540","phage_lambda",14920,14921,0,0,1,"CpG",1
"541","phage_lambda",14921,14922,0,0,1,"CpG",1
"542","phage_lambda",14925,14926,0,0,1,"CpG",1
"543","phage_lambda",14926,14927,0,0,1,"CpG",1
"544","phage_lambda",14939,14940,0,0,1,"CpG",1
"545","phage_lambda",14940,14941,0,0,1,"CpG",1
"546","phage_lambda",14942,14943,0,0,1,"CpG",1
"547","phage_lambda",14943,14944,0,0,1,"CpG",1
"548","phage_lambda",14959,14960,0,0,1,"CpG",1
"549","phage_lambda",14967,14968,0,0,1,"CpG",1
"550","phage_lambda",14971,14972,0,0,1,"CpG",1
"551","phage_lambda",14976,14977,0,0,1,"CpG",1
"552","phage_lambda",14984,14985,0,0,1,"CpG",1
"553","phage_lambda",14988,14989,0,0,1,"CpG",1
"554","phage_lambda",14996,14997,0,0,1,"CpG",1
"555","phage_lambda",14999,15000,0,0,1,"CpG",1
"556","phage_lambda",15351,15352,0,0,1,"CpG",1
"557","phage_lambda",15361,15362,0,0,1,"CpG",1
"558","phage_lambda",15363,15364,0,0,1,"CpG",1
"559","phage_lambda",15373,15374,0,0,1,"CpG",1
"560","phage_lambda",15375,15376,0,0,1,"CpG",1
"561","phage_lambda",15398,15399,0,0,2,"CpG",2
"562","phage_lambda",15405,15406,0,0,2,"CpG",2
"563","phage_lambda",15414,15415,0,0,2,"CpG",2
"564","phage_lambda",15439,15440,0,0,1,"CpG",1
"565","phage_lambda",15467,15468,100,1,0,"CpG",1
"566","phage_lambda",15472,15473,0,0,1,"CpG",1
"567","phage_lambda",15473,15474,100,1,0,"CpG",1
"568","phage_lambda",15476,15477,0,0,1,"CpG",1
"569","phage_lambda",15477,15478,100,1,0,"CpG",1
"570","phage_lambda",15496,15497,0,0,1,"CpG",1
"571","phage_lambda",15497,15498,0,0,1,"CpG",1
"572","phage_lambda",15535,15536,0,0,1,"CpG",1
"573","phage_lambda",15537,15538,0,0,1,"CpG",1
"574","phage_lambda",15539,15540,0,0,1,"CpG",1
"575","phage_lambda",15544,15545,0,0,1,"CpG",1
"576","phage_lambda",15565,15566,0,0,1,"CpG",1
"577","phage_lambda",15584,15585,0,0,1,"CpG",1
"578","phage_lambda",15596,15597,0,0,1,"CpG",1
"579","phage_lambda",15604,15605,0,0,1,"CpG",1
"580","phage_lambda",15616,15617,0,0,1,"CpG",1
"581","phage_lambda",15635,15636,0,0,1,"CpG",1
"582","phage_lambda",15652,15653,0,0,1,"CpG",1
"583","phage_lambda",15655,15656,0,0,1,"CpG",1
"584","phage_lambda",15733,15734,0,0,1,"CpG",1
"585","phage_lambda",15736,15737,0,0,1,"CpG",1
"586","phage_lambda",15755,15756,0,0,1,"CpG",1
"587","phage_lambda",15761,15762,0,0,1,"CpG",1
"588","phage_lambda",15766,15767,0,0,1,"CpG",1
"589","phage_lambda",15778,15779,0,0,1,"CpG",1
"590","phage_lambda",15796,15797,0,0,1,"CpG",1
"591","phage_lambda",15799,15800,0,0,1,"CpG",1
"592","phage_lambda",15807,15808,0,0,1,"CpG",1
"593","phage_lambda",15817,15818,0,0,1,"CpG",1
"594","phage_lambda",15830,15831,0,0,1,"CpG",1
"595","phage_lambda",15834,15835,0,0,1,"CpG",1
"596","phage_lambda",16141,16142,0,0,2,"CpG",2
"597","phage_lambda",16147,16148,0,0,2,"CpG",2
"598","phage_lambda",16157,16158,0,0,2,"CpG",2
"599","phage_lambda",16160,16161,0,0,2,"CpG",2
"600","phage_lambda",16174,16175,0,0,2,"CpG",2
"601","phage_lambda",16184,16185,0,0,2,"CpG",2
"602","phage_lambda",16203,16204,0,0,2,"CpG",2
"603","phage_lambda",16218,16219,0,0,2,"CpG",2
"604","phage_lambda",16220,16221,0,0,2,"CpG",2
"605","phage_lambda",16224,16225,0,0,2,"CpG",2
"606","phage_lambda",16240,16241,0,0,1,"CpG",1
"607","phage_lambda",16243,16244,0,0,1,"CpG",1
"608","phage_lambda",16255,16256,0,0,1,"CpG",1
"609","phage_lambda",16261,16262,0,0,1,"CpG",1
"610","phage_lambda",16263,16264,0,0,1,"CpG",1
"611","phage_lambda",16274,16275,0,0,1,"CpG",1
"612","phage_lambda",16351,16352,0,0,1,"CpG",1
"613","phage_lambda",16353,16354,0,0,1,"CpG",1
"614","phage_lambda",16358,16359,0,0,1,"CpG",1
"615","phage_lambda",16371,16372,0,0,1,"CpG",1
"616","phage_lambda",16381,16382,0,0,1,"CpG",1
"617","phage_lambda",16384,16385,0,0,1,"CpG",1
"618","phage_lambda",16402,16403,0,0,1,"CpG",1
"619","phage_lambda",16415,16416,0,0,1,"CpG",1
"620","phage_lambda",16427,16428,0,0,1,"CpG",1
"621","phage_lambda",16441,16442,0,0,1,"CpG",1
"622","phage_lambda",16445,16446,0,0,1,"CpG",1
"623","phage_lambda",16454,16455,0,0,1,"CpG",1
"624","phage_lambda",16459,16460,0,0,1,"CpG",1
"625","phage_lambda",16465,16466,0,0,1,"CpG",1
"626","phage_lambda",16507,16508,0,0,1,"CpG",1
"627","phage_lambda",16523,16524,0,0,1,"CpG",1
"628","phage_lambda",16534,16535,0,0,1,"CpG",1
"629","phage_lambda",16537,16538,0,0,1,"CpG",1
"630","phage_lambda",16542,16543,0,0,1,"CpG",1
"631","phage_lambda",16552,16553,0,0,1,"CpG",1
"632","phage_lambda",16562,16563,0,0,1,"CpG",1
"633","phage_lambda",16570,16571,0,0,1,"CpG",1
"634","phage_lambda",16576,16577,0,0,1,"CpG",1
"635","phage_lambda",16580,16581,0,0,1,"CpG",1
"636","phage_lambda",16590,16591,0,0,1,"CpG",1
"637","phage_lambda",16594,16595,0,0,1,"CpG",1
"638","phage_lambda",16597,16598,0,0,1,"CpG",1
"639","phage_lambda",16606,16607,0,0,1,"CpG",1
"640","phage_lambda",16620,16621,0,0,1,"CpG",1
"641","phage_lambda",16639,16640,0,0,1,"CpG",1
"642","phage_lambda",16649,16650,0,0,1,"CpG",1
"643","phage_lambda",16651,16652,0,0,1,"CpG",1
"644","phage_lambda",16654,16655,0,0,1,"CpG",1
"645","phage_lambda",16659,16660,0,0,1,"CpG",1
"646","phage_lambda",16673,16674,0,0,1,"CpG",1
"647","phage_lambda",16686,16687,0,0,1,"CpG",1
"648","phage_lambda",16697,16698,0,0,1,"CpG",1
"649","phage_lambda",16720,16721,0,0,1,"CpG",1
"650","phage_lambda",16738,16739,0,0,1,"CpG",1
"651","phage_lambda",16741,16742,0,0,1,"CpG",1
"652","phage_lambda",16762,16763,0,0,2,"CpG",2
"653","phage_lambda",16776,16777,0,0,1,"CpG",1
"654","phage_lambda",16781,16782,0,0,1,"CpG",1
"655","phage_lambda",16785,16786,0,0,1,"CpG",1
"656","phage_lambda",16795,16796,0,0,1,"CpG",1
"657","phage_lambda",16824,16825,0,0,1,"CpG",1
"658","phage_lambda",16839,16840,0,0,1,"CpG",1
"659","phage_lambda",16841,16842,0,0,1,"CpG",1
"660","phage_lambda",16844,16845,0,0,1,"CpG",1
"661","phage_lambda",16879,16880,0,0,1,"CpG",1
"662","phage_lambda",16886,16887,0,0,1,"CpG",1
"663","phage_lambda",16898,16899,0,0,1,"CpG",1
"664","phage_lambda",16901,16902,0,0,1,"CpG",1
"665","phage_lambda",16904,16905,0,0,1,"CpG",1
"666","phage_lambda",16964,16965,0,0,1,"CpG",1
"667","phage_lambda",16976,16977,0,0,1,"CpG",1
"668","phage_lambda",16983,16984,0,0,1,"CpG",1
"669","phage_lambda",16993,16994,0,0,1,"CpG",1
"670","phage_lambda",17010,17011,0,0,1,"CpG",1
"671","phage_lambda",17014,17015,0,0,1,"CpG",1
"672","phage_lambda",17020,17021,0,0,1,"CpG",1
"673","phage_lambda",17024,17025,0,0,1,"CpG",1
"674","phage_lambda",17028,17029,0,0,1,"CpG",1
"675","phage_lambda",17038,17039,0,0,1,"CpG",1
"676","phage_lambda",17051,17052,0,0,1,"CpG",1
"677","phage_lambda",17057,17058,0,0,1,"CpG",1
"678","phage_lambda",17059,17060,0,0,1,"CpG",1
"679","phage_lambda",17078,17079,0,0,1,"CpG",1
"680","phage_lambda",17092,17093,0,0,1,"CpG",1
"681","phage_lambda",17099,17100,0,0,1,"CpG",1
"682","phage_lambda",17114,17115,0,0,1,"CpG",1
"683","phage_lambda",17120,17121,0,0,1,"CpG",1
"684","phage_lambda",17123,17124,0,0,1,"CpG",1
"685","phage_lambda",17126,17127,0,0,1,"CpG",1
"686","phage_lambda",17145,17146,0,0,1,"CpG",1
"687","phage_lambda",17156,17157,0,0,1,"CpG",1
"688","phage_lambda",17281,17282,0,0,1,"CpG",1
"689","phage_lambda",17297,17298,0,0,1,"CpG",1
"690","phage_lambda",17306,17307,0,0,1,"CpG",1
"691","phage_lambda",17311,17312,0,0,1,"CpG",1
"692","phage_lambda",17321,17322,0,0,1,"CpG",1
"693","phage_lambda",17324,17325,0,0,1,"CpG",1
"694","phage_lambda",17338,17339,0,0,1,"CpG",1
"695","phage_lambda",17353,17354,0,0,1,"CpG",1
"696","phage_lambda",17356,17357,0,0,1,"CpG",1
"697","phage_lambda",17362,17363,0,0,1,"CpG",1
"698","phage_lambda",17378,17379,0,0,1,"CpG",1
"699","phage_lambda",17399,17400,0,0,1,"CpG",1
"700","phage_lambda",17419,17420,0,0,1,"CpG",1
"701","phage_lambda",17421,17422,0,0,1,"CpG",1
"702","phage_lambda",17927,17928,0,0,1,"CpG",1
"703","phage_lambda",17935,17936,0,0,1,"CpG",1
"704","phage_lambda",17972,17973,0,0,1,"CpG",1
"705","phage_lambda",17984,17985,0,0,1,"CpG",1
"706","phage_lambda",18008,18009,0,0,1,"CpG",1
"707","phage_lambda",18016,18017,0,0,1,"CpG",1
"708","phage_lambda",18026,18027,0,0,1,"CpG",1
"709","phage_lambda",18049,18050,0,0,1,"CpG",1
"710","phage_lambda",18407,18408,0,0,1,"CpG",1
"711","phage_lambda",18414,18415,0,0,1,"CpG",1
"712","phage_lambda",18419,18420,0,0,1,"CpG",1
"713","phage_lambda",18434,18435,0,0,1,"CpG",1
"714","phage_lambda",18452,18453,0,0,1,"CpG",1
"715","phage_lambda",18459,18460,0,0,1,"CpG",1
"716","phage_lambda",18464,18465,0,0,1,"CpG",1
"717","phage_lambda",18473,18474,0,0,1,"CpG",1
"718","phage_lambda",18483,18484,0,0,1,"CpG",1
"719","phage_lambda",18486,18487,0,0,1,"CpG",1
"720","phage_lambda",18503,18504,0,0,1,"CpG",1
"721","phage_lambda",18506,18507,0,0,1,"CpG",1
"722","phage_lambda",18510,18511,0,0,1,"CpG",1
"723","phage_lambda",18512,18513,0,0,1,"CpG",1
"724","phage_lambda",18521,18522,0,0,1,"CpG",1
"725","phage_lambda",18523,18524,0,0,1,"CpG",1
"726","phage_lambda",18529,18530,0,0,1,"CpG",1
"727","phage_lambda",18551,18552,0,0,1,"CpG",1
"728","phage_lambda",18562,18563,0,0,1,"CpG",1
"729","phage_lambda",18573,18574,0,0,1,"CpG",1
"730","phage_lambda",19322,19323,0,0,1,"CpG",1
"731","phage_lambda",19323,19324,0,0,1,"CpG",1
"732","phage_lambda",19326,19327,0,0,1,"CpG",1
"733","phage_lambda",19327,19328,0,0,1,"CpG",1
"734","phage_lambda",19335,19336,0,0,1,"CpG",1
"735","phage_lambda",19336,19337,0,0,1,"CpG",1
"736","phage_lambda",19351,19352,0,0,1,"CpG",1
"737","phage_lambda",19352,19353,0,0,1,"CpG",1
"738","phage_lambda",19359,19360,0,0,1,"CpG",1
"739","phage_lambda",19360,19361,0,0,1,"CpG",1
"740","phage_lambda",19378,19379,0,0,1,"CpG",1
"741","phage_lambda",19379,19380,0,0,1,"CpG",1
"742","phage_lambda",19385,19386,0,0,1,"CpG",1
"743","phage_lambda",19386,19387,0,0,1,"CpG",1
"744","phage_lambda",19398,19399,0,0,1,"CpG",1
"745","phage_lambda",19399,19400,0,0,1,"CpG",1
"746","phage_lambda",19415,19416,0,0,1,"CpG",1
"747","phage_lambda",19416,19417,0,0,1,"CpG",1
"748","phage_lambda",19431,19432,0,0,1,"CpG",1
"749","phage_lambda",19432,19433,0,0,1,"CpG",1
"750","phage_lambda",19444,19445,0,0,1,"CpG",1
"751","phage_lambda",19445,19446,0,0,1,"CpG",1
"752","phage_lambda",19460,19461,0,0,1,"CpG",1
"753","phage_lambda",19461,19462,0,0,1,"CpG",1
"754","phage_lambda",19487,19488,0,0,1,"CpG",1
"755","phage_lambda",19488,19489,0,0,1,"CpG",1
"756","phage_lambda",19493,19494,0,0,1,"CpG",1
"757","phage_lambda",19494,19495,0,0,1,"CpG",1
"758","phage_lambda",19497,19498,0,0,1,"CpG",1
"759","phage_lambda",19498,19499,0,0,1,"CpG",1
"760","phage_lambda",19500,19501,0,0,1,"CpG",1
"761","phage_lambda",19501,19502,0,0,1,"CpG",1
"762","phage_lambda",19527,19528,0,0,1,"CpG",1
"763","phage_lambda",19536,19537,100,1,0,"CpG",1
"764","phage_lambda",19543,19544,0,0,1,"CpG",1
"765","phage_lambda",19551,19552,0,0,1,"CpG",1
"766","phage_lambda",19560,19561,0,0,1,"CpG",1
"767","phage_lambda",19569,19570,0,0,1,"CpG",1
"768","phage_lambda",20401,20402,0,0,1,"CpG",1
"769","phage_lambda",20405,20406,0,0,1,"CpG",1
"770","phage_lambda",20420,20421,0,0,1,"CpG",1
"771","phage_lambda",20424,20425,0,0,1,"CpG",1
"772","phage_lambda",20437,20438,0,0,1,"CpG",1
"773","phage_lambda",20443,20444,0,0,1,"CpG",1
"774","phage_lambda",20446,20447,0,0,1,"CpG",1
"775","phage_lambda",20467,20468,0,0,1,"CpG",1
"776","phage_lambda",20476,20477,0,0,1,"CpG",1
"777","phage_lambda",20480,20481,0,0,1,"CpG",1
"778","phage_lambda",20485,20486,0,0,1,"CpG",1
"779","phage_lambda",20512,20513,0,0,1,"CpG",1
"780","phage_lambda",20517,20518,0,0,1,"CpG",1
"781","phage_lambda",20522,20523,0,0,1,"CpG",1
"782","phage_lambda",21373,21374,0,0,1,"CpG",1
"783","phage_lambda",21399,21400,0,0,1,"CpG",1
"784","phage_lambda",21405,21406,0,0,2,"CpG",2
"785","phage_lambda",21409,21410,0,0,2,"CpG",2
"786","phage_lambda",21446,21447,0,0,2,"CpG",2
"787","phage_lambda",21471,21472,0,0,3,"CpG",3
"788","phage_lambda",21476,21477,0,0,3,"CpG",3
"789","phage_lambda",21488,21489,0,0,4,"CpG",4
"790","phage_lambda",21500,21501,0,0,6,"CpG",6
"791","phage_lambda",21503,21504,0,0,6,"CpG",6
"792","phage_lambda",21513,21514,20,1,4,"CpG",5
"793","phage_lambda",21518,21519,0,0,5,"CpG",5
"794","phage_lambda",21537,21538,0,0,5,"CpG",5
"795","phage_lambda",21543,21544,0,0,5,"CpG",5
"796","phage_lambda",21554,21555,0,0,5,"CpG",5
"797","phage_lambda",21557,21558,0,0,6,"CpG",6
"798","phage_lambda",21566,21567,0,0,6,"CpG",6
"799","phage_lambda",21591,21592,0,0,5,"CpG",5
"800","phage_lambda",21606,21607,0,0,6,"CpG",6
"801","phage_lambda",21608,21609,0,0,5,"CpG",5
"802","phage_lambda",21737,21738,0,0,2,"CpG",2
"803","phage_lambda",21743,21744,0,0,2,"CpG",2
"804","phage_lambda",21777,21778,0,0,1,"CpG",1
"805","phage_lambda",21786,21787,0,0,2,"CpG",2
"806","phage_lambda",21795,21796,0,0,2,"CpG",2
"807","phage_lambda",21806,21807,0,0,2,"CpG",2
"808","phage_lambda",21827,21828,0,0,2,"CpG",2
"809","phage_lambda",21839,21840,0,0,2,"CpG",2
"810","phage_lambda",21849,21850,0,0,2,"CpG",2
"811","phage_lambda",21885,21886,0,0,2,"CpG",2
"812","phage_lambda",21900,21901,0,0,1,"CpG",1
"813","phage_lambda",21906,21907,0,0,1,"CpG",1
"814","phage_lambda",21911,21912,0,0,1,"CpG",1
"815","phage_lambda",21918,21919,0,0,1,"CpG",1
"816","phage_lambda",21920,21921,0,0,1,"CpG",1
"817","phage_lambda",21930,21931,0,0,1,"CpG",1
"818","phage_lambda",22070,22071,0,0,1,"CpG",1
"819","phage_lambda",22080,22081,0,0,1,"CpG",1
"820","phage_lambda",22101,22102,0,0,1,"CpG",1
"821","phage_lambda",22112,22113,0,0,1,"CpG",1
"822","phage_lambda",22124,22125,0,0,1,"CpG",1
"823","phage_lambda",22163,22164,0,0,2,"CpG",2
"824","phage_lambda",22173,22174,0,0,2,"CpG",2
"825","phage_lambda",22186,22187,0,0,2,"CpG",2
"826","phage_lambda",22197,22198,0,0,2,"CpG",2
"827","phage_lambda",22206,22207,0,0,2,"CpG",2
"828","phage_lambda",22215,22216,0,0,2,"CpG",2
"829","phage_lambda",22218,22219,0,0,2,"CpG",2
"830","phage_lambda",22221,22222,0,0,2,"CpG",2
"831","phage_lambda",22223,22224,0,0,2,"CpG",2
"832","phage_lambda",22242,22243,0,0,2,"CpG",2
"833","phage_lambda",22247,22248,0,0,2,"CpG",2
"834","phage_lambda",22274,22275,0,0,1,"CpG",1
"835","phage_lambda",22277,22278,0,0,1,"CpG",1
"836","phage_lambda",22302,22303,0,0,1,"CpG",1
"837","phage_lambda",22325,22326,0,0,1,"CpG",1
"838","phage_lambda",22345,22346,0,0,1,"CpG",1
"839","phage_lambda",22351,22352,0,0,1,"CpG",1
"840","phage_lambda",22358,22359,0,0,1,"CpG",1
"841","phage_lambda",22405,22406,0,0,1,"CpG",1
"842","phage_lambda",22406,22407,0,0,2,"CpG",2
"843","phage_lambda",22408,22409,0,0,1,"CpG",1
"844","phage_lambda",22409,22410,0,0,2,"CpG",2
"845","phage_lambda",22441,22442,0,0,1,"CpG",1
"846","phage_lambda",22442,22443,0,0,2,"CpG",2
"847","phage_lambda",22456,22457,0,0,1,"CpG",1
"848","phage_lambda",22457,22458,0,0,2,"CpG",2
"849","phage_lambda",22482,22483,0,0,1,"CpG",1
"850","phage_lambda",22483,22484,0,0,1,"CpG",1
"851","phage_lambda",22497,22498,0,0,1,"CpG",1
"852","phage_lambda",22558,22559,0,0,1,"CpG",1
"853","phage_lambda",22573,22574,0,0,1,"CpG",1
"854","phage_lambda",22581,22582,0,0,1,"CpG",1
"855","phage_lambda",22596,22597,100,1,0,"CpG",1
"856","phage_lambda",22603,22604,0,0,1,"CpG",1
"857","phage_lambda",22604,22605,0,0,1,"CpG",1
"858","phage_lambda",22646,22647,0,0,1,"CpG",1
"859","phage_lambda",22647,22648,0,0,1,"CpG",1
"860","phage_lambda",22711,22712,0,0,1,"CpG",1
"861","phage_lambda",22712,22713,0,0,1,"CpG",1
"862","phage_lambda",22734,22735,0,0,1,"CpG",1
"863","phage_lambda",22735,22736,0,0,1,"CpG",1
"864","phage_lambda",22753,22754,0,0,1,"CpG",1
"865","phage_lambda",22754,22755,0,0,1,"CpG",1
"866","phage_lambda",22790,22791,0,0,1,"CpG",1
"867","phage_lambda",22791,22792,0,0,2,"CpG",2
"868","phage_lambda",22804,22805,0,0,1,"CpG",1
"869","phage_lambda",22805,22806,0,0,2,"CpG",2
"870","phage_lambda",23001,23002,0,0,1,"CpG",1
"871","phage_lambda",23104,23105,0,0,1,"CpG",1
"872","phage_lambda",23120,23121,0,0,1,"CpG",1
"873","phage_lambda",23162,23163,0,0,1,"CpG",1
"874","phage_lambda",23199,23200,0,0,2,"CpG",2
"875","phage_lambda",23324,23325,0,0,1,"CpG",1
"876","phage_lambda",23337,23338,0,0,1,"CpG",1
"877","phage_lambda",23348,23349,0,0,1,"CpG",1
"878","phage_lambda",23438,23439,0,0,1,"CpG",1
"879","phage_lambda",23451,23452,0,0,1,"CpG",1
"880","phage_lambda",23459,23460,0,0,1,"CpG",1
"881","phage_lambda",23467,23468,0,0,1,"CpG",1
"882","phage_lambda",23629,23630,0,0,1,"CpG",1
"883","phage_lambda",23647,23648,0,0,1,"CpG",1
"884","phage_lambda",23663,23664,0,0,1,"CpG",1
"885","phage_lambda",23798,23799,0,0,1,"CpG",1
"886","phage_lambda",23827,23828,0,0,1,"CpG",1
"887","phage_lambda",24423,24424,0,0,1,"CpG",1
"888","phage_lambda",24463,24464,0,0,1,"CpG",1
"889","phage_lambda",24473,24474,0,0,1,"CpG",1
"890","phage_lambda",24802,24803,0,0,1,"CpG",1
"891","phage_lambda",24805,24806,0,0,1,"CpG",1
"892","phage_lambda",24835,24836,0,0,1,"CpG",1
"893","phage_lambda",24843,24844,0,0,1,"CpG",1
"894","phage_lambda",24849,24850,0,0,1,"CpG",1
"895","phage_lambda",25343,25344,0,0,1,"CpG",1
"896","phage_lambda",25363,25364,0,0,1,"CpG",1
"897","phage_lambda",25376,25377,0,0,1,"CpG",1
"898","phage_lambda",25432,25433,0,0,2,"CpG",2
"899","phage_lambda",25443,25444,0,0,2,"CpG",2
"900","phage_lambda",25448,25449,0,0,2,"CpG",2
"901","phage_lambda",25515,25516,0,0,2,"CpG",2
"902","phage_lambda",25522,25523,0,0,2,"CpG",2
"903","phage_lambda",25574,25575,0,0,1,"CpG",1
"904","phage_lambda",25802,25803,0,0,1,"CpG",1
"905","phage_lambda",25823,25824,0,0,1,"CpG",1
"906","phage_lambda",25829,25830,0,0,1,"CpG",1
"907","phage_lambda",25886,25887,0,0,1,"CpG",1
"908","phage_lambda",25938,25939,0,0,2,"CpG",2
"909","phage_lambda",25964,25965,0,0,2,"CpG",2
"910","phage_lambda",26113,26114,0,0,1,"CpG",1
"911","phage_lambda",26114,26115,0,0,2,"CpG",2
"912","phage_lambda",26120,26121,0,0,1,"CpG",1
"913","phage_lambda",26121,26122,0,0,2,"CpG",2
"914","phage_lambda",26238,26239,0,0,1,"CpG",1
"915","phage_lambda",26239,26240,0,0,1,"CpG",1
"916","phage_lambda",26254,26255,0,0,1,"CpG",1
"917","phage_lambda",26258,26259,0,0,1,"CpG",1
"918","phage_lambda",26286,26287,0,0,1,"CpG",1
"919","phage_lambda",26591,26592,0,0,1,"CpG",1
"920","phage_lambda",26609,26610,0,0,1,"CpG",1
"921","phage_lambda",26617,26618,0,0,1,"CpG",1
"922","phage_lambda",26675,26676,0,0,1,"CpG",1
"923","phage_lambda",26820,26821,0,0,1,"CpG",1
"924","phage_lambda",26826,26827,0,0,1,"CpG",1
"925","phage_lambda",27060,27061,0,0,1,"CpG",1
"926","phage_lambda",27096,27097,0,0,1,"CpG",1
"927","phage_lambda",27104,27105,0,0,1,"CpG",1
"928","phage_lambda",27571,27572,0,0,1,"CpG",1
"929","phage_lambda",27572,27573,0,0,1,"CpG",1
"930","phage_lambda",27710,27711,0,0,2,"CpG",2
"931","phage_lambda",27711,27712,0,0,1,"CpG",1
"932","phage_lambda",27717,27718,0,0,2,"CpG",2
"933","phage_lambda",27718,27719,0,0,1,"CpG",1
"934","phage_lambda",27779,27780,0,0,1,"CpG",1
"935","phage_lambda",27854,27855,0,0,3,"CpG",3
"936","phage_lambda",27877,27878,0,0,3,"CpG",3
"937","phage_lambda",27888,27889,0,0,3,"CpG",3
"938","phage_lambda",27912,27913,0,0,2,"CpG",2
"939","phage_lambda",27950,27951,0,0,2,"CpG",2
"940","phage_lambda",27957,27958,0,0,2,"CpG",2
"941","phage_lambda",27970,27971,0,0,1,"CpG",1
"942","phage_lambda",27981,27982,0,0,1,"CpG",1
"943","phage_lambda",28004,28005,0,0,1,"CpG",1
"944","phage_lambda",28005,28006,0,0,1,"CpG",1
"945","phage_lambda",28008,28009,0,0,1,"CpG",1
"946","phage_lambda",28009,28010,0,0,2,"CpG",2
"947","phage_lambda",28010,28011,0,0,1,"CpG",1
"948","phage_lambda",28011,28012,0,0,2,"CpG",2
"949","phage_lambda",28035,28036,0,0,1,"CpG",1
"950","phage_lambda",28036,28037,0,0,2,"CpG",2
"951","phage_lambda",28045,28046,0,0,1,"CpG",1
"952","phage_lambda",28046,28047,0,0,2,"CpG",2
"953","phage_lambda",28050,28051,0,0,1,"CpG",1
"954","phage_lambda",28051,28052,0,0,2,"CpG",2
"955","phage_lambda",28052,28053,0,0,1,"CpG",1
"956","phage_lambda",28053,28054,0,0,2,"CpG",2
"957","phage_lambda",28055,28056,0,0,1,"CpG",1
"958","phage_lambda",28056,28057,0,0,2,"CpG",2
"959","phage_lambda",28188,28189,0,0,1,"CpG",1
"960","phage_lambda",28209,28210,0,0,1,"CpG",1
"961","phage_lambda",28230,28231,0,0,1,"CpG",1
"962","phage_lambda",28247,28248,0,0,2,"CpG",2
"963","phage_lambda",28254,28255,0,0,2,"CpG",2
"964","phage_lambda",28332,28333,0,0,1,"CpG",1
"965","phage_lambda",28339,28340,0,0,1,"CpG",1
"966","phage_lambda",28376,28377,100,1,0,"CpG",1
"967","phage_lambda",28386,28387,100,1,0,"CpG",1
"968","phage_lambda",28427,28428,100,1,0,"CpG",1
"969","phage_lambda",28437,28438,100,1,0,"CpG",1
"970","phage_lambda",28468,28469,100,1,0,"CpG",1
"971","phage_lambda",28471,28472,100,1,0,"CpG",1
"972","phage_lambda",28482,28483,100,1,0,"CpG",1
"973","phage_lambda",28507,28508,100,1,0,"CpG",1
"974","phage_lambda",28632,28633,0,0,1,"CpG",1
"975","phage_lambda",28633,28634,0,0,1,"CpG",1
"976","phage_lambda",28637,28638,0,0,1,"CpG",1
"977","phage_lambda",28638,28639,0,0,1,"CpG",1
"978","phage_lambda",28657,28658,0,0,1,"CpG",1
"979","phage_lambda",28658,28659,0,0,1,"CpG",1
"980","phage_lambda",28662,28663,0,0,1,"CpG",1
"981","phage_lambda",28663,28664,0,0,1,"CpG",1
"982","phage_lambda",28684,28685,0,0,1,"CpG",1
"983","phage_lambda",28685,28686,0,0,1,"CpG",1
"984","phage_lambda",28752,28753,0,0,1,"CpG",1
"985","phage_lambda",28757,28758,0,0,1,"CpG",1
"986","phage_lambda",28789,28790,0,0,1,"CpG",1
"987","phage_lambda",29038,29039,0,0,1,"CpG",1
"988","phage_lambda",29041,29042,0,0,1,"CpG",1
"989","phage_lambda",29047,29048,0,0,1,"CpG",1
"990","phage_lambda",29051,29052,0,0,1,"CpG",1
"991","phage_lambda",29079,29080,0,0,1,"CpG",1
"992","phage_lambda",29090,29091,0,0,1,"CpG",1
"993","phage_lambda",29100,29101,0,0,1,"CpG",1
"994","phage_lambda",29113,29114,100,1,0,"CpG",1
"995","phage_lambda",29123,29124,100,1,0,"CpG",1
"996","phage_lambda",29152,29153,0,0,1,"CpG",1
"997","phage_lambda",29165,29166,0,0,1,"CpG",1
"998","phage_lambda",29184,29185,0,0,1,"CpG",1
"999","phage_lambda",29204,29205,0,0,2,"CpG",2
"1000","phage_lambda",29213,29214,0,0,2,"CpG",2
"1001","phage_lambda",29226,29227,0,0,2,"CpG",2
"1002","phage_lambda",29231,29232,0,0,2,"CpG",2
"1003","phage_lambda",29275,29276,0,0,2,"CpG",2
"1004","phage_lambda",29310,29311,0,0,1,"CpG",1
"1005","phage_lambda",29313,29314,0,0,1,"CpG",1
"1006","phage_lambda",29318,29319,0,0,1,"CpG",1
"1007","phage_lambda",29341,29342,0,0,1,"CpG",1
"1008","phage_lambda",29343,29344,0,0,1,"CpG",1
"1009","phage_lambda",29349,29350,0,0,1,"CpG",1
"1010","phage_lambda",29421,29422,0,0,1,"CpG",1
"1011","phage_lambda",29427,29428,0,0,1,"CpG",1
"1012","phage_lambda",29445,29446,0,0,1,"CpG",1
"1013","phage_lambda",29462,29463,0,0,1,"CpG",1
"1014","phage_lambda",29526,29527,0,0,1,"CpG",1
"1015","phage_lambda",29527,29528,0,0,1,"CpG",1
"1016","phage_lambda",29564,29565,0,0,1,"CpG",1
"1017","phage_lambda",29565,29566,0,0,2,"CpG",2
"1018","phage_lambda",29591,29592,0,0,1,"CpG",1
"1019","phage_lambda",29592,29593,0,0,2,"CpG",2
"1020","phage_lambda",29613,29614,0,0,1,"CpG",1
"1021","phage_lambda",29614,29615,0,0,1,"CpG",1
"1022","phage_lambda",29679,29680,0,0,1,"CpG",1
"1023","phage_lambda",29680,29681,0,0,1,"CpG",1
"1024","phage_lambda",29692,29693,0,0,1,"CpG",1
"1025","phage_lambda",29693,29694,0,0,1,"CpG",1
"1026","phage_lambda",29740,29741,0,0,1,"CpG",1
"1027","phage_lambda",29741,29742,0,0,2,"CpG",2
"1028","phage_lambda",29753,29754,0,0,1,"CpG",1
"1029","phage_lambda",29754,29755,0,0,2,"CpG",2
"1030","phage_lambda",29785,29786,0,0,1,"CpG",1
"1031","phage_lambda",29786,29787,0,0,2,"CpG",2
"1032","phage_lambda",29796,29797,0,0,1,"CpG",1
"1033","phage_lambda",29797,29798,0,0,2,"CpG",2
"1034","phage_lambda",29799,29800,0,0,1,"CpG",1
"1035","phage_lambda",29800,29801,0,0,2,"CpG",2
"1036","phage_lambda",29801,29802,0,0,1,"CpG",1
"1037","phage_lambda",29802,29803,0,0,2,"CpG",2
"1038","phage_lambda",29823,29824,0,0,1,"CpG",1
"1039","phage_lambda",29824,29825,0,0,1,"CpG",1
"1040","phage_lambda",29841,29842,0,0,1,"CpG",1
"1041","phage_lambda",29842,29843,0,0,1,"CpG",1
"1042","phage_lambda",29862,29863,0,0,1,"CpG",1
"1043","phage_lambda",29863,29864,0,0,1,"CpG",1
"1044","phage_lambda",29872,29873,0,0,1,"CpG",1
"1045","phage_lambda",29873,29874,0,0,1,"CpG",1
"1046","phage_lambda",29929,29930,0,0,1,"CpG",1
"1047","phage_lambda",29937,29938,0,0,1,"CpG",1
"1048","phage_lambda",29942,29943,0,0,1,"CpG",1
"1049","phage_lambda",29953,29954,0,0,2,"CpG",2
"1050","phage_lambda",29966,29967,0,0,2,"CpG",2
"1051","phage_lambda",29977,29978,0,0,2,"CpG",2
"1052","phage_lambda",29988,29989,0,0,2,"CpG",2
"1053","phage_lambda",30048,30049,0,0,3,"CpG",3
"1054","phage_lambda",30070,30071,0,0,3,"CpG",3
"1055","phage_lambda",30078,30079,0,0,3,"CpG",3
"1056","phage_lambda",30085,30086,0,0,3,"CpG",3
"1057","phage_lambda",30108,30109,0,0,2,"CpG",2
"1058","phage_lambda",30122,30123,0,0,1,"CpG",1
"1059","phage_lambda",30136,30137,0,0,1,"CpG",1
"1060","phage_lambda",30147,30148,0,0,1,"CpG",1
"1061","phage_lambda",30154,30155,0,0,1,"CpG",1
"1062","phage_lambda",30189,30190,0,0,3,"CpG",3
"1063","phage_lambda",30190,30191,0,0,1,"CpG",1
"1064","phage_lambda",30209,30210,0,0,2,"CpG",2
"1065","phage_lambda",30210,30211,0,0,1,"CpG",1
"1066","phage_lambda",30220,30221,0,0,2,"CpG",2
"1067","phage_lambda",30221,30222,0,0,1,"CpG",1
"1068","phage_lambda",30232,30233,0,0,2,"CpG",2
"1069","phage_lambda",30233,30234,0,0,1,"CpG",1
"1070","phage_lambda",30234,30235,0,0,2,"CpG",2
"1071","phage_lambda",30235,30236,0,0,1,"CpG",1
"1072","phage_lambda",30237,30238,0,0,2,"CpG",2
"1073","phage_lambda",30238,30239,0,0,1,"CpG",1
"1074","phage_lambda",30264,30265,0,0,3,"CpG",3
"1075","phage_lambda",30265,30266,0,0,1,"CpG",1
"1076","phage_lambda",30290,30291,0,0,3,"CpG",3
"1077","phage_lambda",30291,30292,0,0,1,"CpG",1
"1078","phage_lambda",30322,30323,0,0,2,"CpG",2
"1079","phage_lambda",30337,30338,0,0,1,"CpG",1
"1080","phage_lambda",30359,30360,0,0,2,"CpG",2
"1081","phage_lambda",30360,30361,0,0,1,"CpG",1
"1082","phage_lambda",30366,30367,0,0,2,"CpG",2
"1083","phage_lambda",30367,30368,0,0,1,"CpG",1
"1084","phage_lambda",30388,30389,0,0,1,"CpG",1
"1085","phage_lambda",30389,30390,0,0,1,"CpG",1
"1086","phage_lambda",30397,30398,0,0,1,"CpG",1
"1087","phage_lambda",30398,30399,0,0,1,"CpG",1
"1088","phage_lambda",30452,30453,0,0,1,"CpG",1
"1089","phage_lambda",30453,30454,0,0,1,"CpG",1
"1090","phage_lambda",30465,30466,0,0,1,"CpG",1
"1091","phage_lambda",30466,30467,0,0,1,"CpG",1
"1092","phage_lambda",30473,30474,0,0,1,"CpG",1
"1093","phage_lambda",30474,30475,0,0,1,"CpG",1
"1094","phage_lambda",30479,30480,0,0,1,"CpG",1
"1095","phage_lambda",30480,30481,0,0,1,"CpG",1
"1096","phage_lambda",30490,30491,0,0,1,"CpG",1
"1097","phage_lambda",30491,30492,0,0,1,"CpG",1
"1098","phage_lambda",30495,30496,0,0,1,"CpG",1
"1099","phage_lambda",30496,30497,0,0,1,"CpG",1
"1100","phage_lambda",30542,30543,0,0,1,"CpG",1
"1101","phage_lambda",30545,30546,0,0,1,"CpG",1
"1102","phage_lambda",30566,30567,0,0,1,"CpG",1
"1103","phage_lambda",30731,30732,0,0,1,"CpG",1
"1104","phage_lambda",30743,30744,0,0,1,"CpG",1
"1105","phage_lambda",30765,30766,0,0,1,"CpG",1
"1106","phage_lambda",30783,30784,0,0,1,"CpG",1
"1107","phage_lambda",30789,30790,0,0,1,"CpG",1
"1108","phage_lambda",30794,30795,0,0,1,"CpG",1
"1109","phage_lambda",30796,30797,0,0,1,"CpG",1
"1110","phage_lambda",30812,30813,0,0,1,"CpG",1
"1111","phage_lambda",30817,30818,0,0,1,"CpG",1
"1112","phage_lambda",30830,30831,0,0,1,"CpG",1
"1113","phage_lambda",30833,30834,0,0,1,"CpG",1
"1114","phage_lambda",30843,30844,0,0,1,"CpG",1
"1115","phage_lambda",30945,30946,0,0,1,"CpG",1
"1116","phage_lambda",30975,30976,0,0,1,"CpG",1
"1117","phage_lambda",30976,30977,0,0,1,"CpG",1
"1118","phage_lambda",30996,30997,0,0,1,"CpG",1
"1119","phage_lambda",30997,30998,0,0,1,"CpG",1
"1120","phage_lambda",31037,31038,0,0,1,"CpG",1
"1121","phage_lambda",31038,31039,0,0,1,"CpG",1
"1122","phage_lambda",31072,31073,0,0,1,"CpG",1
"1123","phage_lambda",31073,31074,0,0,1,"CpG",1
"1124","phage_lambda",31079,31080,0,0,1,"CpG",1
"1125","phage_lambda",31080,31081,0,0,1,"CpG",1
"1126","phage_lambda",31093,31094,0,0,1,"CpG",1
"1127","phage_lambda",31094,31095,0,0,1,"CpG",1
"1128","phage_lambda",31157,31158,0,0,2,"CpG",2
"1129","phage_lambda",31164,31165,0,0,2,"CpG",2
"1130","phage_lambda",31206,31207,0,0,1,"CpG",1
"1131","phage_lambda",31233,31234,0,0,1,"CpG",1
"1132","phage_lambda",31254,31255,0,0,2,"CpG",2
"1133","phage_lambda",31270,31271,0,0,1,"CpG",1
"1134","phage_lambda",31287,31288,0,0,1,"CpG",1
"1135","phage_lambda",31297,31298,0,0,1,"CpG",1
"1136","phage_lambda",31306,31307,0,0,1,"CpG",1
"1137","phage_lambda",31318,31319,0,0,1,"CpG",1
"1138","phage_lambda",31326,31327,0,0,1,"CpG",1
"1139","phage_lambda",31336,31337,0,0,1,"CpG",1
"1140","phage_lambda",31346,31347,0,0,1,"CpG",1
"1141","phage_lambda",31352,31353,0,0,1,"CpG",1
"1142","phage_lambda",31395,31396,50,1,1,"CpG",2
"1143","phage_lambda",31407,31408,0,0,2,"CpG",2
"1144","phage_lambda",31417,31418,50,1,1,"CpG",2
"1145","phage_lambda",31422,31423,0,0,2,"CpG",2
"1146","phage_lambda",31428,31429,0,0,2,"CpG",2
"1147","phage_lambda",31438,31439,0,0,2,"CpG",2
"1148","phage_lambda",31457,31458,0,0,1,"CpG",1
"1149","phage_lambda",31467,31468,0,0,1,"CpG",1
"1150","phage_lambda",31487,31488,0,0,1,"CpG",1
"1151","phage_lambda",31496,31497,0,0,1,"CpG",1
"1152","phage_lambda",31498,31499,0,0,1,"CpG",1
"1153","phage_lambda",31532,31533,0,0,1,"CpG",1
"1154","phage_lambda",31534,31535,0,0,1,"CpG",1
"1155","phage_lambda",31619,31620,0,0,1,"CpG",1
"1156","phage_lambda",31630,31631,0,0,1,"CpG",1
"1157","phage_lambda",31650,31651,0,0,1,"CpG",1
"1158","phage_lambda",31656,31657,0,0,1,"CpG",1
"1159","phage_lambda",31674,31675,0,0,1,"CpG",1
"1160","phage_lambda",31686,31687,0,0,1,"CpG",1
"1161","phage_lambda",31691,31692,0,0,1,"CpG",1
"1162","phage_lambda",31701,31702,0,0,1,"CpG",1
"1163","phage_lambda",31704,31705,0,0,1,"CpG",1
"1164","phage_lambda",31706,31707,0,0,1,"CpG",1
"1165","phage_lambda",31717,31718,0,0,1,"CpG",1
"1166","phage_lambda",31737,31738,0,0,1,"CpG",1
"1167","phage_lambda",31740,31741,0,0,1,"CpG",1
"1168","phage_lambda",31767,31768,0,0,1,"CpG",1
"1169","phage_lambda",31770,31771,0,0,1,"CpG",1
"1170","phage_lambda",31776,31777,0,0,1,"CpG",1
"1171","phage_lambda",31806,31807,0,0,1,"CpG",1
"1172","phage_lambda",31816,31817,0,0,1,"CpG",1
"1173","phage_lambda",31827,31828,0,0,1,"CpG",1
"1174","phage_lambda",32112,32113,100,1,0,"CpG",1
"1175","phage_lambda",32119,32120,0,0,1,"CpG",1
"1176","phage_lambda",32121,32122,0,0,1,"CpG",1
"1177","phage_lambda",32124,32125,0,0,1,"CpG",1
"1178","phage_lambda",32144,32145,100,1,0,"CpG",1
"1179","phage_lambda",32145,32146,0,0,1,"CpG",1
"1180","phage_lambda",32156,32157,0,0,1,"CpG",1
"1181","phage_lambda",32180,32181,0,0,1,"CpG",1
"1182","phage_lambda",32216,32217,0,0,1,"CpG",1
"1183","phage_lambda",32223,32224,0,0,1,"CpG",1
"1184","phage_lambda",32234,32235,0,0,1,"CpG",1
"1185","phage_lambda",32236,32237,0,0,1,"CpG",1
"1186","phage_lambda",32241,32242,0,0,1,"CpG",1
"1187","phage_lambda",32248,32249,0,0,1,"CpG",1
"1188","phage_lambda",32273,32274,0,0,1,"CpG",1
"1189","phage_lambda",32281,32282,0,0,1,"CpG",1
"1190","phage_lambda",32285,32286,0,0,1,"CpG",1
"1191","phage_lambda",32318,32319,0,0,1,"CpG",1
"1192","phage_lambda",32329,32330,0,0,1,"CpG",1
"1193","phage_lambda",32356,32357,0,0,1,"CpG",1
"1194","phage_lambda",32365,32366,0,0,1,"CpG",1
"1195","phage_lambda",32426,32427,0,0,1,"CpG",1
"1196","phage_lambda",32428,32429,0,0,1,"CpG",1
"1197","phage_lambda",32431,32432,0,0,1,"CpG",1
"1198","phage_lambda",32450,32451,0,0,1,"CpG",1
"1199","phage_lambda",32456,32457,0,0,1,"CpG",1
"1200","phage_lambda",32463,32464,0,0,1,"CpG",1
"1201","phage_lambda",32473,32474,0,0,1,"CpG",1
"1202","phage_lambda",32482,32483,0,0,1,"CpG",1
"1203","phage_lambda",32491,32492,0,0,1,"CpG",1
"1204","phage_lambda",32560,32561,0,0,1,"CpG",1
"1205","phage_lambda",32576,32577,0,0,1,"CpG",1
"1206","phage_lambda",32586,32587,0,0,1,"CpG",1
"1207","phage_lambda",32591,32592,0,0,1,"CpG",1
"1208","phage_lambda",32618,32619,0,0,1,"CpG",1
"1209","phage_lambda",32631,32632,0,0,1,"CpG",1
"1210","phage_lambda",32637,32638,0,0,1,"CpG",1
"1211","phage_lambda",32648,32649,0,0,1,"CpG",1
"1212","phage_lambda",32663,32664,0,0,1,"CpG",1
"1213","phage_lambda",32675,32676,0,0,1,"CpG",1
"1214","phage_lambda",32685,32686,0,0,1,"CpG",1
"1215","phage_lambda",32690,32691,0,0,1,"CpG",1
"1216","phage_lambda",32712,32713,0,0,1,"CpG",1
"1217","phage_lambda",32870,32871,0,0,1,"CpG",1
"1218","phage_lambda",32871,32872,100,1,0,"CpG",1
"1219","phage_lambda",32888,32889,0,0,1,"CpG",1
"1220","phage_lambda",32889,32890,100,1,0,"CpG",1
"1221","phage_lambda",32907,32908,0,0,1,"CpG",1
"1222","phage_lambda",32908,32909,100,1,0,"CpG",1
"1223","phage_lambda",32918,32919,100,1,0,"CpG",1
"1224","phage_lambda",32922,32923,100,1,0,"CpG",1
"1225","phage_lambda",32947,32948,100,1,0,"CpG",1
"1226","phage_lambda",32952,32953,100,1,0,"CpG",1
"1227","phage_lambda",32965,32966,100,1,0,"CpG",1
"1228","phage_lambda",32975,32976,100,1,0,"CpG",1
"1229","phage_lambda",33013,33014,50,1,1,"CpG",2
"1230","phage_lambda",33042,33043,0,0,1,"CpG",1
"1231","phage_lambda",33046,33047,0,0,1,"CpG",1
"1232","phage_lambda",33063,33064,0,0,1,"CpG",1
"1233","phage_lambda",33065,33066,0,0,1,"CpG",1
"1234","phage_lambda",33087,33088,0,0,1,"CpG",1
"1235","phage_lambda",33693,33694,0,0,1,"CpG",1
"1236","phage_lambda",33724,33725,0,0,1,"CpG",1
"1237","phage_lambda",33759,33760,0,0,1,"CpG",1
"1238","phage_lambda",33773,33774,0,0,1,"CpG",1
"1239","phage_lambda",33831,33832,0,0,1,"CpG",1
"1240","phage_lambda",33840,33841,0,0,1,"CpG",1
"1241","phage_lambda",33997,33998,0,0,1,"CpG",1
"1242","phage_lambda",34001,34002,0,0,1,"CpG",1
"1243","phage_lambda",34012,34013,0,0,1,"CpG",1
"1244","phage_lambda",34024,34025,0,0,1,"CpG",1
"1245","phage_lambda",34135,34136,0,0,2,"CpG",2
"1246","phage_lambda",34138,34139,0,0,2,"CpG",2
"1247","phage_lambda",34142,34143,0,0,2,"CpG",2
"1248","phage_lambda",34158,34159,0,0,2,"CpG",2
"1249","phage_lambda",34216,34217,0,0,1,"CpG",1
"1250","phage_lambda",34241,34242,0,0,1,"CpG",1
"1251","phage_lambda",34279,34280,0,0,1,"CpG",1
"1252","phage_lambda",34289,34290,0,0,1,"CpG",1
"1253","phage_lambda",34333,34334,0,0,1,"CpG",1
"1254","phage_lambda",34508,34509,0,0,1,"CpG",1
"1255","phage_lambda",34516,34517,0,0,1,"CpG",1
"1256","phage_lambda",34517,34518,0,0,1,"CpG",1
"1257","phage_lambda",34520,34521,0,0,1,"CpG",1
"1258","phage_lambda",34521,34522,0,0,1,"CpG",1
"1259","phage_lambda",34564,34565,0,0,2,"CpG",2
"1260","phage_lambda",34565,34566,0,0,1,"CpG",1
"1261","phage_lambda",34630,34631,0,0,2,"CpG",2
"1262","phage_lambda",34657,34658,0,0,3,"CpG",3
"1263","phage_lambda",34677,34678,0,0,3,"CpG",3
"1264","phage_lambda",34697,34698,0,0,2,"CpG",2
"1265","phage_lambda",34717,34718,0,0,2,"CpG",2
"1266","phage_lambda",34730,34731,0,0,2,"CpG",2
"1267","phage_lambda",34748,34749,50,1,1,"CpG",2
"1268","phage_lambda",34765,34766,0,0,2,"CpG",2
"1269","phage_lambda",34775,34776,0,0,2,"CpG",2
"1270","phage_lambda",34822,34823,0,0,1,"CpG",1
"1271","phage_lambda",35052,35053,0,0,1,"CpG",1
"1272","phage_lambda",35074,35075,0,0,1,"CpG",1
"1273","phage_lambda",35093,35094,0,0,1,"CpG",1
"1274","phage_lambda",35095,35096,0,0,1,"CpG",1
"1275","phage_lambda",35099,35100,100,1,0,"CpG",1
"1276","phage_lambda",35121,35122,0,0,1,"CpG",1
"1277","phage_lambda",35122,35123,0,0,1,"CpG",1
"1278","phage_lambda",35133,35134,0,0,1,"CpG",1
"1279","phage_lambda",35134,35135,0,0,1,"CpG",1
"1280","phage_lambda",35142,35143,0,0,1,"CpG",1
"1281","phage_lambda",35198,35199,0,0,1,"CpG",1
"1282","phage_lambda",35209,35210,0,0,1,"CpG",1
"1283","phage_lambda",35220,35221,0,0,1,"CpG",1
"1284","phage_lambda",35228,35229,0,0,1,"CpG",1
"1285","phage_lambda",35235,35236,0,0,1,"CpG",1
"1286","phage_lambda",35243,35244,0,0,1,"CpG",1
"1287","phage_lambda",35256,35257,0,0,1,"CpG",1
"1288","phage_lambda",35272,35273,0,0,1,"CpG",1
"1289","phage_lambda",35327,35328,0,0,1,"CpG",1
"1290","phage_lambda",35329,35330,0,0,1,"CpG",1
"1291","phage_lambda",35332,35333,0,0,1,"CpG",1
"1292","phage_lambda",35336,35337,0,0,1,"CpG",1
"1293","phage_lambda",35338,35339,0,0,1,"CpG",1
"1294","phage_lambda",35341,35342,0,0,1,"CpG",1
"1295","phage_lambda",35344,35345,0,0,1,"CpG",1
"1296","phage_lambda",35413,35414,0,0,1,"CpG",1
"1297","phage_lambda",35414,35415,0,0,1,"CpG",1
"1298","phage_lambda",35424,35425,0,0,1,"CpG",1
"1299","phage_lambda",35426,35427,0,0,1,"CpG",1
"1300","phage_lambda",35450,35451,0,0,1,"CpG",1
"1301","phage_lambda",35456,35457,0,0,1,"CpG",1
"1302","phage_lambda",35464,35465,0,0,1,"CpG",1
"1303","phage_lambda",35465,35466,0,0,1,"CpG",1
"1304","phage_lambda",35476,35477,0,0,1,"CpG",1
"1305","phage_lambda",35477,35478,0,0,1,"CpG",1
"1306","phage_lambda",35481,35482,0,0,1,"CpG",1
"1307","phage_lambda",35482,35483,0,0,1,"CpG",1
"1308","phage_lambda",35548,35549,0,0,1,"CpG",1
"1309","phage_lambda",35821,35822,0,0,1,"CpG",1
"1310","phage_lambda",35885,35886,0,0,1,"CpG",1
"1311","phage_lambda",35902,35903,0,0,1,"CpG",1
"1312","phage_lambda",35908,35909,0,0,1,"CpG",1
"1313","phage_lambda",35929,35930,0,0,1,"CpG",1
"1314","phage_lambda",35956,35957,0,0,1,"CpG",1
"1315","phage_lambda",36337,36338,0,0,1,"CpG",1
"1316","phage_lambda",36392,36393,0,0,1,"CpG",1
"1317","phage_lambda",36442,36443,0,0,1,"CpG",1
"1318","phage_lambda",36646,36647,0,0,1,"CpG",1
"1319","phage_lambda",36653,36654,0,0,1,"CpG",1
"1320","phage_lambda",36657,36658,0,0,1,"CpG",1
"1321","phage_lambda",36681,36682,0,0,1,"CpG",1
"1322","phage_lambda",36720,36721,0,0,1,"CpG",1
"1323","phage_lambda",36722,36723,0,0,1,"CpG",1
"1324","phage_lambda",36753,36754,0,0,1,"CpG",1
"1325","phage_lambda",36774,36775,0,0,1,"CpG",1
"1326","phage_lambda",36784,36785,0,0,1,"CpG",1
"1327","phage_lambda",36789,36790,0,0,1,"CpG",1
"1328","phage_lambda",36819,36820,0,0,1,"CpG",1
"1329","phage_lambda",36858,36859,0,0,1,"CpG",1
"1330","phage_lambda",36867,36868,0,0,1,"CpG",1
"1331","phage_lambda",36905,36906,0,0,1,"CpG",1
"1332","phage_lambda",37058,37059,0,0,1,"CpG",1
"1333","phage_lambda",37093,37094,0,0,1,"CpG",1
"1334","phage_lambda",37168,37169,0,0,1,"CpG",1
"1335","phage_lambda",37203,37204,0,0,1,"CpG",1
"1336","phage_lambda",37668,37669,0,0,1,"CpG",1
"1337","phage_lambda",37682,37683,0,0,1,"CpG",1
"1338","phage_lambda",37697,37698,0,0,1,"CpG",1
"1339","phage_lambda",37721,37722,0,0,1,"CpG",1
"1340","phage_lambda",37751,37752,0,0,1,"CpG",1
"1341","phage_lambda",37754,37755,0,0,1,"CpG",1
"1342","phage_lambda",37799,37800,0,0,1,"CpG",1
"1343","phage_lambda",37887,37888,0,0,1,"CpG",1
"1344","phage_lambda",37888,37889,0,0,1,"CpG",1
"1345","phage_lambda",37890,37891,0,0,1,"CpG",1
"1346","phage_lambda",37891,37892,0,0,1,"CpG",1
"1347","phage_lambda",37894,37895,0,0,1,"CpG",1
"1348","phage_lambda",37895,37896,0,0,1,"CpG",1
"1349","phage_lambda",37941,37942,0,0,1,"CpG",1
"1350","phage_lambda",37942,37943,0,0,1,"CpG",1
"1351","phage_lambda",37956,37957,0,0,1,"CpG",1
"1352","phage_lambda",37957,37958,0,0,1,"CpG",1
"1353","phage_lambda",37979,37980,0,0,1,"CpG",1
"1354","phage_lambda",37980,37981,0,0,1,"CpG",1
"1355","phage_lambda",37983,37984,0,0,1,"CpG",1
"1356","phage_lambda",37984,37985,0,0,1,"CpG",1
"1357","phage_lambda",38109,38110,0,0,1,"CpG",1
"1358","phage_lambda",38112,38113,0,0,1,"CpG",1
"1359","phage_lambda",38124,38125,0,0,1,"CpG",1
"1360","phage_lambda",38126,38127,0,0,1,"CpG",1
"1361","phage_lambda",38152,38153,0,0,1,"CpG",1
"1362","phage_lambda",38175,38176,100,1,0,"CpG",1
"1363","phage_lambda",38187,38188,100,1,0,"CpG",1
"1364","phage_lambda",38195,38196,0,0,1,"CpG",1
"1365","phage_lambda",38216,38217,0,0,1,"CpG",1
"1366","phage_lambda",38249,38250,0,0,1,"CpG",1
"1367","phage_lambda",38760,38761,0,0,1,"CpG",1
"1368","phage_lambda",38772,38773,0,0,1,"CpG",1
"1369","phage_lambda",38807,38808,0,0,1,"CpG",1
"1370","phage_lambda",38811,38812,0,0,1,"CpG",1
"1371","phage_lambda",38827,38828,0,0,1,"CpG",1
"1372","phage_lambda",38857,38858,0,0,1,"CpG",1
"1373","phage_lambda",38898,38899,0,0,1,"CpG",1
"1374","phage_lambda",38964,38965,0,0,1,"CpG",1
"1375","phage_lambda",38994,38995,0,0,1,"CpG",1
"1376","phage_lambda",39045,39046,0,0,1,"CpG",1
"1377","phage_lambda",39065,39066,0,0,1,"CpG",1
"1378","phage_lambda",39161,39162,0,0,2,"CpG",2
"1379","phage_lambda",39177,39178,0,0,2,"CpG",2
"1380","phage_lambda",39201,39202,0,0,2,"CpG",2
"1381","phage_lambda",39221,39222,0,0,2,"CpG",2
"1382","phage_lambda",39240,39241,0,0,1,"CpG",1
"1383","phage_lambda",39272,39273,0,0,1,"CpG",1
"1384","phage_lambda",39275,39276,0,0,1,"CpG",1
"1385","phage_lambda",39308,39309,0,0,1,"CpG",1
"1386","phage_lambda",39328,39329,0,0,1,"CpG",1
"1387","phage_lambda",39350,39351,0,0,1,"CpG",1
"1388","phage_lambda",39357,39358,0,0,1,"CpG",1
"1389","phage_lambda",39366,39367,0,0,1,"CpG",1
"1390","phage_lambda",39372,39373,0,0,1,"CpG",1
"1391","phage_lambda",39377,39378,0,0,1,"CpG",1
"1392","phage_lambda",39381,39382,0,0,1,"CpG",1
"1393","phage_lambda",39390,39391,0,0,1,"CpG",1
"1394","phage_lambda",39411,39412,0,0,1,"CpG",1
"1395","phage_lambda",39440,39441,0,0,1,"CpG",1
"1396","phage_lambda",39446,39447,0,0,1,"CpG",1
"1397","phage_lambda",39457,39458,0,0,1,"CpG",1
"1398","phage_lambda",39468,39469,0,0,1,"CpG",1
"1399","phage_lambda",39470,39471,0,0,1,"CpG",1
"1400","phage_lambda",39488,39489,0,0,1,"CpG",1
"1401","phage_lambda",39489,39490,0,0,1,"CpG",1
"1402","phage_lambda",39498,39499,0,0,1,"CpG",1
"1403","phage_lambda",39499,39500,0,0,1,"CpG",1
"1404","phage_lambda",39518,39519,0,0,1,"CpG",1
"1405","phage_lambda",39519,39520,0,0,1,"CpG",1
"1406","phage_lambda",39542,39543,0,0,1,"CpG",1
"1407","phage_lambda",39543,39544,0,0,1,"CpG",1
"1408","phage_lambda",39570,39571,0,0,1,"CpG",1
"1409","phage_lambda",39593,39594,0,0,1,"CpG",1
"1410","phage_lambda",39596,39597,50,1,1,"CpG",2
"1411","phage_lambda",39618,39619,0,0,2,"CpG",2
"1412","phage_lambda",39630,39631,0,0,1,"CpG",1
"1413","phage_lambda",39633,39634,0,0,1,"CpG",1
"1414","phage_lambda",39638,39639,0,0,1,"CpG",1
"1415","phage_lambda",39652,39653,0,0,1,"CpG",1
"1416","phage_lambda",39662,39663,0,0,1,"CpG",1
"1417","phage_lambda",39665,39666,0,0,1,"CpG",1
"1418","phage_lambda",39673,39674,0,0,1,"CpG",1
"1419","phage_lambda",39690,39691,0,0,1,"CpG",1
"1420","phage_lambda",39691,39692,0,0,1,"CpG",1
"1421","phage_lambda",39703,39704,0,0,1,"CpG",1
"1422","phage_lambda",39704,39705,0,0,1,"CpG",1
"1423","phage_lambda",39735,39736,0,0,1,"CpG",1
"1424","phage_lambda",39736,39737,0,0,1,"CpG",1
"1425","phage_lambda",39738,39739,0,0,1,"CpG",1
"1426","phage_lambda",39739,39740,0,0,1,"CpG",1
"1427","phage_lambda",39752,39753,0,0,1,"CpG",1
"1428","phage_lambda",39753,39754,0,0,1,"CpG",1
"1429","phage_lambda",39763,39764,0,0,1,"CpG",1
"1430","phage_lambda",39764,39765,0,0,1,"CpG",1
"1431","phage_lambda",39772,39773,0,0,1,"CpG",1
"1432","phage_lambda",39773,39774,0,0,1,"CpG",1
"1433","phage_lambda",39779,39780,0,0,1,"CpG",1
"1434","phage_lambda",39780,39781,0,0,1,"CpG",1
"1435","phage_lambda",39782,39783,0,0,1,"CpG",1
"1436","phage_lambda",39783,39784,0,0,1,"CpG",1
"1437","phage_lambda",39803,39804,0,0,1,"CpG",1
"1438","phage_lambda",39804,39805,0,0,2,"CpG",2
"1439","phage_lambda",39811,39812,0,0,1,"CpG",1
"1440","phage_lambda",39812,39813,0,0,2,"CpG",2
"1441","phage_lambda",39822,39823,0,0,1,"CpG",1
"1442","phage_lambda",39823,39824,0,0,2,"CpG",2
"1443","phage_lambda",39838,39839,0,0,1,"CpG",1
"1444","phage_lambda",39839,39840,0,0,2,"CpG",2
"1445","phage_lambda",39848,39849,0,0,1,"CpG",1
"1446","phage_lambda",39849,39850,0,0,2,"CpG",2
"1447","phage_lambda",39850,39851,0,0,1,"CpG",1
"1448","phage_lambda",39851,39852,0,0,2,"CpG",2
"1449","phage_lambda",39857,39858,0,0,1,"CpG",1
"1450","phage_lambda",39858,39859,0,0,2,"CpG",2
"1451","phage_lambda",39860,39861,0,0,1,"CpG",1
"1452","phage_lambda",39861,39862,0,0,2,"CpG",2
"1453","phage_lambda",39869,39870,0,0,1,"CpG",1
"1454","phage_lambda",39870,39871,0,0,2,"CpG",2
"1455","phage_lambda",39889,39890,0,0,1,"CpG",1
"1456","phage_lambda",39890,39891,0,0,2,"CpG",2
"1457","phage_lambda",39912,39913,0,0,2,"CpG",2
"1458","phage_lambda",39926,39927,0,0,2,"CpG",2
"1459","phage_lambda",39932,39933,0,0,2,"CpG",2
"1460","phage_lambda",39935,39936,0,0,2,"CpG",2
"1461","phage_lambda",39947,39948,0,0,2,"CpG",2
"1462","phage_lambda",39953,39954,0,0,1,"CpG",1
"1463","phage_lambda",39974,39975,0,0,1,"CpG",1
"1464","phage_lambda",39984,39985,0,0,1,"CpG",1
"1465","phage_lambda",39990,39991,0,0,1,"CpG",1
"1466","phage_lambda",40003,40004,0,0,1,"CpG",1
"1467","phage_lambda",40096,40097,0,0,1,"CpG",1
"1468","phage_lambda",40104,40105,0,0,1,"CpG",1
"1469","phage_lambda",40107,40108,0,0,1,"CpG",1
"1470","phage_lambda",40115,40116,0,0,1,"CpG",1
"1471","phage_lambda",40140,40141,0,0,1,"CpG",1
"1472","phage_lambda",40141,40142,0,0,1,"CpG",1
"1473","phage_lambda",40151,40152,0,0,1,"CpG",1
"1474","phage_lambda",40152,40153,0,0,1,"CpG",1
"1475","phage_lambda",40161,40162,0,0,1,"CpG",1
"1476","phage_lambda",40162,40163,0,0,1,"CpG",1
"1477","phage_lambda",40198,40199,0,0,1,"CpG",1
"1478","phage_lambda",40214,40215,0,0,1,"CpG",1
"1479","phage_lambda",40230,40231,0,0,1,"CpG",1
"1480","phage_lambda",40237,40238,0,0,1,"CpG",1
"1481","phage_lambda",40258,40259,0,0,1,"CpG",1
"1482","phage_lambda",40283,40284,0,0,1,"CpG",1
"1483","phage_lambda",40284,40285,0,0,1,"CpG",1
"1484","phage_lambda",40317,40318,0,0,1,"CpG",1
"1485","phage_lambda",40335,40336,0,0,1,"CpG",1
"1486","phage_lambda",40338,40339,0,0,1,"CpG",1
"1487","phage_lambda",40342,40343,0,0,1,"CpG",1
"1488","phage_lambda",40348,40349,0,0,1,"CpG",1
"1489","phage_lambda",40350,40351,0,0,1,"CpG",1
"1490","phage_lambda",40360,40361,0,0,1,"CpG",1
"1491","phage_lambda",40387,40388,0,0,1,"CpG",1
"1492","phage_lambda",40389,40390,0,0,1,"CpG",1
"1493","phage_lambda",40403,40404,0,0,1,"CpG",1
"1494","phage_lambda",40474,40475,0,0,1,"CpG",1
"1495","phage_lambda",40493,40494,0,0,1,"CpG",1
"1496","phage_lambda",40516,40517,0,0,1,"CpG",1
"1497","phage_lambda",40527,40528,0,0,1,"CpG",1
"1498","phage_lambda",40529,40530,0,0,1,"CpG",1
"1499","phage_lambda",40537,40538,0,0,1,"CpG",1
"1500","phage_lambda",40547,40548,0,0,1,"CpG",1
"1501","phage_lambda",40610,40611,0,0,1,"CpG",1
"1502","phage_lambda",40955,40956,0,0,1,"CpG",1
"1503","phage_lambda",40963,40964,0,0,1,"CpG",1
"1504","phage_lambda",40971,40972,0,0,1,"CpG",1
"1505","phage_lambda",40999,41000,0,0,1,"CpG",1
"1506","phage_lambda",41009,41010,0,0,1,"CpG",1
"1507","phage_lambda",41014,41015,0,0,1,"CpG",1
"1508","phage_lambda",41029,41030,0,0,1,"CpG",1
"1509","phage_lambda",41034,41035,0,0,1,"CpG",1
"1510","phage_lambda",41058,41059,0,0,1,"CpG",1
"1511","phage_lambda",41091,41092,50,1,1,"CpG",2
"1512","phage_lambda",41103,41104,50,1,1,"CpG",2
"1513","phage_lambda",41114,41115,50,1,1,"CpG",2
"1514","phage_lambda",41149,41150,50,1,1,"CpG",2
"1515","phage_lambda",41152,41153,50,1,1,"CpG",2
"1516","phage_lambda",41166,41167,50,1,1,"CpG",2
"1517","phage_lambda",41175,41176,50,1,1,"CpG",2
"1518","phage_lambda",41215,41216,100,1,0,"CpG",1
"1519","phage_lambda",41252,41253,0,0,1,"CpG",1
"1520","phage_lambda",41259,41260,0,0,1,"CpG",1
"1521","phage_lambda",41282,41283,0,0,1,"CpG",1
"1522","phage_lambda",41309,41310,50,1,1,"CpG",2
"1523","phage_lambda",41336,41337,50,1,1,"CpG",2
"1524","phage_lambda",41338,41339,50,1,1,"CpG",2
"1525","phage_lambda",41364,41365,50,1,1,"CpG",2
"1526","phage_lambda",41394,41395,50,1,1,"CpG",2
"1527","phage_lambda",41397,41398,0,0,1,"CpG",1
"1528","phage_lambda",41400,41401,50,1,1,"CpG",2
"1529","phage_lambda",41403,41404,50,1,1,"CpG",2
"1530","phage_lambda",41405,41406,0,0,1,"CpG",1
"1531","phage_lambda",41430,41431,100,1,0,"CpG",1
"1532","phage_lambda",41483,41484,0,0,2,"CpG",2
"1533","phage_lambda",41510,41511,0,0,2,"CpG",2
"1534","phage_lambda",41515,41516,0,0,2,"CpG",2
"1535","phage_lambda",41583,41584,0,0,3,"CpG",3
"1536","phage_lambda",41607,41608,0,0,3,"CpG",3
"1537","phage_lambda",41621,41622,0,0,2,"CpG",2
"1538","phage_lambda",41631,41632,0,0,2,"CpG",2
"1539","phage_lambda",41663,41664,0,0,2,"CpG",2
"1540","phage_lambda",41673,41674,0,0,2,"CpG",2
"1541","phage_lambda",41707,41708,0,0,1,"CpG",1
"1542","phage_lambda",42086,42087,0,0,1,"CpG",1
"1543","phage_lambda",42093,42094,0,0,1,"CpG",1
"1544","phage_lambda",42101,42102,0,0,1,"CpG",1
"1545","phage_lambda",42104,42105,0,0,1,"CpG",1
"1546","phage_lambda",42115,42116,0,0,1,"CpG",1
"1547","phage_lambda",42127,42128,0,0,1,"CpG",1
"1548","phage_lambda",42150,42151,0,0,1,"CpG",1
"1549","phage_lambda",42155,42156,0,0,1,"CpG",1
"1550","phage_lambda",42196,42197,0,0,1,"CpG",1
"1551","phage_lambda",42773,42774,0,0,1,"CpG",1
"1552","phage_lambda",42783,42784,0,0,1,"CpG",1
"1553","phage_lambda",42796,42797,0,0,1,"CpG",1
"1554","phage_lambda",42810,42811,0,0,1,"CpG",1
"1555","phage_lambda",42822,42823,0,0,1,"CpG",1
"1556","phage_lambda",42842,42843,0,0,1,"CpG",1
"1557","phage_lambda",42866,42867,0,0,1,"CpG",1
"1558","phage_lambda",42875,42876,0,0,1,"CpG",1
"1559","phage_lambda",42880,42881,0,0,1,"CpG",1
"1560","phage_lambda",42885,42886,0,0,1,"CpG",1
"1561","phage_lambda",42887,42888,0,0,1,"CpG",1
"1562","phage_lambda",42890,42891,0,0,1,"CpG",1
"1563","phage_lambda",42903,42904,0,0,1,"CpG",1
"1564","phage_lambda",42908,42909,0,0,1,"CpG",1
"1565","phage_lambda",42926,42927,0,0,1,"CpG",1
"1566","phage_lambda",42932,42933,0,0,1,"CpG",1
"1567","phage_lambda",43108,43109,0,0,1,"CpG",1
"1568","phage_lambda",43126,43127,0,0,1,"CpG",1
"1569","phage_lambda",43128,43129,0,0,1,"CpG",1
"1570","phage_lambda",43133,43134,0,0,1,"CpG",1
"1571","phage_lambda",43146,43147,0,0,1,"CpG",1
"1572","phage_lambda",43161,43162,0,0,1,"CpG",1
"1573","phage_lambda",43173,43174,0,0,1,"CpG",1
"1574","phage_lambda",43179,43180,0,0,1,"CpG",1
"1575","phage_lambda",43180,43181,0,0,1,"CpG",1
"1576","phage_lambda",43185,43186,0,0,1,"CpG",1
"1577","phage_lambda",43186,43187,0,0,1,"CpG",1
"1578","phage_lambda",43188,43189,0,0,1,"CpG",1
"1579","phage_lambda",43189,43190,0,0,1,"CpG",1
"1580","phage_lambda",43204,43205,0,0,1,"CpG",1
"1581","phage_lambda",43205,43206,0,0,1,"CpG",1
"1582","phage_lambda",43206,43207,0,0,1,"CpG",1
"1583","phage_lambda",43207,43208,0,0,1,"CpG",1
"1584","phage_lambda",43226,43227,0,0,1,"CpG",1
"1585","phage_lambda",43227,43228,0,0,1,"CpG",1
"1586","phage_lambda",43234,43235,100,1,0,"CpG",1
"1587","phage_lambda",43235,43236,0,0,1,"CpG",1
"1588","phage_lambda",43260,43261,0,0,1,"CpG",1
"1589","phage_lambda",43280,43281,0,0,1,"CpG",1
"1590","phage_lambda",43289,43290,0,0,1,"CpG",1
"1591","phage_lambda",43300,43301,0,0,1,"CpG",1
"1592","phage_lambda",43323,43324,0,0,1,"CpG",1
"1593","phage_lambda",43324,43325,0,0,1,"CpG",1
"1594","phage_lambda",43333,43334,0,0,1,"CpG",1
"1595","phage_lambda",43334,43335,0,0,1,"CpG",1
"1596","phage_lambda",43359,43360,0,0,1,"CpG",1
"1597","phage_lambda",43366,43367,0,0,1,"CpG",1
"1598","phage_lambda",43379,43380,0,0,1,"CpG",1
"1599","phage_lambda",43393,43394,0,0,1,"CpG",1
"1600","phage_lambda",43439,43440,0,0,1,"CpG",1
"1601","phage_lambda",43831,43832,0,0,1,"CpG",1
"1602","phage_lambda",43832,43833,0,0,1,"CpG",1
"1603","phage_lambda",43834,43835,0,0,1,"CpG",1
"1604","phage_lambda",43835,43836,0,0,1,"CpG",1
"1605","phage_lambda",43846,43847,0,0,1,"CpG",1
"1606","phage_lambda",43847,43848,0,0,1,"CpG",1
"1607","phage_lambda",43882,43883,0,0,1,"CpG",1
"1608","phage_lambda",43883,43884,0,0,1,"CpG",1
"1609","phage_lambda",43893,43894,0,0,1,"CpG",1
"1610","phage_lambda",43894,43895,0,0,1,"CpG",1
"1611","phage_lambda",43899,43900,0,0,1,"CpG",1
"1612","phage_lambda",43900,43901,0,0,1,"CpG",1
"1613","phage_lambda",43916,43917,0,0,1,"CpG",1
"1614","phage_lambda",43917,43918,0,0,1,"CpG",1
"1615","phage_lambda",43928,43929,0,0,1,"CpG",1
"1616","phage_lambda",43929,43930,0,0,1,"CpG",1
"1617","phage_lambda",43938,43939,0,0,1,"CpG",1
"1618","phage_lambda",43939,43940,0,0,1,"CpG",1
"1619","phage_lambda",43948,43949,0,0,1,"CpG",1
"1620","phage_lambda",43949,43950,0,0,1,"CpG",1
"1621","phage_lambda",43955,43956,0,0,1,"CpG",1
"1622","phage_lambda",43956,43957,0,0,1,"CpG",1
"1623","phage_lambda",43974,43975,0,0,1,"CpG",1
"1624","phage_lambda",43975,43976,0,0,1,"CpG",1
"1625","phage_lambda",44007,44008,0,0,1,"CpG",1
"1626","phage_lambda",44020,44021,0,0,1,"CpG",1
"1627","phage_lambda",44026,44027,0,0,1,"CpG",1
"1628","phage_lambda",44043,44044,0,0,1,"CpG",1
"1629","phage_lambda",44044,44045,0,0,1,"CpG",1
"1630","phage_lambda",44052,44053,0,0,1,"CpG",1
"1631","phage_lambda",44053,44054,0,0,1,"CpG",1
"1632","phage_lambda",44067,44068,0,0,1,"CpG",1
"1633","phage_lambda",44117,44118,0,0,1,"CpG",1
"1634","phage_lambda",44128,44129,0,0,1,"CpG",1
"1635","phage_lambda",44181,44182,0,0,1,"CpG",1
"1636","phage_lambda",44190,44191,0,0,1,"CpG",1
"1637","phage_lambda",44198,44199,0,0,1,"CpG",1
"1638","phage_lambda",44209,44210,0,0,1,"CpG",1
"1639","phage_lambda",44217,44218,0,0,1,"CpG",1
"1640","phage_lambda",44219,44220,0,0,1,"CpG",1
"1641","phage_lambda",44222,44223,0,0,1,"CpG",1
"1642","phage_lambda",44225,44226,0,0,1,"CpG",1
"1643","phage_lambda",44260,44261,0,0,1,"CpG",1
"1644","phage_lambda",44264,44265,0,0,1,"CpG",1
"1645","phage_lambda",44304,44305,0,0,1,"CpG",1
"1646","phage_lambda",44316,44317,0,0,1,"CpG",1
"1647","phage_lambda",44331,44332,0,0,1,"CpG",1
"1648","phage_lambda",44334,44335,0,0,1,"CpG",1
"1649","phage_lambda",44358,44359,0,0,1,"CpG",1
"1650","phage_lambda",44368,44369,0,0,1,"CpG",1
"1651","phage_lambda",44370,44371,0,0,1,"CpG",1
"1652","phage_lambda",44378,44379,100,1,0,"CpG",1
"1653","phage_lambda",44523,44524,0,0,1,"CpG",1
"1654","phage_lambda",44541,44542,0,0,1,"CpG",1
"1655","phage_lambda",44588,44589,0,0,1,"CpG",1
"1656","phage_lambda",44589,44590,0,0,1,"CpG",1
"1657","phage_lambda",44601,44602,0,0,1,"CpG",1
"1658","phage_lambda",44602,44603,0,0,1,"CpG",1
"1659","phage_lambda",44605,44606,0,0,1,"CpG",1
"1660","phage_lambda",44606,44607,0,0,1,"CpG",1
"1661","phage_lambda",44631,44632,0,0,1,"CpG",1
"1662","phage_lambda",44632,44633,0,0,1,"CpG",1
"1663","phage_lambda",44635,44636,0,0,1,"CpG",1
"1664","phage_lambda",45059,45060,0,0,1,"CpG",1
"1665","phage_lambda",45068,45069,0,0,1,"CpG",1
"1666","phage_lambda",45077,45078,0,0,1,"CpG",1
"1667","phage_lambda",45083,45084,0,0,1,"CpG",1
"1668","phage_lambda",45135,45136,0,0,1,"CpG",1
"1669","phage_lambda",45136,45137,0,0,1,"CpG",1
"1670","phage_lambda",45218,45219,100,1,0,"CpG",1
"1671","phage_lambda",45227,45228,0,0,1,"CpG",1
"1672","phage_lambda",45229,45230,100,1,0,"CpG",1
"1673","phage_lambda",45371,45372,0,0,1,"CpG",1
"1674","phage_lambda",45377,45378,0,0,1,"CpG",1
"1675","phage_lambda",45380,45381,0,0,1,"CpG",1
"1676","phage_lambda",45398,45399,0,0,1,"CpG",1
"1677","phage_lambda",45409,45410,0,0,1,"CpG",1
"1678","phage_lambda",45413,45414,0,0,1,"CpG",1
"1679","phage_lambda",45422,45423,0,0,1,"CpG",1
"1680","phage_lambda",45431,45432,0,0,1,"CpG",1
"1681","phage_lambda",45442,45443,0,0,1,"CpG",1
"1682","phage_lambda",45451,45452,0,0,1,"CpG",1
"1683","phage_lambda",46286,46287,100,1,0,"CpG",1
"1684","phage_lambda",46292,46293,0,0,1,"CpG",1
"1685","phage_lambda",46295,46296,0,0,1,"CpG",1
"1686","phage_lambda",46317,46318,0,0,1,"CpG",1
"1687","phage_lambda",46331,46332,0,0,1,"CpG",1
"1688","phage_lambda",46574,46575,0,0,1,"CpG",1
"1689","phage_lambda",46595,46596,0,0,1,"CpG",1
"1690","phage_lambda",46625,46626,0,0,1,"CpG",1
"1691","phage_lambda",46626,46627,0,0,1,"CpG",1
"1692","phage_lambda",46668,46669,0,0,1,"CpG",1
"1693","phage_lambda",46669,46670,0,0,1,"CpG",1
"1694","phage_lambda",46689,46690,0,0,1,"CpG",1
"1695","phage_lambda",46690,46691,0,0,1,"CpG",1
"1696","phage_lambda",46725,46726,0,0,1,"CpG",1
"1697","phage_lambda",46726,46727,0,0,1,"CpG",1
"1698","phage_lambda",46733,46734,0,0,1,"CpG",1
"1699","phage_lambda",46734,46735,0,0,1,"CpG",1
"1700","phage_lambda",46763,46764,0,0,1,"CpG",1
"1701","phage_lambda",46780,46781,0,0,1,"CpG",1
"1702","phage_lambda",46788,46789,0,0,1,"CpG",1
"1703","phage_lambda",47147,47148,0,0,1,"CpG",1
"1704","phage_lambda",47224,47225,0,0,1,"CpG",1
"1705","phage_lambda",47225,47226,0,0,1,"CpG",1
"1706","phage_lambda",47240,47241,0,0,1,"CpG",1
"1707","phage_lambda",47293,47294,0,0,1,"CpG",1
"1708","phage_lambda",47302,47303,0,0,1,"CpG",1
"1709","phage_lambda",47314,47315,0,0,1,"CpG",1
"1710","phage_lambda",47659,47660,0,0,1,"CpG",1
"1711","phage_lambda",47704,47705,0,0,1,"CpG",1
"1712","phage_lambda",47722,47723,0,0,1,"CpG",1
"1713","phage_lambda",47731,47732,0,0,1,"CpG",1
"1714","phage_lambda",47892,47893,0,0,1,"CpG",1
"1715","phage_lambda",47905,47906,0,0,1,"CpG",1
"1716","phage_lambda",47995,47996,0,0,1,"CpG",1
"1717","phage_lambda",48053,48054,0,0,1,"CpG",1
"1718","phage_lambda",48054,48055,0,0,1,"CpG",1
"1719","phage_lambda",48077,48078,0,0,1,"CpG",1
"1720","phage_lambda",48078,48079,0,0,1,"CpG",1
"1721","phage_lambda",48086,48087,0,0,1,"CpG",1
"1722","phage_lambda",48087,48088,0,0,1,"CpG",1
"1723","phage_lambda",48098,48099,50,1,1,"CpG",2
"1724","phage_lambda",48099,48100,0,0,1,"CpG",1
"1725","phage_lambda",48100,48101,0,0,2,"CpG",2
"1726","phage_lambda",48101,48102,0,0,1,"CpG",1
"1727","phage_lambda",48153,48154,0,0,3,"CpG",3
"1728","phage_lambda",48154,48155,0,0,1,"CpG",1
"1729","phage_lambda",48163,48164,0,0,3,"CpG",3
"1730","phage_lambda",48164,48165,0,0,1,"CpG",1
"1731","phage_lambda",48166,48167,0,0,3,"CpG",3
"1732","phage_lambda",48167,48168,0,0,1,"CpG",1
"1733","phage_lambda",48200,48201,0,0,3,"CpG",3
"1734","phage_lambda",48221,48222,0,0,3,"CpG",3
"1735","phage_lambda",48256,48257,0,0,2,"CpG",2
"1736","phage_lambda",48265,48266,0,0,2,"CpG",2
"1737","phage_lambda",48280,48281,0,0,1,"CpG",1
"1738","phage_lambda",48294,48295,0,0,1,"CpG",1
"1739","phage_lambda",48384,48385,0,0,1,"CpG",1
"1740","phage_lambda",48393,48394,0,0,1,"CpG",1
"1741","phage_lambda",48413,48414,0,0,1,"CpG",1
"1742","phage_lambda",48432,48433,0,0,1,"CpG",1
"1743","phage_lambda",48436,48437,0,0,1,"CpG",1
"1744","phage_lambda",48472,48473,0,0,1,"CpG",1
"1745","phage_lambda",48483,48484,0,0,1,"CpG",1
"1746","phage_lambda",48491,48492,0,0,1,"CpG",1
"1747","phage_lambda",48501,48502,0,0,1,"CpG",1
"1748","phage_lambda",150,151,0,0,1,"CHG",1
"1749","phage_lambda",152,153,0,0,1,"CHG",1
"1750","phage_lambda",166,167,0,0,1,"CHG",1
"1751","phage_lambda",168,169,0,0,1,"CHG",1
"1752","phage_lambda",176,177,0,0,1,"CHG",1
"1753","phage_lambda",208,209,0,0,1,"CHG",1
"1754","phage_lambda",210,211,0,0,1,"CHG",1
"1755","phage_lambda",211,212,0,0,1,"CHG",1
"1756","phage_lambda",213,214,0,0,1,"CHG",1
"1757","phage_lambda",215,216,0,0,1,"CHG",1
"1758","phage_lambda",217,218,0,0,1,"CHG",1
"1759","phage_lambda",227,228,0,0,1,"CHG",1
"1760","phage_lambda",237,238,0,0,1,"CHG",1
"1761","phage_lambda",247,248,0,0,1,"CHG",1
"1762","phage_lambda",249,250,0,0,1,"CHG",1
"1763","phage_lambda",252,253,0,0,1,"CHG",1
"1764","phage_lambda",254,255,0,0,1,"CHG",1
"1765","phage_lambda",256,257,0,0,1,"CHG",1
"1766","phage_lambda",258,259,0,0,1,"CHG",1
"1767","phage_lambda",262,263,0,0,2,"CHG",2
"1768","phage_lambda",264,265,0,0,1,"CHG",1
"1769","phage_lambda",272,273,0,0,2,"CHG",2
"1770","phage_lambda",277,278,0,0,2,"CHG",2
"1771","phage_lambda",279,280,0,0,1,"CHG",1
"1772","phage_lambda",287,288,0,0,1,"CHG",1
"1773","phage_lambda",317,318,0,0,2,"CHG",2
"1774","phage_lambda",319,320,0,0,1,"CHG",1
"1775","phage_lambda",320,321,0,0,2,"CHG",2
"1776","phage_lambda",323,324,0,0,2,"CHG",2
"1777","phage_lambda",341,342,0,0,2,"CHG",2
"1778","phage_lambda",353,354,0,0,2,"CHG",2
"1779","phage_lambda",373,374,0,0,2,"CHG",2
"1780","phage_lambda",378,379,0,0,1,"CHG",1
"1781","phage_lambda",381,382,0,0,1,"CHG",1
"1782","phage_lambda",394,395,0,0,1,"CHG",1
"1783","phage_lambda",396,397,0,0,1,"CHG",1
"1784","phage_lambda",399,400,0,0,1,"CHG",1
"1785","phage_lambda",400,401,0,0,1,"CHG",1
"1786","phage_lambda",402,403,0,0,1,"CHG",1
"1787","phage_lambda",405,406,0,0,1,"CHG",1
"1788","phage_lambda",407,408,0,0,1,"CHG",1
"1789","phage_lambda",415,416,0,0,1,"CHG",1
"1790","phage_lambda",423,424,0,0,1,"CHG",1
"1791","phage_lambda",427,428,0,0,1,"CHG",1
"1792","phage_lambda",466,467,0,0,1,"CHG",1
"1793","phage_lambda",468,469,0,0,1,"CHG",1
"1794","phage_lambda",470,471,0,0,1,"CHG",1
"1795","phage_lambda",478,479,0,0,1,"CHG",1
"1796","phage_lambda",480,481,0,0,1,"CHG",1
"1797","phage_lambda",484,485,0,0,1,"CHG",1
"1798","phage_lambda",486,487,0,0,1,"CHG",1
"1799","phage_lambda",495,496,0,0,1,"CHG",1
"1800","phage_lambda",497,498,0,0,1,"CHG",1
"1801","phage_lambda",503,504,0,0,1,"CHG",1
"1802","phage_lambda",506,507,0,0,1,"CHG",1
"1803","phage_lambda",508,509,0,0,1,"CHG",1
"1804","phage_lambda",521,522,0,0,1,"CHG",1
"1805","phage_lambda",528,529,0,0,2,"CHG",2
"1806","phage_lambda",541,542,0,0,2,"CHG",2
"1807","phage_lambda",554,555,0,0,2,"CHG",2
"1808","phage_lambda",567,568,0,0,2,"CHG",2
"1809","phage_lambda",589,590,0,0,1,"CHG",1
"1810","phage_lambda",598,599,0,0,1,"CHG",1
"1811","phage_lambda",610,611,0,0,1,"CHG",1
"1812","phage_lambda",616,617,0,0,1,"CHG",1
"1813","phage_lambda",624,625,0,0,1,"CHG",1
"1814","phage_lambda",640,641,0,0,1,"CHG",1
"1815","phage_lambda",676,677,0,0,1,"CHG",1
"1816","phage_lambda",684,685,0,0,1,"CHG",1
"1817","phage_lambda",693,694,0,0,1,"CHG",1
"1818","phage_lambda",700,701,0,0,1,"CHG",1
"1819","phage_lambda",708,709,0,0,1,"CHG",1
"1820","phage_lambda",726,727,0,0,1,"CHG",1
"1821","phage_lambda",730,731,0,0,1,"CHG",1
"1822","phage_lambda",738,739,0,0,1,"CHG",1
"1823","phage_lambda",742,743,0,0,1,"CHG",1
"1824","phage_lambda",745,746,0,0,1,"CHG",1
"1825","phage_lambda",754,755,0,0,1,"CHG",1
"1826","phage_lambda",759,760,0,0,1,"CHG",1
"1827","phage_lambda",762,763,0,0,1,"CHG",1
"1828","phage_lambda",773,774,0,0,1,"CHG",1
"1829","phage_lambda",775,776,0,0,1,"CHG",1
"1830","phage_lambda",778,779,0,0,2,"CHG",2
"1831","phage_lambda",780,781,0,0,1,"CHG",1
"1832","phage_lambda",782,783,0,0,2,"CHG",2
"1833","phage_lambda",785,786,0,0,1,"CHG",1
"1834","phage_lambda",791,792,0,0,2,"CHG",2
"1835","phage_lambda",793,794,0,0,1,"CHG",1
"1836","phage_lambda",795,796,0,0,2,"CHG",2
"1837","phage_lambda",798,799,0,0,2,"CHG",2
"1838","phage_lambda",812,813,0,0,1,"CHG",1
"1839","phage_lambda",830,831,0,0,2,"CHG",2
"1840","phage_lambda",840,841,0,0,2,"CHG",2
"1841","phage_lambda",848,849,0,0,2,"CHG",2
"1842","phage_lambda",859,860,0,0,1,"CHG",1
"1843","phage_lambda",869,870,0,0,2,"CHG",2
"1844","phage_lambda",878,879,0,0,2,"CHG",2
"1845","phage_lambda",904,905,0,0,1,"CHG",1
"1846","phage_lambda",916,917,0,0,1,"CHG",1
"1847","phage_lambda",939,940,0,0,1,"CHG",1
"1848","phage_lambda",943,944,0,0,1,"CHG",1
"1849","phage_lambda",965,966,0,0,1,"CHG",1
"1850","phage_lambda",1701,1702,0,0,1,"CHG",1
"1851","phage_lambda",1716,1717,0,0,1,"CHG",1
"1852","phage_lambda",1723,1724,0,0,1,"CHG",1
"1853","phage_lambda",1737,1738,0,0,1,"CHG",1
"1854","phage_lambda",1760,1761,0,0,1,"CHG",1
"1855","phage_lambda",1794,1795,0,0,1,"CHG",1
"1856","phage_lambda",1829,1830,0,0,1,"CHG",1
"1857","phage_lambda",1835,1836,0,0,1,"CHG",1
"1858","phage_lambda",2936,2937,0,0,1,"CHG",1
"1859","phage_lambda",2942,2943,0,0,1,"CHG",1
"1860","phage_lambda",2974,2975,0,0,1,"CHG",1
"1861","phage_lambda",2976,2977,0,0,1,"CHG",1
"1862","phage_lambda",2979,2980,0,0,1,"CHG",1
"1863","phage_lambda",2981,2982,0,0,1,"CHG",1
"1864","phage_lambda",2996,2997,0,0,1,"CHG",1
"1865","phage_lambda",3008,3009,0,0,1,"CHG",1
"1866","phage_lambda",3013,3014,0,0,1,"CHG",1
"1867","phage_lambda",3015,3016,0,0,1,"CHG",1
"1868","phage_lambda",3021,3022,0,0,1,"CHG",1
"1869","phage_lambda",3023,3024,0,0,1,"CHG",1
"1870","phage_lambda",3037,3038,0,0,1,"CHG",1
"1871","phage_lambda",3043,3044,0,0,1,"CHG",1
"1872","phage_lambda",3057,3058,0,0,1,"CHG",1
"1873","phage_lambda",3059,3060,0,0,1,"CHG",1
"1874","phage_lambda",3060,3061,0,0,1,"CHG",1
"1875","phage_lambda",3062,3063,0,0,1,"CHG",1
"1876","phage_lambda",3066,3067,0,0,1,"CHG",1
"1877","phage_lambda",3068,3069,0,0,1,"CHG",1
"1878","phage_lambda",3082,3083,0,0,1,"CHG",1
"1879","phage_lambda",3092,3093,0,0,1,"CHG",1
"1880","phage_lambda",3095,3096,0,0,1,"CHG",1
"1881","phage_lambda",3098,3099,0,0,1,"CHG",1
"1882","phage_lambda",3100,3101,0,0,1,"CHG",1
"1883","phage_lambda",3113,3114,0,0,1,"CHG",1
"1884","phage_lambda",3115,3116,0,0,1,"CHG",1
"1885","phage_lambda",3123,3124,0,0,1,"CHG",1
"1886","phage_lambda",3125,3126,0,0,1,"CHG",1
"1887","phage_lambda",3133,3134,0,0,1,"CHG",1
"1888","phage_lambda",3146,3147,0,0,1,"CHG",1
"1889","phage_lambda",3158,3159,0,0,1,"CHG",1
"1890","phage_lambda",3385,3386,0,0,1,"CHG",1
"1891","phage_lambda",3391,3392,0,0,1,"CHG",1
"1892","phage_lambda",3395,3396,0,0,1,"CHG",1
"1893","phage_lambda",3400,3401,0,0,1,"CHG",1
"1894","phage_lambda",3409,3410,0,0,1,"CHG",1
"1895","phage_lambda",3416,3417,0,0,1,"CHG",1
"1896","phage_lambda",3427,3428,0,0,1,"CHG",1
"1897","phage_lambda",3430,3431,0,0,1,"CHG",1
"1898","phage_lambda",3435,3436,0,0,1,"CHG",1
"1899","phage_lambda",3440,3441,0,0,1,"CHG",1
"1900","phage_lambda",3454,3455,0,0,1,"CHG",1
"1901","phage_lambda",3463,3464,0,0,1,"CHG",1
"1902","phage_lambda",3471,3472,0,0,1,"CHG",1
"1903","phage_lambda",3475,3476,0,0,1,"CHG",1
"1904","phage_lambda",3485,3486,0,0,1,"CHG",1
"1905","phage_lambda",3517,3518,0,0,1,"CHG",1
"1906","phage_lambda",3574,3575,0,0,1,"CHG",1
"1907","phage_lambda",3592,3593,0,0,1,"CHG",1
"1908","phage_lambda",3605,3606,0,0,1,"CHG",1
"1909","phage_lambda",3626,3627,0,0,1,"CHG",1
"1910","phage_lambda",3629,3630,0,0,1,"CHG",1
"1911","phage_lambda",3638,3639,0,0,1,"CHG",1
"1912","phage_lambda",3641,3642,0,0,1,"CHG",1
"1913","phage_lambda",3644,3645,0,0,1,"CHG",1
"1914","phage_lambda",3692,3693,0,0,1,"CHG",1
"1915","phage_lambda",3701,3702,0,0,1,"CHG",1
"1916","phage_lambda",3705,3706,0,0,1,"CHG",1
"1917","phage_lambda",3889,3890,0,0,1,"CHG",1
"1918","phage_lambda",3900,3901,0,0,1,"CHG",1
"1919","phage_lambda",3906,3907,0,0,1,"CHG",1
"1920","phage_lambda",3909,3910,0,0,1,"CHG",1
"1921","phage_lambda",3922,3923,0,0,1,"CHG",1
"1922","phage_lambda",3925,3926,0,0,1,"CHG",1
"1923","phage_lambda",3930,3931,0,0,1,"CHG",1
"1924","phage_lambda",3948,3949,0,0,1,"CHG",1
"1925","phage_lambda",3956,3957,0,0,1,"CHG",1
"1926","phage_lambda",3969,3970,0,0,1,"CHG",1
"1927","phage_lambda",4704,4705,0,0,1,"CHG",1
"1928","phage_lambda",4710,4711,0,0,1,"CHG",1
"1929","phage_lambda",4713,4714,0,0,1,"CHG",1
"1930","phage_lambda",4723,4724,0,0,1,"CHG",1
"1931","phage_lambda",4733,4734,0,0,1,"CHG",1
"1932","phage_lambda",4742,4743,0,0,1,"CHG",1
"1933","phage_lambda",4758,4759,0,0,1,"CHG",1
"1934","phage_lambda",4764,4765,0,0,1,"CHG",1
"1935","phage_lambda",4768,4769,0,0,1,"CHG",1
"1936","phage_lambda",4772,4773,0,0,1,"CHG",1
"1937","phage_lambda",4790,4791,0,0,1,"CHG",1
"1938","phage_lambda",4797,4798,0,0,1,"CHG",1
"1939","phage_lambda",4817,4818,0,0,1,"CHG",1
"1940","phage_lambda",4820,4821,0,0,1,"CHG",1
"1941","phage_lambda",4831,4832,0,0,1,"CHG",1
"1942","phage_lambda",4844,4845,0,0,1,"CHG",1
"1943","phage_lambda",4879,4880,0,0,1,"CHG",1
"1944","phage_lambda",4908,4909,0,0,1,"CHG",1
"1945","phage_lambda",4910,4911,0,0,1,"CHG",1
"1946","phage_lambda",4911,4912,0,0,1,"CHG",1
"1947","phage_lambda",4913,4914,0,0,1,"CHG",1
"1948","phage_lambda",4916,4917,0,0,1,"CHG",1
"1949","phage_lambda",4918,4919,0,0,1,"CHG",1
"1950","phage_lambda",4921,4922,0,0,1,"CHG",1
"1951","phage_lambda",4923,4924,0,0,1,"CHG",1
"1952","phage_lambda",4932,4933,0,0,1,"CHG",1
"1953","phage_lambda",4934,4935,0,0,1,"CHG",1
"1954","phage_lambda",4937,4938,0,0,1,"CHG",1
"1955","phage_lambda",4944,4945,0,0,1,"CHG",1
"1956","phage_lambda",4947,4948,0,0,1,"CHG",1
"1957","phage_lambda",4953,4954,0,0,1,"CHG",1
"1958","phage_lambda",4962,4963,0,0,1,"CHG",1
"1959","phage_lambda",4971,4972,0,0,1,"CHG",1
"1960","phage_lambda",4975,4976,0,0,1,"CHG",1
"1961","phage_lambda",4985,4986,0,0,1,"CHG",1
"1962","phage_lambda",5003,5004,0,0,1,"CHG",1
"1963","phage_lambda",5012,5013,0,0,1,"CHG",1
"1964","phage_lambda",5017,5018,0,0,1,"CHG",1
"1965","phage_lambda",5022,5023,0,0,1,"CHG",1
"1966","phage_lambda",5031,5032,0,0,1,"CHG",1
"1967","phage_lambda",5049,5050,0,0,1,"CHG",1
"1968","phage_lambda",5142,5143,0,0,1,"CHG",1
"1969","phage_lambda",5146,5147,0,0,1,"CHG",1
"1970","phage_lambda",5148,5149,0,0,1,"CHG",1
"1971","phage_lambda",5158,5159,0,0,1,"CHG",1
"1972","phage_lambda",5160,5161,0,0,1,"CHG",1
"1973","phage_lambda",5170,5171,0,0,1,"CHG",1
"1974","phage_lambda",5177,5178,0,0,1,"CHG",1
"1975","phage_lambda",5180,5181,0,0,1,"CHG",1
"1976","phage_lambda",5182,5183,0,0,1,"CHG",1
"1977","phage_lambda",5184,5185,0,0,1,"CHG",1
"1978","phage_lambda",5186,5187,0,0,1,"CHG",1
"1979","phage_lambda",5191,5192,0,0,1,"CHG",1
"1980","phage_lambda",5193,5194,0,0,1,"CHG",1
"1981","phage_lambda",5200,5201,0,0,1,"CHG",1
"1982","phage_lambda",5202,5203,0,0,1,"CHG",1
"1983","phage_lambda",5207,5208,0,0,1,"CHG",1
"1984","phage_lambda",5213,5214,0,0,1,"CHG",1
"1985","phage_lambda",5215,5216,0,0,1,"CHG",1
"1986","phage_lambda",5216,5217,0,0,1,"CHG",1
"1987","phage_lambda",5218,5219,0,0,1,"CHG",1
"1988","phage_lambda",5223,5224,0,0,1,"CHG",1
"1989","phage_lambda",5225,5226,0,0,1,"CHG",1
"1990","phage_lambda",5228,5229,100,1,0,"CHG",1
"1991","phage_lambda",5232,5233,0,0,1,"CHG",1
"1992","phage_lambda",5249,5250,0,0,2,"CHG",2
"1993","phage_lambda",5253,5254,0,0,2,"CHG",2
"1994","phage_lambda",5257,5258,0,0,2,"CHG",2
"1995","phage_lambda",5273,5274,0,0,2,"CHG",2
"1996","phage_lambda",5307,5308,0,0,2,"CHG",2
"1997","phage_lambda",5332,5333,0,0,1,"CHG",1
"1998","phage_lambda",6430,6431,0,0,1,"CHG",1
"1999","phage_lambda",6436,6437,0,0,1,"CHG",1
"2000","phage_lambda",6440,6441,0,0,1,"CHG",1
"2001","phage_lambda",6446,6447,0,0,1,"CHG",1
"2002","phage_lambda",7340,7341,0,0,1,"CHG",1
"2003","phage_lambda",7343,7344,100,1,0,"CHG",1
"2004","phage_lambda",7348,7349,100,1,0,"CHG",1
"2005","phage_lambda",7362,7363,0,0,1,"CHG",1
"2006","phage_lambda",7365,7366,100,1,0,"CHG",1
"2007","phage_lambda",7378,7379,100,1,0,"CHG",1
"2008","phage_lambda",7382,7383,100,1,0,"CHG",1
"2009","phage_lambda",7406,7407,0,0,1,"CHG",1
"2010","phage_lambda",7411,7412,0,0,1,"CHG",1
"2011","phage_lambda",7414,7415,0,0,1,"CHG",1
"2012","phage_lambda",7421,7422,0,0,1,"CHG",1
"2013","phage_lambda",7429,7430,0,0,1,"CHG",1
"2014","phage_lambda",7439,7440,0,0,1,"CHG",1
"2015","phage_lambda",7444,7445,0,0,1,"CHG",1
"2016","phage_lambda",7462,7463,0,0,1,"CHG",1
"2017","phage_lambda",7471,7472,0,0,1,"CHG",1
"2018","phage_lambda",7478,7479,0,0,1,"CHG",1
"2019","phage_lambda",7508,7509,0,0,2,"CHG",2
"2020","phage_lambda",7522,7523,0,0,2,"CHG",2
"2021","phage_lambda",7525,7526,0,0,2,"CHG",2
"2022","phage_lambda",7547,7548,0,0,2,"CHG",2
"2023","phage_lambda",7550,7551,0,0,2,"CHG",2
"2024","phage_lambda",7559,7560,0,0,2,"CHG",2
"2025","phage_lambda",7562,7563,0,0,2,"CHG",2
"2026","phage_lambda",7571,7572,50,1,1,"CHG",2
"2027","phage_lambda",7582,7583,0,0,1,"CHG",1
"2028","phage_lambda",7587,7588,0,0,1,"CHG",1
"2029","phage_lambda",7609,7610,0,0,1,"CHG",1
"2030","phage_lambda",7615,7616,0,0,1,"CHG",1
"2031","phage_lambda",7629,7630,0,0,1,"CHG",1
"2032","phage_lambda",9216,9217,0,0,1,"CHG",1
"2033","phage_lambda",9224,9225,0,0,1,"CHG",1
"2034","phage_lambda",9230,9231,0,0,1,"CHG",1
"2035","phage_lambda",9233,9234,0,0,1,"CHG",1
"2036","phage_lambda",9239,9240,0,0,1,"CHG",1
"2037","phage_lambda",9242,9243,0,0,1,"CHG",1
"2038","phage_lambda",9268,9269,0,0,1,"CHG",1
"2039","phage_lambda",9283,9284,0,0,1,"CHG",1
"2040","phage_lambda",9290,9291,0,0,1,"CHG",1
"2041","phage_lambda",9313,9314,0,0,1,"CHG",1
"2042","phage_lambda",9319,9320,0,0,1,"CHG",1
"2043","phage_lambda",9325,9326,0,0,1,"CHG",1
"2044","phage_lambda",9328,9329,0,0,1,"CHG",1
"2045","phage_lambda",9367,9368,0,0,1,"CHG",1
"2046","phage_lambda",9398,9399,0,0,1,"CHG",1
"2047","phage_lambda",9408,9409,0,0,1,"CHG",1
"2048","phage_lambda",9418,9419,100,1,0,"CHG",1
"2049","phage_lambda",9429,9430,100,1,0,"CHG",1
"2050","phage_lambda",9438,9439,0,0,1,"CHG",1
"2051","phage_lambda",9447,9448,0,0,1,"CHG",1
"2052","phage_lambda",9456,9457,0,0,1,"CHG",1
"2053","phage_lambda",9460,9461,0,0,1,"CHG",1
"2054","phage_lambda",9482,9483,0,0,1,"CHG",1
"2055","phage_lambda",9494,9495,0,0,1,"CHG",1
"2056","phage_lambda",9498,9499,0,0,1,"CHG",1
"2057","phage_lambda",9509,9510,0,0,1,"CHG",1
"2058","phage_lambda",9617,9618,0,0,1,"CHG",1
"2059","phage_lambda",9635,9636,0,0,1,"CHG",1
"2060","phage_lambda",9645,9646,0,0,1,"CHG",1
"2061","phage_lambda",9662,9663,0,0,1,"CHG",1
"2062","phage_lambda",9665,9666,0,0,1,"CHG",1
"2063","phage_lambda",9671,9672,0,0,1,"CHG",1
"2064","phage_lambda",9690,9691,0,0,1,"CHG",1
"2065","phage_lambda",9699,9700,0,0,1,"CHG",1
"2066","phage_lambda",9707,9708,0,0,1,"CHG",1
"2067","phage_lambda",9718,9719,0,0,1,"CHG",1
"2068","phage_lambda",9744,9745,0,0,1,"CHG",1
"2069","phage_lambda",9764,9765,0,0,1,"CHG",1
"2070","phage_lambda",9769,9770,0,0,1,"CHG",1
"2071","phage_lambda",9773,9774,0,0,1,"CHG",1
"2072","phage_lambda",9778,9779,0,0,1,"CHG",1
"2073","phage_lambda",9781,9782,0,0,1,"CHG",1
"2074","phage_lambda",9802,9803,0,0,1,"CHG",1
"2075","phage_lambda",9811,9812,0,0,1,"CHG",1
"2076","phage_lambda",9814,9815,0,0,1,"CHG",1
"2077","phage_lambda",9818,9819,0,0,1,"CHG",1
"2078","phage_lambda",9823,9824,0,0,1,"CHG",1
"2079","phage_lambda",9827,9828,0,0,1,"CHG",1
"2080","phage_lambda",9833,9834,0,0,1,"CHG",1
"2081","phage_lambda",9837,9838,0,0,1,"CHG",1
"2082","phage_lambda",9844,9845,0,0,1,"CHG",1
"2083","phage_lambda",9854,9855,0,0,1,"CHG",1
"2084","phage_lambda",9870,9871,100,1,0,"CHG",1
"2085","phage_lambda",9876,9877,0,0,1,"CHG",1
"2086","phage_lambda",9886,9887,100,1,0,"CHG",1
"2087","phage_lambda",9901,9902,0,0,1,"CHG",1
"2088","phage_lambda",10425,10426,0,0,1,"CHG",1
"2089","phage_lambda",10435,10436,0,0,1,"CHG",1
"2090","phage_lambda",10457,10458,0,0,1,"CHG",1
"2091","phage_lambda",10465,10466,0,0,1,"CHG",1
"2092","phage_lambda",10468,10469,0,0,1,"CHG",1
"2093","phage_lambda",10477,10478,0,0,1,"CHG",1
"2094","phage_lambda",10486,10487,0,0,1,"CHG",1
"2095","phage_lambda",10501,10502,0,0,1,"CHG",1
"2096","phage_lambda",10503,10504,0,0,1,"CHG",1
"2097","phage_lambda",10508,10509,0,0,1,"CHG",1
"2098","phage_lambda",10510,10511,0,0,1,"CHG",1
"2099","phage_lambda",10514,10515,0,0,1,"CHG",1
"2100","phage_lambda",10516,10517,0,0,1,"CHG",1
"2101","phage_lambda",10526,10527,0,0,1,"CHG",1
"2102","phage_lambda",10528,10529,0,0,1,"CHG",1
"2103","phage_lambda",10536,10537,0,0,1,"CHG",1
"2104","phage_lambda",10539,10540,0,0,1,"CHG",1
"2105","phage_lambda",10545,10546,0,0,1,"CHG",1
"2106","phage_lambda",10547,10548,0,0,1,"CHG",1
"2107","phage_lambda",10550,10551,0,0,1,"CHG",1
"2108","phage_lambda",10553,10554,0,0,1,"CHG",1
"2109","phage_lambda",10562,10563,0,0,1,"CHG",1
"2110","phage_lambda",10564,10565,0,0,1,"CHG",1
"2111","phage_lambda",10580,10581,0,0,1,"CHG",1
"2112","phage_lambda",10582,10583,0,0,1,"CHG",1
"2113","phage_lambda",10589,10590,0,0,1,"CHG",1
"2114","phage_lambda",10593,10594,0,0,1,"CHG",1
"2115","phage_lambda",10606,10607,0,0,1,"CHG",1
"2116","phage_lambda",10614,10615,0,0,1,"CHG",1
"2117","phage_lambda",10620,10621,0,0,1,"CHG",1
"2118","phage_lambda",10634,10635,0,0,1,"CHG",1
"2119","phage_lambda",10640,10641,0,0,1,"CHG",1
"2120","phage_lambda",11312,11313,0,0,1,"CHG",1
"2121","phage_lambda",11318,11319,0,0,1,"CHG",1
"2122","phage_lambda",11325,11326,0,0,1,"CHG",1
"2123","phage_lambda",11337,11338,0,0,1,"CHG",1
"2124","phage_lambda",11348,11349,0,0,1,"CHG",1
"2125","phage_lambda",11364,11365,100,1,0,"CHG",1
"2126","phage_lambda",11387,11388,0,0,1,"CHG",1
"2127","phage_lambda",11392,11393,0,0,1,"CHG",1
"2128","phage_lambda",11395,11396,0,0,1,"CHG",1
"2129","phage_lambda",11399,11400,0,0,1,"CHG",1
"2130","phage_lambda",11420,11421,0,0,1,"CHG",1
"2131","phage_lambda",11428,11429,0,0,1,"CHG",1
"2132","phage_lambda",11433,11434,0,0,1,"CHG",1
"2133","phage_lambda",11437,11438,0,0,1,"CHG",1
"2134","phage_lambda",11442,11443,100,1,0,"CHG",1
"2135","phage_lambda",11449,11450,0,0,1,"CHG",1
"2136","phage_lambda",11474,11475,0,0,1,"CHG",1
"2137","phage_lambda",11477,11478,0,0,1,"CHG",1
"2138","phage_lambda",11479,11480,0,0,1,"CHG",1
"2139","phage_lambda",11493,11494,0,0,1,"CHG",1
"2140","phage_lambda",11495,11496,0,0,1,"CHG",1
"2141","phage_lambda",11499,11500,0,0,1,"CHG",1
"2142","phage_lambda",11504,11505,0,0,1,"CHG",1
"2143","phage_lambda",11506,11507,0,0,1,"CHG",1
"2144","phage_lambda",11513,11514,0,0,1,"CHG",1
"2145","phage_lambda",11515,11516,0,0,1,"CHG",1
"2146","phage_lambda",11523,11524,0,0,1,"CHG",1
"2147","phage_lambda",11525,11526,0,0,1,"CHG",1
"2148","phage_lambda",11529,11530,0,0,1,"CHG",1
"2149","phage_lambda",11531,11532,0,0,1,"CHG",1
"2150","phage_lambda",11544,11545,0,0,1,"CHG",1
"2151","phage_lambda",11546,11547,0,0,1,"CHG",1
"2152","phage_lambda",11554,11555,0,0,1,"CHG",1
"2153","phage_lambda",11556,11557,0,0,1,"CHG",1
"2154","phage_lambda",11561,11562,0,0,1,"CHG",1
"2155","phage_lambda",11563,11564,0,0,1,"CHG",1
"2156","phage_lambda",11663,11664,0,0,1,"CHG",1
"2157","phage_lambda",11668,11669,0,0,1,"CHG",1
"2158","phage_lambda",11671,11672,0,0,1,"CHG",1
"2159","phage_lambda",11678,11679,0,0,1,"CHG",1
"2160","phage_lambda",11680,11681,0,0,1,"CHG",1
"2161","phage_lambda",11693,11694,0,0,1,"CHG",1
"2162","phage_lambda",11695,11696,0,0,1,"CHG",1
"2163","phage_lambda",11696,11697,0,0,1,"CHG",1
"2164","phage_lambda",11698,11699,0,0,1,"CHG",1
"2165","phage_lambda",11699,11700,0,0,1,"CHG",1
"2166","phage_lambda",11701,11702,0,0,1,"CHG",1
"2167","phage_lambda",11709,11710,0,0,1,"CHG",1
"2168","phage_lambda",11722,11723,0,0,1,"CHG",1
"2169","phage_lambda",11723,11724,0,0,1,"CHG",1
"2170","phage_lambda",11725,11726,0,0,1,"CHG",1
"2171","phage_lambda",11733,11734,0,0,1,"CHG",1
"2172","phage_lambda",11744,11745,0,0,1,"CHG",1
"2173","phage_lambda",11746,11747,0,0,1,"CHG",1
"2174","phage_lambda",11761,11762,0,0,1,"CHG",1
"2175","phage_lambda",11762,11763,0,0,1,"CHG",1
"2176","phage_lambda",11764,11765,0,0,1,"CHG",1
"2177","phage_lambda",11765,11766,0,0,1,"CHG",1
"2178","phage_lambda",11767,11768,0,0,1,"CHG",1
"2179","phage_lambda",11771,11772,0,0,1,"CHG",1
"2180","phage_lambda",11774,11775,0,0,1,"CHG",1
"2181","phage_lambda",11776,11777,0,0,1,"CHG",1
"2182","phage_lambda",11787,11788,0,0,1,"CHG",1
"2183","phage_lambda",11791,11792,0,0,1,"CHG",1
"2184","phage_lambda",11795,11796,0,0,1,"CHG",1
"2185","phage_lambda",11797,11798,0,0,1,"CHG",1
"2186","phage_lambda",11804,11805,0,0,1,"CHG",1
"2187","phage_lambda",11806,11807,0,0,1,"CHG",1
"2188","phage_lambda",11816,11817,100,1,0,"CHG",1
"2189","phage_lambda",11818,11819,0,0,1,"CHG",1
"2190","phage_lambda",11826,11827,0,0,1,"CHG",1
"2191","phage_lambda",11834,11835,0,0,1,"CHG",1
"2192","phage_lambda",11836,11837,0,0,1,"CHG",1
"2193","phage_lambda",11839,11840,0,0,1,"CHG",1
"2194","phage_lambda",12161,12162,0,0,1,"CHG",1
"2195","phage_lambda",12164,12165,0,0,1,"CHG",1
"2196","phage_lambda",12168,12169,0,0,1,"CHG",1
"2197","phage_lambda",12194,12195,0,0,1,"CHG",1
"2198","phage_lambda",12203,12204,0,0,1,"CHG",1
"2199","phage_lambda",12212,12213,0,0,1,"CHG",1
"2200","phage_lambda",12218,12219,0,0,1,"CHG",1
"2201","phage_lambda",12221,12222,0,0,1,"CHG",1
"2202","phage_lambda",12239,12240,0,0,1,"CHG",1
"2203","phage_lambda",12410,12411,0,0,1,"CHG",1
"2204","phage_lambda",12424,12425,0,0,1,"CHG",1
"2205","phage_lambda",12432,12433,0,0,1,"CHG",1
"2206","phage_lambda",12437,12438,0,0,1,"CHG",1
"2207","phage_lambda",12444,12445,0,0,1,"CHG",1
"2208","phage_lambda",12448,12449,0,0,1,"CHG",1
"2209","phage_lambda",12478,12479,0,0,1,"CHG",1
"2210","phage_lambda",12488,12489,0,0,1,"CHG",1
"2211","phage_lambda",12501,12502,0,0,1,"CHG",1
"2212","phage_lambda",12509,12510,0,0,1,"CHG",1
"2213","phage_lambda",12530,12531,0,0,1,"CHG",1
"2214","phage_lambda",12565,12566,0,0,1,"CHG",1
"2215","phage_lambda",12568,12569,100,1,0,"CHG",1
"2216","phage_lambda",12570,12571,0,0,1,"CHG",1
"2217","phage_lambda",12574,12575,100,1,0,"CHG",1
"2218","phage_lambda",12576,12577,0,0,1,"CHG",1
"2219","phage_lambda",12583,12584,100,1,0,"CHG",1
"2220","phage_lambda",12588,12589,100,1,0,"CHG",1
"2221","phage_lambda",12593,12594,100,1,0,"CHG",1
"2222","phage_lambda",12595,12596,0,0,1,"CHG",1
"2223","phage_lambda",12606,12607,0,0,1,"CHG",1
"2224","phage_lambda",12608,12609,0,0,1,"CHG",1
"2225","phage_lambda",12614,12615,0,0,1,"CHG",1
"2226","phage_lambda",12616,12617,0,0,1,"CHG",1
"2227","phage_lambda",12623,12624,0,0,1,"CHG",1
"2228","phage_lambda",12625,12626,0,0,1,"CHG",1
"2229","phage_lambda",12645,12646,0,0,1,"CHG",1
"2230","phage_lambda",12654,12655,0,0,1,"CHG",1
"2231","phage_lambda",12655,12656,0,0,1,"CHG",1
"2232","phage_lambda",12657,12658,0,0,1,"CHG",1
"2233","phage_lambda",12669,12670,0,0,1,"CHG",1
"2234","phage_lambda",12672,12673,0,0,1,"CHG",1
"2235","phage_lambda",12674,12675,0,0,1,"CHG",1
"2236","phage_lambda",12684,12685,0,0,1,"CHG",1
"2237","phage_lambda",12690,12691,0,0,1,"CHG",1
"2238","phage_lambda",12696,12697,0,0,1,"CHG",1
"2239","phage_lambda",12698,12699,0,0,1,"CHG",1
"2240","phage_lambda",12702,12703,0,0,1,"CHG",1
"2241","phage_lambda",12707,12708,0,0,1,"CHG",1
"2242","phage_lambda",12715,12716,0,0,1,"CHG",1
"2243","phage_lambda",12722,12723,0,0,1,"CHG",1
"2244","phage_lambda",12725,12726,0,0,1,"CHG",1
"2245","phage_lambda",12747,12748,0,0,1,"CHG",1
"2246","phage_lambda",12758,12759,0,0,1,"CHG",1
"2247","phage_lambda",12765,12766,0,0,1,"CHG",1
"2248","phage_lambda",12768,12769,0,0,1,"CHG",1
"2249","phage_lambda",12782,12783,0,0,1,"CHG",1
"2250","phage_lambda",13664,13665,0,0,1,"CHG",1
"2251","phage_lambda",13668,13669,0,0,1,"CHG",1
"2252","phage_lambda",13679,13680,0,0,1,"CHG",1
"2253","phage_lambda",13684,13685,0,0,1,"CHG",1
"2254","phage_lambda",13696,13697,0,0,1,"CHG",1
"2255","phage_lambda",13704,13705,0,0,1,"CHG",1
"2256","phage_lambda",13715,13716,0,0,1,"CHG",1
"2257","phage_lambda",13721,13722,0,0,1,"CHG",1
"2258","phage_lambda",13726,13727,0,0,1,"CHG",1
"2259","phage_lambda",13729,13730,0,0,1,"CHG",1
"2260","phage_lambda",13734,13735,0,0,1,"CHG",1
"2261","phage_lambda",13742,13743,0,0,1,"CHG",1
"2262","phage_lambda",14069,14070,0,0,1,"CHG",1
"2263","phage_lambda",14121,14122,0,0,1,"CHG",1
"2264","phage_lambda",14138,14139,0,0,1,"CHG",1
"2265","phage_lambda",14142,14143,0,0,1,"CHG",1
"2266","phage_lambda",14148,14149,0,0,1,"CHG",1
"2267","phage_lambda",14156,14157,0,0,1,"CHG",1
"2268","phage_lambda",14167,14168,0,0,1,"CHG",1
"2269","phage_lambda",14181,14182,0,0,1,"CHG",1
"2270","phage_lambda",14250,14251,0,0,1,"CHG",1
"2271","phage_lambda",14258,14259,0,0,1,"CHG",1
"2272","phage_lambda",14271,14272,0,0,1,"CHG",1
"2273","phage_lambda",14281,14282,0,0,1,"CHG",1
"2274","phage_lambda",14289,14290,0,0,1,"CHG",1
"2275","phage_lambda",14293,14294,0,0,1,"CHG",1
"2276","phage_lambda",14296,14297,0,0,1,"CHG",1
"2277","phage_lambda",14300,14301,0,0,1,"CHG",1
"2278","phage_lambda",14308,14309,0,0,1,"CHG",1
"2279","phage_lambda",14326,14327,0,0,1,"CHG",1
"2280","phage_lambda",14334,14335,0,0,1,"CHG",1
"2281","phage_lambda",14342,14343,0,0,1,"CHG",1
"2282","phage_lambda",14350,14351,0,0,1,"CHG",1
"2283","phage_lambda",14355,14356,0,0,1,"CHG",1
"2284","phage_lambda",14359,14360,0,0,1,"CHG",1
"2285","phage_lambda",14369,14370,0,0,1,"CHG",1
"2286","phage_lambda",14373,14374,100,1,0,"CHG",1
"2287","phage_lambda",14380,14381,0,0,1,"CHG",1
"2288","phage_lambda",14382,14383,0,0,1,"CHG",1
"2289","phage_lambda",14383,14384,0,0,1,"CHG",1
"2290","phage_lambda",14385,14386,0,0,1,"CHG",1
"2291","phage_lambda",14389,14390,100,1,0,"CHG",1
"2292","phage_lambda",14391,14392,0,0,1,"CHG",1
"2293","phage_lambda",14412,14413,0,0,1,"CHG",1
"2294","phage_lambda",14417,14418,0,0,1,"CHG",1
"2295","phage_lambda",14421,14422,0,0,1,"CHG",1
"2296","phage_lambda",14444,14445,0,0,1,"CHG",1
"2297","phage_lambda",14527,14528,0,0,1,"CHG",1
"2298","phage_lambda",14542,14543,0,0,1,"CHG",1
"2299","phage_lambda",14562,14563,0,0,1,"CHG",1
"2300","phage_lambda",14564,14565,0,0,1,"CHG",1
"2301","phage_lambda",14576,14577,0,0,1,"CHG",1
"2302","phage_lambda",14578,14579,0,0,1,"CHG",1
"2303","phage_lambda",14580,14581,0,0,1,"CHG",1
"2304","phage_lambda",14590,14591,0,0,1,"CHG",1
"2305","phage_lambda",14592,14593,0,0,1,"CHG",1
"2306","phage_lambda",14599,14600,0,0,1,"CHG",1
"2307","phage_lambda",14601,14602,0,0,1,"CHG",1
"2308","phage_lambda",14611,14612,0,0,1,"CHG",1
"2309","phage_lambda",14614,14615,0,0,1,"CHG",1
"2310","phage_lambda",14616,14617,0,0,1,"CHG",1
"2311","phage_lambda",14620,14621,0,0,1,"CHG",1
"2312","phage_lambda",14622,14623,0,0,1,"CHG",1
"2313","phage_lambda",14626,14627,0,0,1,"CHG",1
"2314","phage_lambda",14633,14634,0,0,1,"CHG",1
"2315","phage_lambda",14635,14636,50,1,1,"CHG",2
"2316","phage_lambda",14638,14639,50,1,1,"CHG",2
"2317","phage_lambda",14641,14642,0,0,1,"CHG",1
"2318","phage_lambda",14643,14644,0,0,2,"CHG",2
"2319","phage_lambda",14644,14645,0,0,1,"CHG",1
"2320","phage_lambda",14647,14648,0,0,2,"CHG",2
"2321","phage_lambda",14656,14657,0,0,1,"CHG",1
"2322","phage_lambda",14658,14659,0,0,2,"CHG",2
"2323","phage_lambda",14659,14660,0,0,1,"CHG",1
"2324","phage_lambda",14661,14662,0,0,2,"CHG",2
"2325","phage_lambda",14664,14665,0,0,1,"CHG",1
"2326","phage_lambda",14666,14667,0,0,2,"CHG",2
"2327","phage_lambda",14678,14679,0,0,1,"CHG",1
"2328","phage_lambda",14680,14681,0,0,2,"CHG",2
"2329","phage_lambda",14683,14684,0,0,1,"CHG",1
"2330","phage_lambda",14693,14694,0,0,1,"CHG",1
"2331","phage_lambda",14705,14706,0,0,2,"CHG",2
"2332","phage_lambda",14708,14709,0,0,2,"CHG",2
"2333","phage_lambda",14714,14715,0,0,2,"CHG",2
"2334","phage_lambda",14721,14722,0,0,2,"CHG",2
"2335","phage_lambda",14724,14725,0,0,2,"CHG",2
"2336","phage_lambda",14737,14738,0,0,1,"CHG",1
"2337","phage_lambda",14745,14746,0,0,1,"CHG",1
"2338","phage_lambda",14805,14806,0,0,1,"CHG",1
"2339","phage_lambda",14822,14823,0,0,1,"CHG",1
"2340","phage_lambda",14855,14856,0,0,1,"CHG",1
"2341","phage_lambda",14880,14881,0,0,1,"CHG",1
"2342","phage_lambda",14884,14885,0,0,1,"CHG",1
"2343","phage_lambda",14886,14887,0,0,1,"CHG",1
"2344","phage_lambda",14894,14895,0,0,1,"CHG",1
"2345","phage_lambda",14897,14898,0,0,1,"CHG",1
"2346","phage_lambda",14901,14902,0,0,1,"CHG",1
"2347","phage_lambda",14903,14904,0,0,1,"CHG",1
"2348","phage_lambda",14910,14911,0,0,1,"CHG",1
"2349","phage_lambda",14912,14913,0,0,1,"CHG",1
"2350","phage_lambda",14916,14917,0,0,1,"CHG",1
"2351","phage_lambda",14919,14920,0,0,1,"CHG",1
"2352","phage_lambda",14928,14929,0,0,1,"CHG",1
"2353","phage_lambda",14930,14931,0,0,1,"CHG",1
"2354","phage_lambda",14934,14935,0,0,1,"CHG",1
"2355","phage_lambda",14936,14937,0,0,1,"CHG",1
"2356","phage_lambda",14944,14945,0,0,1,"CHG",1
"2357","phage_lambda",14945,14946,0,0,1,"CHG",1
"2358","phage_lambda",14947,14948,0,0,1,"CHG",1
"2359","phage_lambda",14954,14955,0,0,1,"CHG",1
"2360","phage_lambda",14960,14961,0,0,1,"CHG",1
"2361","phage_lambda",14968,14969,0,0,1,"CHG",1
"2362","phage_lambda",14972,14973,0,0,1,"CHG",1
"2363","phage_lambda",14980,14981,0,0,1,"CHG",1
"2364","phage_lambda",14989,14990,0,0,1,"CHG",1
"2365","phage_lambda",14997,14998,0,0,1,"CHG",1
"2366","phage_lambda",15002,15003,0,0,1,"CHG",1
"2367","phage_lambda",15326,15327,0,0,1,"CHG",1
"2368","phage_lambda",15338,15339,0,0,1,"CHG",1
"2369","phage_lambda",15342,15343,0,0,1,"CHG",1
"2370","phage_lambda",15347,15348,0,0,1,"CHG",1
"2371","phage_lambda",15352,15353,0,0,1,"CHG",1
"2372","phage_lambda",15386,15387,0,0,2,"CHG",2
"2373","phage_lambda",15394,15395,0,0,2,"CHG",2
"2374","phage_lambda",15399,15400,0,0,2,"CHG",2
"2375","phage_lambda",15402,15403,0,0,2,"CHG",2
"2376","phage_lambda",15415,15416,0,0,2,"CHG",2
"2377","phage_lambda",15422,15423,0,0,2,"CHG",2
"2378","phage_lambda",15442,15443,0,0,1,"CHG",1
"2379","phage_lambda",15469,15470,0,0,1,"CHG",1
"2380","phage_lambda",15471,15472,0,0,1,"CHG",1
"2381","phage_lambda",15474,15475,100,1,0,"CHG",1
"2382","phage_lambda",15478,15479,100,1,0,"CHG",1
"2383","phage_lambda",15518,15519,0,0,1,"CHG",1
"2384","phage_lambda",15520,15521,0,0,1,"CHG",1
"2385","phage_lambda",15534,15535,0,0,1,"CHG",1
"2386","phage_lambda",15555,15556,0,0,1,"CHG",1
"2387","phage_lambda",15567,15568,0,0,1,"CHG",1
"2388","phage_lambda",15573,15574,0,0,1,"CHG",1
"2389","phage_lambda",15593,15594,0,0,1,"CHG",1
"2390","phage_lambda",15603,15604,0,0,1,"CHG",1
"2391","phage_lambda",15615,15616,0,0,1,"CHG",1
"2392","phage_lambda",15639,15640,0,0,1,"CHG",1
"2393","phage_lambda",15642,15643,0,0,1,"CHG",1
"2394","phage_lambda",15647,15648,0,0,1,"CHG",1
"2395","phage_lambda",15654,15655,0,0,1,"CHG",1
"2396","phage_lambda",15660,15661,0,0,1,"CHG",1
"2397","phage_lambda",15726,15727,0,0,1,"CHG",1
"2398","phage_lambda",15732,15733,0,0,1,"CHG",1
"2399","phage_lambda",15735,15736,0,0,1,"CHG",1
"2400","phage_lambda",15754,15755,0,0,1,"CHG",1
"2401","phage_lambda",15760,15761,0,0,1,"CHG",1
"2402","phage_lambda",15771,15772,0,0,1,"CHG",1
"2403","phage_lambda",15798,15799,0,0,1,"CHG",1
"2404","phage_lambda",15806,15807,0,0,1,"CHG",1
"2405","phage_lambda",15820,15821,0,0,1,"CHG",1
"2406","phage_lambda",15833,15834,0,0,1,"CHG",1
"2407","phage_lambda",16131,16132,0,0,1,"CHG",1
"2408","phage_lambda",16140,16141,0,0,2,"CHG",2
"2409","phage_lambda",16152,16153,0,0,2,"CHG",2
"2410","phage_lambda",16164,16165,0,0,2,"CHG",2
"2411","phage_lambda",16179,16180,0,0,2,"CHG",2
"2412","phage_lambda",16187,16188,0,0,2,"CHG",2
"2413","phage_lambda",16191,16192,0,0,2,"CHG",2
"2414","phage_lambda",16194,16195,0,0,2,"CHG",2
"2415","phage_lambda",16202,16203,0,0,2,"CHG",2
"2416","phage_lambda",16215,16216,0,0,2,"CHG",2
"2417","phage_lambda",16230,16231,0,0,2,"CHG",2
"2418","phage_lambda",16233,16234,0,0,2,"CHG",2
"2419","phage_lambda",16239,16240,0,0,1,"CHG",1
"2420","phage_lambda",16254,16255,0,0,1,"CHG",1
"2421","phage_lambda",16257,16258,0,0,1,"CHG",1
"2422","phage_lambda",16271,16272,0,0,1,"CHG",1
"2423","phage_lambda",16322,16323,0,0,1,"CHG",1
"2424","phage_lambda",16329,16330,0,0,1,"CHG",1
"2425","phage_lambda",16341,16342,0,0,1,"CHG",1
"2426","phage_lambda",16350,16351,0,0,1,"CHG",1
"2427","phage_lambda",16404,16405,0,0,1,"CHG",1
"2428","phage_lambda",16419,16420,0,0,1,"CHG",1
"2429","phage_lambda",16431,16432,0,0,1,"CHG",1
"2430","phage_lambda",16435,16436,0,0,1,"CHG",1
"2431","phage_lambda",16464,16465,0,0,1,"CHG",1
"2432","phage_lambda",16520,16521,0,0,1,"CHG",1
"2433","phage_lambda",16529,16530,0,0,1,"CHG",1
"2434","phage_lambda",16544,16545,0,0,1,"CHG",1
"2435","phage_lambda",16551,16552,0,0,1,"CHG",1
"2436","phage_lambda",16566,16567,0,0,1,"CHG",1
"2437","phage_lambda",16572,16573,0,0,1,"CHG",1
"2438","phage_lambda",16584,16585,0,0,1,"CHG",1
"2439","phage_lambda",16589,16590,0,0,1,"CHG",1
"2440","phage_lambda",16593,16594,0,0,1,"CHG",1
"2441","phage_lambda",16619,16620,0,0,1,"CHG",1
"2442","phage_lambda",16622,16623,0,0,1,"CHG",1
"2443","phage_lambda",16638,16639,0,0,1,"CHG",1
"2444","phage_lambda",16653,16654,0,0,1,"CHG",1
"2445","phage_lambda",16658,16659,0,0,1,"CHG",1
"2446","phage_lambda",16664,16665,0,0,1,"CHG",1
"2447","phage_lambda",16670,16671,0,0,1,"CHG",1
"2448","phage_lambda",16677,16678,0,0,1,"CHG",1
"2449","phage_lambda",16685,16686,0,0,1,"CHG",1
"2450","phage_lambda",16696,16697,0,0,1,"CHG",1
"2451","phage_lambda",16709,16710,0,0,1,"CHG",1
"2452","phage_lambda",16719,16720,0,0,1,"CHG",1
"2453","phage_lambda",16730,16731,0,0,1,"CHG",1
"2454","phage_lambda",16744,16745,0,0,2,"CHG",2
"2455","phage_lambda",16764,16765,0,0,2,"CHG",2
"2456","phage_lambda",16775,16776,0,0,1,"CHG",1
"2457","phage_lambda",16814,16815,0,0,1,"CHG",1
"2458","phage_lambda",16820,16821,0,0,1,"CHG",1
"2459","phage_lambda",16823,16824,0,0,1,"CHG",1
"2460","phage_lambda",16830,16831,0,0,1,"CHG",1
"2461","phage_lambda",16838,16839,0,0,1,"CHG",1
"2462","phage_lambda",16843,16844,0,0,1,"CHG",1
"2463","phage_lambda",16848,16849,0,0,1,"CHG",1
"2464","phage_lambda",16854,16855,0,0,1,"CHG",1
"2465","phage_lambda",16864,16865,0,0,1,"CHG",1
"2466","phage_lambda",16869,16870,0,0,1,"CHG",1
"2467","phage_lambda",16872,16873,0,0,1,"CHG",1
"2468","phage_lambda",16881,16882,0,0,1,"CHG",1
"2469","phage_lambda",16885,16886,0,0,1,"CHG",1
"2470","phage_lambda",16895,16896,0,0,1,"CHG",1
"2471","phage_lambda",16906,16907,0,0,1,"CHG",1
"2472","phage_lambda",16963,16964,0,0,1,"CHG",1
"2473","phage_lambda",16970,16971,0,0,1,"CHG",1
"2474","phage_lambda",16975,16976,0,0,1,"CHG",1
"2475","phage_lambda",16989,16990,0,0,1,"CHG",1
"2476","phage_lambda",17000,17001,0,0,1,"CHG",1
"2477","phage_lambda",17004,17005,0,0,1,"CHG",1
"2478","phage_lambda",17009,17010,0,0,1,"CHG",1
"2479","phage_lambda",17016,17017,0,0,1,"CHG",1
"2480","phage_lambda",17027,17028,0,0,1,"CHG",1
"2481","phage_lambda",17040,17041,0,0,1,"CHG",1
"2482","phage_lambda",17050,17051,0,0,1,"CHG",1
"2483","phage_lambda",17056,17057,0,0,1,"CHG",1
"2484","phage_lambda",17061,17062,0,0,1,"CHG",1
"2485","phage_lambda",17070,17071,0,0,1,"CHG",1
"2486","phage_lambda",17091,17092,0,0,1,"CHG",1
"2487","phage_lambda",17096,17097,0,0,1,"CHG",1
"2488","phage_lambda",17109,17110,0,0,1,"CHG",1
"2489","phage_lambda",17113,17114,0,0,1,"CHG",1
"2490","phage_lambda",17119,17120,0,0,1,"CHG",1
"2491","phage_lambda",17144,17145,0,0,1,"CHG",1
"2492","phage_lambda",17152,17153,0,0,1,"CHG",1
"2493","phage_lambda",17164,17165,0,0,1,"CHG",1
"2494","phage_lambda",17171,17172,0,0,1,"CHG",1
"2495","phage_lambda",17280,17281,0,0,1,"CHG",1
"2496","phage_lambda",17328,17329,0,0,1,"CHG",1
"2497","phage_lambda",17355,17356,0,0,1,"CHG",1
"2498","phage_lambda",17359,17360,0,0,1,"CHG",1
"2499","phage_lambda",17367,17368,0,0,1,"CHG",1
"2500","phage_lambda",17373,17374,0,0,1,"CHG",1
"2501","phage_lambda",17377,17378,0,0,1,"CHG",1
"2502","phage_lambda",17380,17381,0,0,1,"CHG",1
"2503","phage_lambda",17389,17390,0,0,1,"CHG",1
"2504","phage_lambda",17392,17393,0,0,1,"CHG",1
"2505","phage_lambda",17396,17397,0,0,1,"CHG",1
"2506","phage_lambda",17409,17410,0,0,1,"CHG",1
"2507","phage_lambda",17415,17416,0,0,1,"CHG",1
"2508","phage_lambda",17433,17434,100,1,0,"CHG",1
"2509","phage_lambda",17946,17947,0,0,1,"CHG",1
"2510","phage_lambda",17971,17972,0,0,1,"CHG",1
"2511","phage_lambda",17994,17995,0,0,1,"CHG",1
"2512","phage_lambda",17997,17998,0,0,1,"CHG",1
"2513","phage_lambda",18012,18013,0,0,1,"CHG",1
"2514","phage_lambda",18029,18030,0,0,1,"CHG",1
"2515","phage_lambda",18032,18033,0,0,1,"CHG",1
"2516","phage_lambda",18036,18037,0,0,1,"CHG",1
"2517","phage_lambda",18068,18069,0,0,1,"CHG",1
"2518","phage_lambda",18391,18392,0,0,1,"CHG",1
"2519","phage_lambda",18397,18398,0,0,1,"CHG",1
"2520","phage_lambda",18415,18416,0,0,1,"CHG",1
"2521","phage_lambda",18424,18425,0,0,1,"CHG",1
"2522","phage_lambda",18441,18442,0,0,1,"CHG",1
"2523","phage_lambda",18448,18449,0,0,1,"CHG",1
"2524","phage_lambda",18460,18461,0,0,1,"CHG",1
"2525","phage_lambda",18467,18468,0,0,1,"CHG",1
"2526","phage_lambda",18474,18475,0,0,1,"CHG",1
"2527","phage_lambda",18487,18488,0,0,1,"CHG",1
"2528","phage_lambda",18504,18505,0,0,1,"CHG",1
"2529","phage_lambda",18513,18514,0,0,1,"CHG",1
"2530","phage_lambda",18527,18528,0,0,1,"CHG",1
"2531","phage_lambda",18538,18539,0,0,1,"CHG",1
"2532","phage_lambda",18547,18548,0,0,1,"CHG",1
"2533","phage_lambda",18555,18556,0,0,1,"CHG",1
"2534","phage_lambda",18567,18568,0,0,1,"CHG",1
"2535","phage_lambda",19319,19320,0,0,1,"CHG",1
"2536","phage_lambda",19334,19335,0,0,1,"CHG",1
"2537","phage_lambda",19337,19338,0,0,1,"CHG",1
"2538","phage_lambda",19347,19348,0,0,1,"CHG",1
"2539","phage_lambda",19349,19350,0,0,1,"CHG",1
"2540","phage_lambda",19353,19354,0,0,1,"CHG",1
"2541","phage_lambda",19358,19359,0,0,1,"CHG",1
"2542","phage_lambda",19361,19362,0,0,1,"CHG",1
"2543","phage_lambda",19362,19363,0,0,1,"CHG",1
"2544","phage_lambda",19364,19365,0,0,1,"CHG",1
"2545","phage_lambda",19377,19378,0,0,1,"CHG",1
"2546","phage_lambda",19387,19388,0,0,1,"CHG",1
"2547","phage_lambda",19397,19398,0,0,1,"CHG",1
"2548","phage_lambda",19400,19401,0,0,1,"CHG",1
"2549","phage_lambda",19421,19422,100,1,0,"CHG",1
"2550","phage_lambda",19423,19424,0,0,1,"CHG",1
"2551","phage_lambda",19425,19426,0,0,1,"CHG",1
"2552","phage_lambda",19427,19428,0,0,1,"CHG",1
"2553","phage_lambda",19446,19447,0,0,1,"CHG",1
"2554","phage_lambda",19454,19455,0,0,1,"CHG",1
"2555","phage_lambda",19456,19457,0,0,1,"CHG",1
"2556","phage_lambda",19469,19470,0,0,1,"CHG",1
"2557","phage_lambda",19471,19472,0,0,1,"CHG",1
"2558","phage_lambda",19477,19478,0,0,1,"CHG",1
"2559","phage_lambda",19479,19480,0,0,1,"CHG",1
"2560","phage_lambda",19486,19487,0,0,1,"CHG",1
"2561","phage_lambda",19489,19490,0,0,1,"CHG",1
"2562","phage_lambda",19490,19491,0,0,1,"CHG",1
"2563","phage_lambda",19492,19493,0,0,1,"CHG",1
"2564","phage_lambda",19496,19497,0,0,1,"CHG",1
"2565","phage_lambda",19526,19527,0,0,1,"CHG",1
"2566","phage_lambda",19530,19531,0,0,1,"CHG",1
"2567","phage_lambda",19539,19540,100,1,0,"CHG",1
"2568","phage_lambda",19547,19548,0,0,1,"CHG",1
"2569","phage_lambda",19581,19582,0,0,1,"CHG",1
"2570","phage_lambda",19590,19591,0,0,1,"CHG",1
"2571","phage_lambda",19599,19600,0,0,1,"CHG",1
"2572","phage_lambda",20421,20422,0,0,1,"CHG",1
"2573","phage_lambda",20429,20430,0,0,1,"CHG",1
"2574","phage_lambda",20438,20439,0,0,1,"CHG",1
"2575","phage_lambda",20444,20445,0,0,1,"CHG",1
"2576","phage_lambda",20447,20448,0,0,1,"CHG",1
"2577","phage_lambda",20450,20451,0,0,1,"CHG",1
"2578","phage_lambda",20459,20460,0,0,1,"CHG",1
"2579","phage_lambda",20463,20464,0,0,1,"CHG",1
"2580","phage_lambda",20468,20469,0,0,1,"CHG",1
"2581","phage_lambda",20493,20494,0,0,1,"CHG",1
"2582","phage_lambda",20501,20502,0,0,1,"CHG",1
"2583","phage_lambda",20507,20508,0,0,1,"CHG",1
"2584","phage_lambda",20510,20511,0,0,1,"CHG",1
"2585","phage_lambda",20513,20514,0,0,1,"CHG",1
"2586","phage_lambda",20518,20519,0,0,1,"CHG",1
"2587","phage_lambda",21365,21366,0,0,1,"CHG",1
"2588","phage_lambda",21378,21379,0,0,1,"CHG",1
"2589","phage_lambda",21398,21399,0,0,1,"CHG",1
"2590","phage_lambda",21402,21403,0,0,2,"CHG",2
"2591","phage_lambda",21413,21414,0,0,2,"CHG",2
"2592","phage_lambda",21424,21425,0,0,2,"CHG",2
"2593","phage_lambda",21430,21431,0,0,2,"CHG",2
"2594","phage_lambda",21456,21457,0,0,3,"CHG",3
"2595","phage_lambda",21462,21463,0,0,3,"CHG",3
"2596","phage_lambda",21470,21471,0,0,3,"CHG",3
"2597","phage_lambda",21527,21528,25,1,3,"CHG",4
"2598","phage_lambda",21531,21532,0,0,4,"CHG",4
"2599","phage_lambda",21582,21583,0,0,5,"CHG",5
"2600","phage_lambda",21586,21587,0,0,5,"CHG",5
"2601","phage_lambda",21599,21600,0,0,5,"CHG",5
"2602","phage_lambda",21605,21606,0,0,6,"CHG",6
"2603","phage_lambda",21645,21646,0,0,4,"CHG",4
"2604","phage_lambda",21650,21651,0,0,3,"CHG",3
"2605","phage_lambda",21654,21655,0,0,3,"CHG",3
"2606","phage_lambda",21661,21662,0,0,3,"CHG",3
"2607","phage_lambda",21671,21672,0,0,3,"CHG",3
"2608","phage_lambda",21683,21684,0,0,3,"CHG",3
"2609","phage_lambda",21698,21699,0,0,2,"CHG",2
"2610","phage_lambda",21711,21712,0,0,2,"CHG",2
"2611","phage_lambda",21718,21719,0,0,2,"CHG",2
"2612","phage_lambda",21747,21748,0,0,2,"CHG",2
"2613","phage_lambda",21751,21752,0,0,1,"CHG",1
"2614","phage_lambda",21756,21757,0,0,1,"CHG",1
"2615","phage_lambda",21762,21763,0,0,1,"CHG",1
"2616","phage_lambda",21782,21783,0,0,2,"CHG",2
"2617","phage_lambda",21785,21786,0,0,2,"CHG",2
"2618","phage_lambda",21794,21795,0,0,2,"CHG",2
"2619","phage_lambda",21812,21813,0,0,2,"CHG",2
"2620","phage_lambda",21832,21833,0,0,2,"CHG",2
"2621","phage_lambda",21838,21839,0,0,2,"CHG",2
"2622","phage_lambda",21870,21871,0,0,2,"CHG",2
"2623","phage_lambda",21899,21900,0,0,2,"CHG",2
"2624","phage_lambda",21908,21909,0,0,1,"CHG",1
"2625","phage_lambda",21929,21930,0,0,1,"CHG",1
"2626","phage_lambda",22081,22082,0,0,1,"CHG",1
"2627","phage_lambda",22085,22086,0,0,1,"CHG",1
"2628","phage_lambda",22089,22090,0,0,1,"CHG",1
"2629","phage_lambda",22096,22097,0,0,1,"CHG",1
"2630","phage_lambda",22116,22117,0,0,1,"CHG",1
"2631","phage_lambda",22125,22126,0,0,1,"CHG",1
"2632","phage_lambda",22128,22129,0,0,1,"CHG",1
"2633","phage_lambda",22140,22141,100,1,0,"CHG",1
"2634","phage_lambda",22150,22151,100,1,0,"CHG",1
"2635","phage_lambda",22187,22188,0,0,2,"CHG",2
"2636","phage_lambda",22216,22217,0,0,2,"CHG",2
"2637","phage_lambda",22236,22237,0,0,2,"CHG",2
"2638","phage_lambda",22243,22244,0,0,2,"CHG",2
"2639","phage_lambda",22267,22268,0,0,1,"CHG",1
"2640","phage_lambda",22278,22279,0,0,1,"CHG",1
"2641","phage_lambda",22292,22293,0,0,1,"CHG",1
"2642","phage_lambda",22303,22304,0,0,1,"CHG",1
"2643","phage_lambda",22308,22309,0,0,1,"CHG",1
"2644","phage_lambda",22312,22313,0,0,1,"CHG",1
"2645","phage_lambda",22326,22327,0,0,1,"CHG",1
"2646","phage_lambda",22332,22333,0,0,1,"CHG",1
"2647","phage_lambda",22340,22341,0,0,1,"CHG",1
"2648","phage_lambda",22346,22347,0,0,1,"CHG",1
"2649","phage_lambda",22352,22353,0,0,1,"CHG",1
"2650","phage_lambda",22359,22360,0,0,1,"CHG",1
"2651","phage_lambda",22377,22378,0,0,1,"CHG",1
"2652","phage_lambda",22379,22380,0,0,1,"CHG",1
"2653","phage_lambda",22383,22384,0,0,1,"CHG",1
"2654","phage_lambda",22385,22386,0,0,1,"CHG",1
"2655","phage_lambda",22391,22392,0,0,1,"CHG",1
"2656","phage_lambda",22393,22394,0,0,2,"CHG",2
"2657","phage_lambda",22407,22408,0,0,1,"CHG",1
"2658","phage_lambda",22413,22414,0,0,1,"CHG",1
"2659","phage_lambda",22415,22416,0,0,2,"CHG",2
"2660","phage_lambda",22420,22421,0,0,1,"CHG",1
"2661","phage_lambda",22422,22423,0,0,2,"CHG",2
"2662","phage_lambda",22423,22424,0,0,1,"CHG",1
"2663","phage_lambda",22425,22426,0,0,2,"CHG",2
"2664","phage_lambda",22428,22429,0,0,1,"CHG",1
"2665","phage_lambda",22430,22431,0,0,2,"CHG",2
"2666","phage_lambda",22461,22462,0,0,1,"CHG",1
"2667","phage_lambda",22463,22464,0,0,1,"CHG",1
"2668","phage_lambda",22469,22470,0,0,1,"CHG",1
"2669","phage_lambda",22471,22472,0,0,1,"CHG",1
"2670","phage_lambda",22484,22485,0,0,1,"CHG",1
"2671","phage_lambda",22491,22492,0,0,1,"CHG",1
"2672","phage_lambda",22496,22497,0,0,1,"CHG",1
"2673","phage_lambda",22513,22514,0,0,1,"CHG",1
"2674","phage_lambda",22519,22520,0,0,1,"CHG",1
"2675","phage_lambda",22534,22535,0,0,1,"CHG",1
"2676","phage_lambda",22537,22538,0,0,1,"CHG",1
"2677","phage_lambda",22543,22544,0,0,1,"CHG",1
"2678","phage_lambda",22572,22573,0,0,1,"CHG",1
"2679","phage_lambda",22575,22576,0,0,1,"CHG",1
"2680","phage_lambda",22600,22601,0,0,1,"CHG",1
"2681","phage_lambda",22602,22603,0,0,1,"CHG",1
"2682","phage_lambda",22605,22606,0,0,1,"CHG",1
"2683","phage_lambda",22628,22629,0,0,1,"CHG",1
"2684","phage_lambda",22659,22660,0,0,1,"CHG",1
"2685","phage_lambda",22661,22662,0,0,1,"CHG",1
"2686","phage_lambda",22710,22711,0,0,1,"CHG",1
"2687","phage_lambda",22729,22730,0,0,1,"CHG",1
"2688","phage_lambda",22731,22732,0,0,1,"CHG",1
"2689","phage_lambda",22768,22769,0,0,1,"CHG",1
"2690","phage_lambda",22770,22771,0,0,2,"CHG",2
"2691","phage_lambda",22771,22772,0,0,1,"CHG",1
"2692","phage_lambda",22773,22774,0,0,2,"CHG",2
"2693","phage_lambda",22792,22793,50,1,1,"CHG",2
"2694","phage_lambda",22868,22869,0,0,1,"CHG",1
"2695","phage_lambda",22870,22871,0,0,1,"CHG",1
"2696","phage_lambda",22932,22933,0,0,1,"CHG",1
"2697","phage_lambda",22934,22935,0,0,1,"CHG",1
"2698","phage_lambda",22945,22946,0,0,1,"CHG",1
"2699","phage_lambda",22947,22948,0,0,1,"CHG",1
"2700","phage_lambda",22986,22987,0,0,1,"CHG",1
"2701","phage_lambda",22990,22991,0,0,1,"CHG",1
"2702","phage_lambda",22993,22994,0,0,1,"CHG",1
"2703","phage_lambda",23020,23021,0,0,1,"CHG",1
"2704","phage_lambda",23103,23104,0,0,1,"CHG",1
"2705","phage_lambda",23125,23126,0,0,1,"CHG",1
"2706","phage_lambda",23137,23138,0,0,1,"CHG",1
"2707","phage_lambda",23158,23159,0,0,1,"CHG",1
"2708","phage_lambda",23189,23190,0,0,1,"CHG",1
"2709","phage_lambda",23215,23216,0,0,2,"CHG",2
"2710","phage_lambda",23303,23304,0,0,1,"CHG",1
"2711","phage_lambda",23390,23391,0,0,1,"CHG",1
"2712","phage_lambda",23393,23394,0,0,1,"CHG",1
"2713","phage_lambda",23405,23406,0,0,1,"CHG",1
"2714","phage_lambda",23475,23476,0,0,1,"CHG",1
"2715","phage_lambda",23790,23791,0,0,1,"CHG",1
"2716","phage_lambda",23799,23800,0,0,1,"CHG",1
"2717","phage_lambda",23838,23839,0,0,1,"CHG",1
"2718","phage_lambda",23953,23954,0,0,1,"CHG",1
"2719","phage_lambda",23955,23956,0,0,1,"CHG",1
"2720","phage_lambda",23982,23983,0,0,1,"CHG",1
"2721","phage_lambda",23984,23985,0,0,1,"CHG",1
"2722","phage_lambda",23992,23993,0,0,1,"CHG",1
"2723","phage_lambda",24037,24038,0,0,1,"CHG",1
"2724","phage_lambda",24424,24425,0,0,1,"CHG",1
"2725","phage_lambda",24439,24440,0,0,1,"CHG",1
"2726","phage_lambda",24776,24777,0,0,1,"CHG",1
"2727","phage_lambda",24790,24791,0,0,1,"CHG",1
"2728","phage_lambda",24797,24798,0,0,1,"CHG",1
"2729","phage_lambda",24804,24805,0,0,1,"CHG",1
"2730","phage_lambda",24824,24825,0,0,1,"CHG",1
"2731","phage_lambda",24834,24835,0,0,1,"CHG",1
"2732","phage_lambda",24842,24843,0,0,1,"CHG",1
"2733","phage_lambda",25329,25330,0,0,1,"CHG",1
"2734","phage_lambda",25379,25380,0,0,1,"CHG",1
"2735","phage_lambda",25419,25420,0,0,2,"CHG",2
"2736","phage_lambda",25444,25445,50,1,1,"CHG",2
"2737","phage_lambda",25466,25467,0,0,2,"CHG",2
"2738","phage_lambda",25507,25508,0,0,2,"CHG",2
"2739","phage_lambda",25516,25517,0,0,2,"CHG",2
"2740","phage_lambda",25520,25521,0,0,2,"CHG",2
"2741","phage_lambda",25543,25544,0,0,2,"CHG",2
"2742","phage_lambda",25793,25794,0,0,1,"CHG",1
"2743","phage_lambda",25874,25875,0,0,1,"CHG",1
"2744","phage_lambda",25876,25877,0,0,1,"CHG",1
"2745","phage_lambda",25892,25893,0,0,1,"CHG",1
"2746","phage_lambda",25901,25902,0,0,1,"CHG",1
"2747","phage_lambda",25952,25953,0,0,2,"CHG",2
"2748","phage_lambda",25995,25996,0,0,2,"CHG",2
"2749","phage_lambda",26055,26056,0,0,2,"CHG",2
"2750","phage_lambda",26098,26099,0,0,2,"CHG",2
"2751","phage_lambda",26115,26116,0,0,2,"CHG",2
"2752","phage_lambda",26143,26144,0,0,1,"CHG",1
"2753","phage_lambda",26145,26146,0,0,1,"CHG",1
"2754","phage_lambda",26147,26148,0,0,1,"CHG",1
"2755","phage_lambda",26149,26150,0,0,1,"CHG",1
"2756","phage_lambda",26189,26190,0,0,1,"CHG",1
"2757","phage_lambda",26191,26192,0,0,1,"CHG",1
"2758","phage_lambda",26195,26196,0,0,1,"CHG",1
"2759","phage_lambda",26197,26198,0,0,1,"CHG",1
"2760","phage_lambda",26243,26244,0,0,1,"CHG",1
"2761","phage_lambda",26245,26246,0,0,1,"CHG",1
"2762","phage_lambda",26305,26306,0,0,1,"CHG",1
"2763","phage_lambda",26329,26330,0,0,1,"CHG",1
"2764","phage_lambda",26640,26641,0,0,1,"CHG",1
"2765","phage_lambda",26686,26687,0,0,1,"CHG",1
"2766","phage_lambda",26735,26736,0,0,1,"CHG",1
"2767","phage_lambda",26746,26747,0,0,1,"CHG",1
"2768","phage_lambda",26854,26855,0,0,1,"CHG",1
"2769","phage_lambda",27026,27027,0,0,1,"CHG",1
"2770","phage_lambda",27097,27098,0,0,1,"CHG",1
"2771","phage_lambda",27581,27582,0,0,1,"CHG",1
"2772","phage_lambda",27583,27584,0,0,1,"CHG",1
"2773","phage_lambda",27587,27588,0,0,1,"CHG",1
"2774","phage_lambda",27589,27590,0,0,1,"CHG",1
"2775","phage_lambda",27626,27627,0,0,1,"CHG",1
"2776","phage_lambda",27628,27629,0,0,1,"CHG",1
"2777","phage_lambda",27645,27646,0,0,1,"CHG",1
"2778","phage_lambda",27647,27648,0,0,1,"CHG",1
"2779","phage_lambda",27659,27660,0,0,1,"CHG",1
"2780","phage_lambda",27661,27662,0,0,1,"CHG",1
"2781","phage_lambda",27721,27722,0,0,1,"CHG",1
"2782","phage_lambda",27783,27784,0,0,2,"CHG",2
"2783","phage_lambda",27794,27795,0,0,2,"CHG",2
"2784","phage_lambda",27796,27797,0,0,1,"CHG",1
"2785","phage_lambda",27839,27840,0,0,3,"CHG",3
"2786","phage_lambda",27845,27846,0,0,3,"CHG",3
"2787","phage_lambda",27859,27860,0,0,3,"CHG",3
"2788","phage_lambda",27876,27877,0,0,3,"CHG",3
"2789","phage_lambda",27887,27888,0,0,3,"CHG",3
"2790","phage_lambda",27919,27920,0,0,2,"CHG",2
"2791","phage_lambda",27939,27940,0,0,2,"CHG",2
"2792","phage_lambda",27947,27948,0,0,2,"CHG",2
"2793","phage_lambda",27993,27994,0,0,1,"CHG",1
"2794","phage_lambda",28029,28030,0,0,1,"CHG",1
"2795","phage_lambda",28031,28032,0,0,2,"CHG",2
"2796","phage_lambda",28034,28035,0,0,1,"CHG",1
"2797","phage_lambda",28037,28038,0,0,2,"CHG",2
"2798","phage_lambda",28047,28048,0,0,2,"CHG",2
"2799","phage_lambda",28215,28216,0,0,1,"CHG",1
"2800","phage_lambda",28253,28254,0,0,2,"CHG",2
"2801","phage_lambda",28263,28264,0,0,2,"CHG",2
"2802","phage_lambda",28267,28268,0,0,2,"CHG",2
"2803","phage_lambda",28283,28284,0,0,2,"CHG",2
"2804","phage_lambda",28305,28306,0,0,2,"CHG",2
"2805","phage_lambda",28308,28309,0,0,2,"CHG",2
"2806","phage_lambda",28324,28325,0,0,2,"CHG",2
"2807","phage_lambda",28335,28336,0,0,1,"CHG",1
"2808","phage_lambda",28338,28339,0,0,1,"CHG",1
"2809","phage_lambda",28362,28363,0,0,1,"CHG",1
"2810","phage_lambda",28383,28384,100,1,0,"CHG",1
"2811","phage_lambda",28413,28414,100,1,0,"CHG",1
"2812","phage_lambda",28441,28442,100,1,0,"CHG",1
"2813","phage_lambda",28451,28452,100,1,0,"CHG",1
"2814","phage_lambda",28464,28465,100,1,0,"CHG",1
"2815","phage_lambda",28470,28471,100,1,0,"CHG",1
"2816","phage_lambda",28506,28507,100,1,0,"CHG",1
"2817","phage_lambda",28545,28546,100,1,0,"CHG",1
"2818","phage_lambda",28547,28548,0,0,1,"CHG",1
"2819","phage_lambda",28549,28550,100,1,0,"CHG",1
"2820","phage_lambda",28551,28552,0,0,1,"CHG",1
"2821","phage_lambda",28600,28601,0,0,1,"CHG",1
"2822","phage_lambda",28602,28603,0,0,1,"CHG",1
"2823","phage_lambda",28613,28614,0,0,1,"CHG",1
"2824","phage_lambda",28615,28616,0,0,1,"CHG",1
"2825","phage_lambda",28616,28617,0,0,1,"CHG",1
"2826","phage_lambda",28618,28619,0,0,1,"CHG",1
"2827","phage_lambda",28621,28622,0,0,1,"CHG",1
"2828","phage_lambda",28623,28624,0,0,1,"CHG",1
"2829","phage_lambda",28664,28665,0,0,1,"CHG",1
"2830","phage_lambda",28673,28674,0,0,1,"CHG",1
"2831","phage_lambda",28675,28676,0,0,1,"CHG",1
"2832","phage_lambda",28686,28687,0,0,1,"CHG",1
"2833","phage_lambda",28688,28689,0,0,1,"CHG",1
"2834","phage_lambda",28690,28691,0,0,1,"CHG",1
"2835","phage_lambda",28692,28693,0,0,1,"CHG",1
"2836","phage_lambda",28710,28711,0,0,1,"CHG",1
"2837","phage_lambda",28732,28733,0,0,1,"CHG",1
"2838","phage_lambda",28743,28744,0,0,1,"CHG",1
"2839","phage_lambda",28760,28761,0,0,1,"CHG",1
"2840","phage_lambda",28766,28767,0,0,1,"CHG",1
"2841","phage_lambda",28788,28789,0,0,1,"CHG",1
"2842","phage_lambda",28802,28803,0,0,1,"CHG",1
"2843","phage_lambda",29044,29045,0,0,1,"CHG",1
"2844","phage_lambda",29062,29063,0,0,1,"CHG",1
"2845","phage_lambda",29120,29121,100,1,0,"CHG",1
"2846","phage_lambda",29124,29125,100,1,0,"CHG",1
"2847","phage_lambda",29140,29141,0,0,1,"CHG",1
"2848","phage_lambda",29169,29170,0,0,1,"CHG",1
"2849","phage_lambda",29182,29183,0,0,1,"CHG",1
"2850","phage_lambda",29198,29199,0,0,2,"CHG",2
"2851","phage_lambda",29210,29211,50,1,1,"CHG",2
"2852","phage_lambda",29240,29241,0,0,2,"CHG",2
"2853","phage_lambda",29268,29269,0,0,2,"CHG",2
"2854","phage_lambda",29276,29277,0,0,2,"CHG",2
"2855","phage_lambda",29325,29326,0,0,1,"CHG",1
"2856","phage_lambda",29446,29447,0,0,1,"CHG",1
"2857","phage_lambda",29452,29453,0,0,1,"CHG",1
"2858","phage_lambda",29472,29473,0,0,1,"CHG",1
"2859","phage_lambda",29525,29526,0,0,1,"CHG",1
"2860","phage_lambda",29572,29573,0,0,1,"CHG",1
"2861","phage_lambda",29574,29575,0,0,2,"CHG",2
"2862","phage_lambda",29590,29591,0,0,1,"CHG",1
"2863","phage_lambda",29593,29594,0,0,2,"CHG",2
"2864","phage_lambda",29596,29597,0,0,1,"CHG",1
"2865","phage_lambda",29598,29599,0,0,1,"CHG",1
"2866","phage_lambda",29630,29631,0,0,1,"CHG",1
"2867","phage_lambda",29632,29633,0,0,1,"CHG",1
"2868","phage_lambda",29684,29685,0,0,1,"CHG",1
"2869","phage_lambda",29686,29687,0,0,1,"CHG",1
"2870","phage_lambda",29694,29695,0,0,1,"CHG",1
"2871","phage_lambda",29698,29699,0,0,1,"CHG",1
"2872","phage_lambda",29700,29701,0,0,1,"CHG",1
"2873","phage_lambda",29720,29721,0,0,1,"CHG",1
"2874","phage_lambda",29722,29723,0,0,1,"CHG",1
"2875","phage_lambda",29739,29740,0,0,1,"CHG",1
"2876","phage_lambda",29755,29756,50,1,1,"CHG",2
"2877","phage_lambda",29763,29764,0,0,1,"CHG",1
"2878","phage_lambda",29765,29766,0,0,2,"CHG",2
"2879","phage_lambda",29772,29773,0,0,1,"CHG",1
"2880","phage_lambda",29774,29775,0,0,2,"CHG",2
"2881","phage_lambda",29778,29779,0,0,1,"CHG",1
"2882","phage_lambda",29780,29781,0,0,2,"CHG",2
"2883","phage_lambda",29787,29788,0,0,1,"CHG",1
"2884","phage_lambda",29789,29790,0,0,2,"CHG",2
"2885","phage_lambda",29808,29809,0,0,1,"CHG",1
"2886","phage_lambda",29810,29811,0,0,2,"CHG",2
"2887","phage_lambda",29840,29841,0,0,1,"CHG",1
"2888","phage_lambda",29869,29870,0,0,1,"CHG",1
"2889","phage_lambda",29871,29872,0,0,1,"CHG",1
"2890","phage_lambda",29875,29876,0,0,1,"CHG",1
"2891","phage_lambda",29877,29878,0,0,1,"CHG",1
"2892","phage_lambda",29890,29891,0,0,1,"CHG",1
"2893","phage_lambda",29899,29900,0,0,1,"CHG",1
"2894","phage_lambda",29901,29902,0,0,1,"CHG",1
"2895","phage_lambda",29906,29907,0,0,1,"CHG",1
"2896","phage_lambda",29908,29909,0,0,1,"CHG",1
"2897","phage_lambda",29928,29929,0,0,1,"CHG",1
"2898","phage_lambda",29984,29985,0,0,2,"CHG",2
"2899","phage_lambda",29987,29988,0,0,2,"CHG",2
"2900","phage_lambda",29990,29991,0,0,2,"CHG",2
"2901","phage_lambda",30002,30003,0,0,2,"CHG",2
"2902","phage_lambda",30010,30011,0,0,2,"CHG",2
"2903","phage_lambda",30015,30016,0,0,2,"CHG",2
"2904","phage_lambda",30028,30029,0,0,2,"CHG",2
"2905","phage_lambda",30040,30041,0,0,2,"CHG",2
"2906","phage_lambda",30062,30063,0,0,3,"CHG",3
"2907","phage_lambda",30069,30070,0,0,3,"CHG",3
"2908","phage_lambda",30095,30096,0,0,2,"CHG",2
"2909","phage_lambda",30121,30122,0,0,1,"CHG",1
"2910","phage_lambda",30149,30150,0,0,1,"CHG",1
"2911","phage_lambda",30172,30173,0,0,2,"CHG",2
"2912","phage_lambda",30174,30175,0,0,1,"CHG",1
"2913","phage_lambda",30191,30192,0,0,3,"CHG",3
"2914","phage_lambda",30193,30194,0,0,1,"CHG",1
"2915","phage_lambda",30202,30203,0,0,2,"CHG",2
"2916","phage_lambda",30204,30205,0,0,1,"CHG",1
"2917","phage_lambda",30227,30228,0,0,2,"CHG",2
"2918","phage_lambda",30229,30230,0,0,1,"CHG",1
"2919","phage_lambda",30236,30237,0,0,1,"CHG",1
"2920","phage_lambda",30251,30252,0,0,3,"CHG",3
"2921","phage_lambda",30253,30254,0,0,1,"CHG",1
"2922","phage_lambda",30263,30264,0,0,3,"CHG",3
"2923","phage_lambda",30272,30273,0,0,3,"CHG",3
"2924","phage_lambda",30274,30275,0,0,1,"CHG",1
"2925","phage_lambda",30275,30276,0,0,3,"CHG",3
"2926","phage_lambda",30277,30278,0,0,1,"CHG",1
"2927","phage_lambda",30281,30282,0,0,3,"CHG",3
"2928","phage_lambda",30283,30284,0,0,1,"CHG",1
"2929","phage_lambda",30319,30320,0,0,2,"CHG",2
"2930","phage_lambda",30321,30322,0,0,1,"CHG",1
"2931","phage_lambda",30333,30334,0,0,1,"CHG",1
"2932","phage_lambda",30350,30351,0,0,1,"CHG",1
"2933","phage_lambda",30352,30353,0,0,1,"CHG",1
"2934","phage_lambda",30355,30356,0,0,1,"CHG",1
"2935","phage_lambda",30357,30358,0,0,1,"CHG",1
"2936","phage_lambda",30358,30359,50,1,1,"CHG",2
"2937","phage_lambda",30368,30369,0,0,2,"CHG",2
"2938","phage_lambda",30370,30371,0,0,1,"CHG",1
"2939","phage_lambda",30374,30375,0,0,2,"CHG",2
"2940","phage_lambda",30376,30377,0,0,1,"CHG",1
"2941","phage_lambda",30406,30407,0,0,1,"CHG",1
"2942","phage_lambda",30408,30409,0,0,1,"CHG",1
"2943","phage_lambda",30413,30414,0,0,1,"CHG",1
"2944","phage_lambda",30415,30416,0,0,1,"CHG",1
"2945","phage_lambda",30424,30425,0,0,1,"CHG",1
"2946","phage_lambda",30426,30427,0,0,1,"CHG",1
"2947","phage_lambda",30433,30434,0,0,1,"CHG",1
"2948","phage_lambda",30435,30436,0,0,1,"CHG",1
"2949","phage_lambda",30451,30452,0,0,1,"CHG",1
"2950","phage_lambda",30460,30461,0,0,1,"CHG",1
"2951","phage_lambda",30462,30463,0,0,1,"CHG",1
"2952","phage_lambda",30469,30470,0,0,1,"CHG",1
"2953","phage_lambda",30471,30472,0,0,1,"CHG",1
"2954","phage_lambda",30492,30493,0,0,1,"CHG",1
"2955","phage_lambda",30519,30520,0,0,1,"CHG",1
"2956","phage_lambda",30529,30530,0,0,1,"CHG",1
"2957","phage_lambda",30538,30539,0,0,1,"CHG",1
"2958","phage_lambda",30558,30559,0,0,1,"CHG",1
"2959","phage_lambda",30568,30569,0,0,1,"CHG",1
"2960","phage_lambda",30742,30743,0,0,1,"CHG",1
"2961","phage_lambda",30750,30751,0,0,1,"CHG",1
"2962","phage_lambda",30780,30781,0,0,1,"CHG",1
"2963","phage_lambda",30788,30789,0,0,1,"CHG",1
"2964","phage_lambda",30807,30808,0,0,1,"CHG",1
"2965","phage_lambda",30842,30843,0,0,1,"CHG",1
"2966","phage_lambda",30849,30850,0,0,1,"CHG",1
"2967","phage_lambda",30852,30853,0,0,1,"CHG",1
"2968","phage_lambda",30856,30857,0,0,1,"CHG",1
"2969","phage_lambda",30873,30874,0,0,1,"CHG",1
"2970","phage_lambda",30946,30947,0,0,1,"CHG",1
"2971","phage_lambda",30961,30962,0,0,1,"CHG",1
"2972","phage_lambda",30963,30964,0,0,1,"CHG",1
"2973","phage_lambda",30974,30975,0,0,1,"CHG",1
"2974","phage_lambda",30977,30978,0,0,1,"CHG",1
"2975","phage_lambda",30979,30980,0,0,1,"CHG",1
"2976","phage_lambda",30981,30982,0,0,1,"CHG",1
"2977","phage_lambda",30983,30984,0,0,1,"CHG",1
"2978","phage_lambda",30995,30996,0,0,1,"CHG",1
"2979","phage_lambda",31010,31011,0,0,1,"CHG",1
"2980","phage_lambda",31012,31013,0,0,1,"CHG",1
"2981","phage_lambda",31024,31025,0,0,1,"CHG",1
"2982","phage_lambda",31026,31027,0,0,1,"CHG",1
"2983","phage_lambda",31030,31031,0,0,1,"CHG",1
"2984","phage_lambda",31032,31033,0,0,1,"CHG",1
"2985","phage_lambda",31052,31053,0,0,1,"CHG",1
"2986","phage_lambda",31054,31055,0,0,1,"CHG",1
"2987","phage_lambda",31074,31075,0,0,1,"CHG",1
"2988","phage_lambda",31096,31097,0,0,1,"CHG",1
"2989","phage_lambda",31098,31099,0,0,1,"CHG",1
"2990","phage_lambda",31107,31108,0,0,1,"CHG",1
"2991","phage_lambda",31124,31125,0,0,2,"CHG",2
"2992","phage_lambda",31179,31180,0,0,2,"CHG",2
"2993","phage_lambda",31199,31200,0,0,1,"CHG",1
"2994","phage_lambda",31226,31227,0,0,1,"CHG",1
"2995","phage_lambda",31230,31231,0,0,1,"CHG",1
"2996","phage_lambda",31236,31237,0,0,1,"CHG",1
"2997","phage_lambda",31245,31246,0,0,1,"CHG",1
"2998","phage_lambda",31255,31256,0,0,2,"CHG",2
"2999","phage_lambda",31262,31263,0,0,2,"CHG",2
"3000","phage_lambda",31271,31272,0,0,1,"CHG",1
"3001","phage_lambda",31282,31283,0,0,1,"CHG",1
"3002","phage_lambda",31298,31299,0,0,1,"CHG",1
"3003","phage_lambda",31327,31328,0,0,1,"CHG",1
"3004","phage_lambda",31384,31385,50,1,1,"CHG",2
"3005","phage_lambda",31388,31389,50,1,1,"CHG",2
"3006","phage_lambda",31418,31419,50,1,1,"CHG",2
"3007","phage_lambda",31478,31479,0,0,1,"CHG",1
"3008","phage_lambda",31499,31500,0,0,1,"CHG",1
"3009","phage_lambda",31521,31522,0,0,1,"CHG",1
"3010","phage_lambda",31620,31621,0,0,1,"CHG",1
"3011","phage_lambda",31631,31632,0,0,1,"CHG",1
"3012","phage_lambda",31640,31641,0,0,1,"CHG",1
"3013","phage_lambda",31662,31663,0,0,1,"CHG",1
"3014","phage_lambda",31675,31676,0,0,1,"CHG",1
"3015","phage_lambda",31683,31684,0,0,1,"CHG",1
"3016","phage_lambda",31687,31688,0,0,1,"CHG",1
"3017","phage_lambda",31718,31719,0,0,1,"CHG",1
"3018","phage_lambda",31726,31727,0,0,1,"CHG",1
"3019","phage_lambda",31741,31742,0,0,1,"CHG",1
"3020","phage_lambda",31757,31758,0,0,1,"CHG",1
"3021","phage_lambda",31764,31765,0,0,1,"CHG",1
"3022","phage_lambda",31781,31782,0,0,1,"CHG",1
"3023","phage_lambda",31791,31792,0,0,1,"CHG",1
"3024","phage_lambda",31796,31797,0,0,1,"CHG",1
"3025","phage_lambda",31817,31818,0,0,1,"CHG",1
"3026","phage_lambda",31828,31829,0,0,1,"CHG",1
"3027","phage_lambda",31840,31841,0,0,1,"CHG",1
"3028","phage_lambda",31847,31848,0,0,1,"CHG",1
"3029","phage_lambda",31876,31877,0,0,1,"CHG",1
"3030","phage_lambda",32132,32133,0,0,1,"CHG",1
"3031","phage_lambda",32134,32135,0,0,1,"CHG",1
"3032","phage_lambda",32139,32140,100,1,0,"CHG",1
"3033","phage_lambda",32141,32142,0,0,1,"CHG",1
"3034","phage_lambda",32146,32147,0,0,1,"CHG",1
"3035","phage_lambda",32176,32177,0,0,1,"CHG",1
"3036","phage_lambda",32185,32186,0,0,1,"CHG",1
"3037","phage_lambda",32188,32189,0,0,1,"CHG",1
"3038","phage_lambda",32203,32204,0,0,1,"CHG",1
"3039","phage_lambda",32224,32225,0,0,1,"CHG",1
"3040","phage_lambda",32242,32243,0,0,1,"CHG",1
"3041","phage_lambda",32245,32246,0,0,1,"CHG",1
"3042","phage_lambda",32253,32254,0,0,1,"CHG",1
"3043","phage_lambda",32256,32257,0,0,1,"CHG",1
"3044","phage_lambda",32265,32266,0,0,1,"CHG",1
"3045","phage_lambda",32286,32287,0,0,1,"CHG",1
"3046","phage_lambda",32310,32311,0,0,1,"CHG",1
"3047","phage_lambda",32326,32327,0,0,1,"CHG",1
"3048","phage_lambda",32330,32331,0,0,1,"CHG",1
"3049","phage_lambda",32338,32339,0,0,1,"CHG",1
"3050","phage_lambda",32429,32430,0,0,1,"CHG",1
"3051","phage_lambda",32432,32433,0,0,1,"CHG",1
"3052","phage_lambda",32451,32452,0,0,1,"CHG",1
"3053","phage_lambda",32459,32460,0,0,1,"CHG",1
"3054","phage_lambda",32464,32465,0,0,1,"CHG",1
"3055","phage_lambda",32474,32475,0,0,1,"CHG",1
"3056","phage_lambda",32483,32484,0,0,1,"CHG",1
"3057","phage_lambda",32492,32493,0,0,1,"CHG",1
"3058","phage_lambda",32501,32502,0,0,1,"CHG",1
"3059","phage_lambda",32515,32516,0,0,1,"CHG",1
"3060","phage_lambda",32539,32540,0,0,1,"CHG",1
"3061","phage_lambda",32542,32543,0,0,1,"CHG",1
"3062","phage_lambda",32567,32568,0,0,1,"CHG",1
"3063","phage_lambda",32587,32588,0,0,1,"CHG",1
"3064","phage_lambda",32602,32603,0,0,1,"CHG",1
"3065","phage_lambda",32610,32611,0,0,1,"CHG",1
"3066","phage_lambda",32638,32639,0,0,1,"CHG",1
"3067","phage_lambda",32653,32654,0,0,1,"CHG",1
"3068","phage_lambda",32668,32669,0,0,1,"CHG",1
"3069","phage_lambda",32683,32684,0,0,1,"CHG",1
"3070","phage_lambda",32693,32694,0,0,1,"CHG",1
"3071","phage_lambda",32716,32717,0,0,1,"CHG",1
"3072","phage_lambda",32869,32870,0,0,1,"CHG",1
"3073","phage_lambda",32872,32873,100,1,0,"CHG",1
"3074","phage_lambda",32880,32881,0,0,1,"CHG",1
"3075","phage_lambda",32882,32883,100,1,0,"CHG",1
"3076","phage_lambda",32893,32894,0,0,1,"CHG",1
"3077","phage_lambda",32895,32896,100,1,0,"CHG",1
"3078","phage_lambda",32923,32924,100,1,0,"CHG",1
"3079","phage_lambda",32941,32942,100,1,0,"CHG",1
"3080","phage_lambda",32985,32986,100,1,0,"CHG",1
"3081","phage_lambda",32991,32992,100,1,0,"CHG",1
"3082","phage_lambda",32997,32998,50,1,1,"CHG",2
"3083","phage_lambda",33017,33018,50,1,1,"CHG",2
"3084","phage_lambda",33021,33022,50,1,1,"CHG",2
"3085","phage_lambda",33026,33027,0,0,1,"CHG",1
"3086","phage_lambda",33043,33044,0,0,1,"CHG",1
"3087","phage_lambda",33051,33052,0,0,1,"CHG",1
"3088","phage_lambda",33054,33055,0,0,1,"CHG",1
"3089","phage_lambda",33070,33071,0,0,1,"CHG",1
"3090","phage_lambda",33075,33076,0,0,1,"CHG",1
"3091","phage_lambda",33712,33713,0,0,1,"CHG",1
"3092","phage_lambda",33727,33728,0,0,1,"CHG",1
"3093","phage_lambda",33741,33742,0,0,1,"CHG",1
"3094","phage_lambda",33753,33754,0,0,1,"CHG",1
"3095","phage_lambda",33758,33759,0,0,1,"CHG",1
"3096","phage_lambda",33780,33781,0,0,1,"CHG",1
"3097","phage_lambda",33786,33787,0,0,1,"CHG",1
"3098","phage_lambda",33791,33792,0,0,1,"CHG",1
"3099","phage_lambda",33805,33806,0,0,1,"CHG",1
"3100","phage_lambda",33822,33823,0,0,1,"CHG",1
"3101","phage_lambda",33987,33988,0,0,1,"CHG",1
"3102","phage_lambda",34041,34042,0,0,1,"CHG",1
"3103","phage_lambda",34046,34047,0,0,2,"CHG",2
"3104","phage_lambda",34057,34058,0,0,2,"CHG",2
"3105","phage_lambda",34089,34090,0,0,2,"CHG",2
"3106","phage_lambda",34093,34094,0,0,2,"CHG",2
"3107","phage_lambda",34106,34107,0,0,2,"CHG",2
"3108","phage_lambda",34122,34123,0,0,2,"CHG",2
"3109","phage_lambda",34183,34184,0,0,2,"CHG",2
"3110","phage_lambda",34198,34199,0,0,1,"CHG",1
"3111","phage_lambda",34223,34224,0,0,1,"CHG",1
"3112","phage_lambda",34290,34291,0,0,1,"CHG",1
"3113","phage_lambda",34299,34300,0,0,1,"CHG",1
"3114","phage_lambda",34320,34321,0,0,1,"CHG",1
"3115","phage_lambda",34518,34519,0,0,1,"CHG",1
"3116","phage_lambda",34528,34529,0,0,1,"CHG",1
"3117","phage_lambda",34530,34531,0,0,1,"CHG",1
"3118","phage_lambda",34541,34542,0,0,1,"CHG",1
"3119","phage_lambda",34543,34544,0,0,1,"CHG",1
"3120","phage_lambda",34570,34571,0,0,2,"CHG",2
"3121","phage_lambda",34572,34573,0,0,1,"CHG",1
"3122","phage_lambda",34583,34584,0,0,2,"CHG",2
"3123","phage_lambda",34585,34586,0,0,1,"CHG",1
"3124","phage_lambda",34596,34597,0,0,2,"CHG",2
"3125","phage_lambda",34598,34599,0,0,1,"CHG",1
"3126","phage_lambda",34603,34604,0,0,2,"CHG",2
"3127","phage_lambda",34605,34606,0,0,1,"CHG",1
"3128","phage_lambda",34608,34609,0,0,2,"CHG",2
"3129","phage_lambda",34610,34611,0,0,1,"CHG",1
"3130","phage_lambda",34704,34705,0,0,2,"CHG",2
"3131","phage_lambda",34714,34715,0,0,2,"CHG",2
"3132","phage_lambda",34720,34721,0,0,2,"CHG",2
"3133","phage_lambda",34779,34780,0,0,2,"CHG",2
"3134","phage_lambda",34797,34798,0,0,1,"CHG",1
"3135","phage_lambda",34824,34825,0,0,1,"CHG",1
"3136","phage_lambda",35071,35072,0,0,1,"CHG",1
"3137","phage_lambda",35081,35082,0,0,1,"CHG",1
"3138","phage_lambda",35103,35104,0,0,1,"CHG",1
"3139","phage_lambda",35109,35110,0,0,1,"CHG",1
"3140","phage_lambda",35111,35112,0,0,1,"CHG",1
"3141","phage_lambda",35123,35124,0,0,1,"CHG",1
"3142","phage_lambda",35125,35126,0,0,1,"CHG",1
"3143","phage_lambda",35147,35148,0,0,1,"CHG",1
"3144","phage_lambda",35162,35163,0,0,1,"CHG",1
"3145","phage_lambda",35176,35177,0,0,1,"CHG",1
"3146","phage_lambda",35180,35181,0,0,1,"CHG",1
"3147","phage_lambda",35185,35186,0,0,1,"CHG",1
"3148","phage_lambda",35240,35241,0,0,1,"CHG",1
"3149","phage_lambda",35263,35264,0,0,1,"CHG",1
"3150","phage_lambda",35288,35289,0,0,1,"CHG",1
"3151","phage_lambda",35290,35291,0,0,1,"CHG",1
"3152","phage_lambda",35299,35300,0,0,1,"CHG",1
"3153","phage_lambda",35301,35302,0,0,1,"CHG",1
"3154","phage_lambda",35315,35316,0,0,1,"CHG",1
"3155","phage_lambda",35317,35318,0,0,1,"CHG",1
"3156","phage_lambda",35325,35326,0,0,1,"CHG",1
"3157","phage_lambda",35339,35340,0,0,1,"CHG",1
"3158","phage_lambda",35342,35343,0,0,1,"CHG",1
"3159","phage_lambda",35362,35363,0,0,1,"CHG",1
"3160","phage_lambda",35372,35373,0,0,1,"CHG",1
"3161","phage_lambda",35376,35377,0,0,1,"CHG",1
"3162","phage_lambda",35399,35400,0,0,1,"CHG",1
"3163","phage_lambda",35408,35409,0,0,1,"CHG",1
"3164","phage_lambda",35410,35411,0,0,1,"CHG",1
"3165","phage_lambda",35423,35424,0,0,1,"CHG",1
"3166","phage_lambda",35441,35442,0,0,1,"CHG",1
"3167","phage_lambda",35449,35450,0,0,1,"CHG",1
"3168","phage_lambda",35466,35467,0,0,1,"CHG",1
"3169","phage_lambda",35504,35505,0,0,1,"CHG",1
"3170","phage_lambda",35506,35507,0,0,1,"CHG",1
"3171","phage_lambda",35516,35517,0,0,1,"CHG",1
"3172","phage_lambda",35518,35519,0,0,1,"CHG",1
"3173","phage_lambda",35529,35530,0,0,1,"CHG",1
"3174","phage_lambda",35815,35816,0,0,1,"CHG",1
"3175","phage_lambda",35822,35823,0,0,1,"CHG",1
"3176","phage_lambda",35839,35840,0,0,1,"CHG",1
"3177","phage_lambda",35891,35892,0,0,1,"CHG",1
"3178","phage_lambda",35938,35939,0,0,1,"CHG",1
"3179","phage_lambda",35959,35960,0,0,1,"CHG",1
"3180","phage_lambda",36315,36316,0,0,1,"CHG",1
"3181","phage_lambda",36359,36360,100,1,0,"CHG",1
"3182","phage_lambda",36368,36369,0,0,1,"CHG",1
"3183","phage_lambda",36387,36388,0,0,1,"CHG",1
"3184","phage_lambda",36395,36396,0,0,1,"CHG",1
"3185","phage_lambda",36413,36414,0,0,1,"CHG",1
"3186","phage_lambda",36428,36429,0,0,1,"CHG",1
"3187","phage_lambda",36443,36444,0,0,1,"CHG",1
"3188","phage_lambda",36621,36622,0,0,1,"CHG",1
"3189","phage_lambda",36645,36646,0,0,1,"CHG",1
"3190","phage_lambda",36656,36657,0,0,1,"CHG",1
"3191","phage_lambda",36703,36704,0,0,1,"CHG",1
"3192","phage_lambda",36715,36716,0,0,1,"CHG",1
"3193","phage_lambda",36731,36732,0,0,1,"CHG",1
"3194","phage_lambda",36752,36753,0,0,1,"CHG",1
"3195","phage_lambda",36765,36766,0,0,1,"CHG",1
"3196","phage_lambda",36769,36770,0,0,1,"CHG",1
"3197","phage_lambda",36788,36789,0,0,1,"CHG",1
"3198","phage_lambda",36795,36796,0,0,1,"CHG",1
"3199","phage_lambda",36864,36865,0,0,1,"CHG",1
"3200","phage_lambda",36872,36873,0,0,1,"CHG",1
"3201","phage_lambda",36891,36892,0,0,1,"CHG",1
"3202","phage_lambda",37041,37042,0,0,1,"CHG",1
"3203","phage_lambda",37045,37046,0,0,1,"CHG",1
"3204","phage_lambda",37082,37083,100,1,0,"CHG",1
"3205","phage_lambda",37141,37142,0,0,1,"CHG",1
"3206","phage_lambda",37195,37196,0,0,1,"CHG",1
"3207","phage_lambda",37694,37695,0,0,1,"CHG",1
"3208","phage_lambda",37752,37753,0,0,1,"CHG",1
"3209","phage_lambda",37803,37804,0,0,1,"CHG",1
"3210","phage_lambda",37807,37808,0,0,1,"CHG",1
"3211","phage_lambda",37904,37905,0,0,1,"CHG",1
"3212","phage_lambda",37906,37907,0,0,1,"CHG",1
"3213","phage_lambda",37955,37956,0,0,1,"CHG",1
"3214","phage_lambda",37978,37979,0,0,1,"CHG",1
"3215","phage_lambda",38110,38111,0,0,1,"CHG",1
"3216","phage_lambda",38148,38149,0,0,1,"CHG",1
"3217","phage_lambda",38178,38179,0,0,1,"CHG",1
"3218","phage_lambda",38196,38197,0,0,1,"CHG",1
"3219","phage_lambda",38235,38236,0,0,1,"CHG",1
"3220","phage_lambda",38776,38777,0,0,1,"CHG",1
"3221","phage_lambda",38792,38793,0,0,1,"CHG",1
"3222","phage_lambda",38808,38809,0,0,1,"CHG",1
"3223","phage_lambda",38814,38815,0,0,1,"CHG",1
"3224","phage_lambda",38819,38820,0,0,1,"CHG",1
"3225","phage_lambda",38831,38832,0,0,1,"CHG",1
"3226","phage_lambda",38843,38844,0,0,1,"CHG",1
"3227","phage_lambda",38855,38856,0,0,1,"CHG",1
"3228","phage_lambda",38890,38891,0,0,1,"CHG",1
"3229","phage_lambda",38968,38969,0,0,1,"CHG",1
"3230","phage_lambda",38987,38988,0,0,1,"CHG",1
"3231","phage_lambda",38995,38996,0,0,1,"CHG",1
"3232","phage_lambda",39024,39025,0,0,1,"CHG",1
"3233","phage_lambda",39165,39166,0,0,2,"CHG",2
"3234","phage_lambda",39174,39175,0,0,2,"CHG",2
"3235","phage_lambda",39186,39187,0,0,2,"CHG",2
"3236","phage_lambda",39191,39192,0,0,2,"CHG",2
"3237","phage_lambda",39195,39196,0,0,2,"CHG",2
"3238","phage_lambda",39210,39211,0,0,2,"CHG",2
"3239","phage_lambda",39222,39223,0,0,2,"CHG",2
"3240","phage_lambda",39228,39229,0,0,1,"CHG",1
"3241","phage_lambda",39236,39237,0,0,1,"CHG",1
"3242","phage_lambda",39241,39242,0,0,1,"CHG",1
"3243","phage_lambda",39242,39243,0,0,1,"CHG",1
"3244","phage_lambda",39244,39245,0,0,1,"CHG",1
"3245","phage_lambda",39256,39257,0,0,1,"CHG",1
"3246","phage_lambda",39259,39260,0,0,1,"CHG",1
"3247","phage_lambda",39267,39268,0,0,1,"CHG",1
"3248","phage_lambda",39271,39272,0,0,1,"CHG",1
"3249","phage_lambda",39274,39275,0,0,1,"CHG",1
"3250","phage_lambda",39277,39278,0,0,1,"CHG",1
"3251","phage_lambda",39316,39317,0,0,1,"CHG",1
"3252","phage_lambda",39320,39321,0,0,1,"CHG",1
"3253","phage_lambda",39327,39328,0,0,1,"CHG",1
"3254","phage_lambda",39337,39338,0,0,1,"CHG",1
"3255","phage_lambda",39356,39357,0,0,1,"CHG",1
"3256","phage_lambda",39360,39361,0,0,1,"CHG",1
"3257","phage_lambda",39389,39390,0,0,1,"CHG",1
"3258","phage_lambda",39405,39406,0,0,1,"CHG",1
"3259","phage_lambda",39410,39411,0,0,1,"CHG",1
"3260","phage_lambda",39413,39414,0,0,1,"CHG",1
"3261","phage_lambda",39423,39424,0,0,1,"CHG",1
"3262","phage_lambda",39434,39435,0,0,1,"CHG",1
"3263","phage_lambda",39439,39440,0,0,1,"CHG",1
"3264","phage_lambda",39450,39451,0,0,1,"CHG",1
"3265","phage_lambda",39456,39457,0,0,1,"CHG",1
"3266","phage_lambda",39467,39468,0,0,1,"CHG",1
"3267","phage_lambda",39497,39498,100,1,0,"CHG",1
"3268","phage_lambda",39510,39511,0,0,1,"CHG",1
"3269","phage_lambda",39512,39513,0,0,1,"CHG",1
"3270","phage_lambda",39514,39515,0,0,1,"CHG",1
"3271","phage_lambda",39516,39517,0,0,1,"CHG",1
"3272","phage_lambda",39523,39524,0,0,1,"CHG",1
"3273","phage_lambda",39525,39526,0,0,1,"CHG",1
"3274","phage_lambda",39527,39528,0,0,1,"CHG",1
"3275","phage_lambda",39529,39530,0,0,1,"CHG",1
"3276","phage_lambda",39548,39549,0,0,1,"CHG",1
"3277","phage_lambda",39558,39559,0,0,1,"CHG",1
"3278","phage_lambda",39562,39563,0,0,1,"CHG",1
"3279","phage_lambda",39571,39572,0,0,1,"CHG",1
"3280","phage_lambda",39601,39602,0,0,2,"CHG",2
"3281","phage_lambda",39625,39626,0,0,1,"CHG",1
"3282","phage_lambda",39634,39635,0,0,1,"CHG",1
"3283","phage_lambda",39653,39654,0,0,1,"CHG",1
"3284","phage_lambda",39676,39677,0,0,1,"CHG",1
"3285","phage_lambda",39682,39683,0,0,1,"CHG",1
"3286","phage_lambda",39685,39686,0,0,1,"CHG",1
"3287","phage_lambda",39692,39693,0,0,1,"CHG",1
"3288","phage_lambda",39694,39695,0,0,1,"CHG",1
"3289","phage_lambda",39705,39706,0,0,1,"CHG",1
"3290","phage_lambda",39712,39713,0,0,1,"CHG",1
"3291","phage_lambda",39714,39715,0,0,1,"CHG",1
"3292","phage_lambda",39716,39717,0,0,1,"CHG",1
"3293","phage_lambda",39718,39719,0,0,1,"CHG",1
"3294","phage_lambda",39722,39723,0,0,1,"CHG",1
"3295","phage_lambda",39724,39725,0,0,1,"CHG",1
"3296","phage_lambda",39734,39735,0,0,1,"CHG",1
"3297","phage_lambda",39737,39738,0,0,1,"CHG",1
"3298","phage_lambda",39743,39744,0,0,1,"CHG",1
"3299","phage_lambda",39745,39746,0,0,2,"CHG",2
"3300","phage_lambda",39751,39752,0,0,1,"CHG",1
"3301","phage_lambda",39758,39759,0,0,1,"CHG",1
"3302","phage_lambda",39760,39761,0,0,1,"CHG",1
"3303","phage_lambda",39778,39779,0,0,1,"CHG",1
"3304","phage_lambda",39785,39786,0,0,1,"CHG",1
"3305","phage_lambda",39787,39788,0,0,1,"CHG",1
"3306","phage_lambda",39794,39795,0,0,1,"CHG",1
"3307","phage_lambda",39796,39797,0,0,1,"CHG",1
"3308","phage_lambda",39805,39806,0,0,2,"CHG",2
"3309","phage_lambda",39813,39814,0,0,2,"CHG",2
"3310","phage_lambda",39830,39831,0,0,1,"CHG",1
"3311","phage_lambda",39832,39833,0,0,2,"CHG",2
"3312","phage_lambda",39840,39841,0,0,1,"CHG",1
"3313","phage_lambda",39842,39843,0,0,2,"CHG",2
"3314","phage_lambda",39856,39857,0,0,1,"CHG",1
"3315","phage_lambda",39862,39863,0,0,2,"CHG",2
"3316","phage_lambda",39863,39864,0,0,1,"CHG",1
"3317","phage_lambda",39865,39866,0,0,2,"CHG",2
"3318","phage_lambda",39878,39879,0,0,1,"CHG",1
"3319","phage_lambda",39880,39881,0,0,2,"CHG",2
"3320","phage_lambda",39888,39889,0,0,1,"CHG",1
"3321","phage_lambda",39891,39892,0,0,2,"CHG",2
"3322","phage_lambda",39893,39894,0,0,1,"CHG",1
"3323","phage_lambda",39895,39896,0,0,2,"CHG",2
"3324","phage_lambda",39913,39914,0,0,2,"CHG",2
"3325","phage_lambda",39936,39937,0,0,2,"CHG",2
"3326","phage_lambda",39940,39941,0,0,2,"CHG",2
"3327","phage_lambda",39951,39952,0,0,1,"CHG",1
"3328","phage_lambda",39958,39959,0,0,1,"CHG",1
"3329","phage_lambda",39985,39986,0,0,1,"CHG",1
"3330","phage_lambda",39997,39998,0,0,1,"CHG",1
"3331","phage_lambda",40004,40005,0,0,1,"CHG",1
"3332","phage_lambda",40097,40098,0,0,1,"CHG",1
"3333","phage_lambda",40116,40117,0,0,1,"CHG",1
"3334","phage_lambda",40118,40119,0,0,1,"CHG",1
"3335","phage_lambda",40137,40138,0,0,1,"CHG",1
"3336","phage_lambda",40139,40140,0,0,1,"CHG",1
"3337","phage_lambda",40150,40151,0,0,1,"CHG",1
"3338","phage_lambda",40167,40168,0,0,1,"CHG",1
"3339","phage_lambda",40173,40174,0,0,1,"CHG",1
"3340","phage_lambda",40188,40189,0,0,1,"CHG",1
"3341","phage_lambda",40220,40221,0,0,1,"CHG",1
"3342","phage_lambda",40226,40227,0,0,1,"CHG",1
"3343","phage_lambda",40239,40240,0,0,1,"CHG",1
"3344","phage_lambda",40262,40263,0,0,1,"CHG",1
"3345","phage_lambda",40285,40286,0,0,1,"CHG",1
"3346","phage_lambda",40311,40312,0,0,1,"CHG",1
"3347","phage_lambda",40331,40332,0,0,1,"CHG",1
"3348","phage_lambda",40339,40340,0,0,1,"CHG",1
"3349","phage_lambda",40357,40358,0,0,1,"CHG",1
"3350","phage_lambda",40366,40367,0,0,1,"CHG",1
"3351","phage_lambda",40373,40374,0,0,1,"CHG",1
"3352","phage_lambda",40383,40384,0,0,1,"CHG",1
"3353","phage_lambda",40390,40391,0,0,1,"CHG",1
"3354","phage_lambda",40404,40405,0,0,1,"CHG",1
"3355","phage_lambda",40408,40409,0,0,1,"CHG",1
"3356","phage_lambda",40498,40499,0,0,1,"CHG",1
"3357","phage_lambda",40519,40520,0,0,1,"CHG",1
"3358","phage_lambda",40526,40527,0,0,1,"CHG",1
"3359","phage_lambda",40582,40583,0,0,1,"CHG",1
"3360","phage_lambda",40594,40595,0,0,1,"CHG",1
"3361","phage_lambda",40599,40600,100,1,0,"CHG",1
"3362","phage_lambda",40602,40603,100,1,0,"CHG",1
"3363","phage_lambda",40612,40613,100,1,0,"CHG",1
"3364","phage_lambda",40937,40938,0,0,1,"CHG",1
"3365","phage_lambda",40945,40946,0,0,1,"CHG",1
"3366","phage_lambda",40948,40949,0,0,1,"CHG",1
"3367","phage_lambda",40991,40992,0,0,1,"CHG",1
"3368","phage_lambda",41004,41005,0,0,1,"CHG",1
"3369","phage_lambda",41025,41026,0,0,1,"CHG",1
"3370","phage_lambda",41039,41040,0,0,1,"CHG",1
"3371","phage_lambda",41045,41046,0,0,1,"CHG",1
"3372","phage_lambda",41071,41072,0,0,1,"CHG",1
"3373","phage_lambda",41076,41077,0,0,1,"CHG",1
"3374","phage_lambda",41102,41103,50,1,1,"CHG",2
"3375","phage_lambda",41109,41110,50,1,1,"CHG",2
"3376","phage_lambda",41117,41118,50,1,1,"CHG",2
"3377","phage_lambda",41130,41131,50,1,1,"CHG",2
"3378","phage_lambda",41156,41157,50,1,1,"CHG",2
"3379","phage_lambda",41189,41190,50,1,1,"CHG",2
"3380","phage_lambda",41223,41224,100,1,0,"CHG",1
"3381","phage_lambda",41251,41252,0,0,1,"CHG",1
"3382","phage_lambda",41258,41259,0,0,1,"CHG",1
"3383","phage_lambda",41266,41267,0,0,1,"CHG",1
"3384","phage_lambda",41281,41282,0,0,1,"CHG",1
"3385","phage_lambda",41293,41294,50,1,1,"CHG",2
"3386","phage_lambda",41332,41333,0,0,1,"CHG",1
"3387","phage_lambda",41345,41346,50,1,1,"CHG",2
"3388","phage_lambda",41350,41351,50,1,1,"CHG",2
"3389","phage_lambda",41409,41410,50,1,1,"CHG",2
"3390","phage_lambda",41414,41415,100,1,0,"CHG",1
"3391","phage_lambda",41496,41497,0,0,2,"CHG",2
"3392","phage_lambda",41501,41502,0,0,2,"CHG",2
"3393","phage_lambda",41509,41510,0,0,2,"CHG",2
"3394","phage_lambda",41531,41532,0,0,2,"CHG",2
"3395","phage_lambda",41538,41539,0,0,2,"CHG",2
"3396","phage_lambda",41549,41550,0,0,2,"CHG",2
"3397","phage_lambda",41554,41555,0,0,2,"CHG",2
"3398","phage_lambda",41558,41559,0,0,2,"CHG",2
"3399","phage_lambda",41620,41621,0,0,2,"CHG",2
"3400","phage_lambda",41637,41638,0,0,2,"CHG",2
"3401","phage_lambda",41646,41647,0,0,2,"CHG",2
"3402","phage_lambda",41682,41683,0,0,2,"CHG",2
"3403","phage_lambda",41704,41705,0,0,1,"CHG",1
"3404","phage_lambda",42098,42099,0,0,1,"CHG",1
"3405","phage_lambda",42114,42115,0,0,1,"CHG",1
"3406","phage_lambda",42124,42125,0,0,1,"CHG",1
"3407","phage_lambda",42133,42134,0,0,1,"CHG",1
"3408","phage_lambda",42160,42161,0,0,1,"CHG",1
"3409","phage_lambda",42192,42193,0,0,1,"CHG",1
"3410","phage_lambda",42758,42759,0,0,1,"CHG",1
"3411","phage_lambda",42763,42764,0,0,1,"CHG",1
"3412","phage_lambda",42774,42775,0,0,1,"CHG",1
"3413","phage_lambda",42784,42785,0,0,1,"CHG",1
"3414","phage_lambda",42791,42792,0,0,1,"CHG",1
"3415","phage_lambda",42794,42795,0,0,1,"CHG",1
"3416","phage_lambda",42797,42798,0,0,1,"CHG",1
"3417","phage_lambda",42856,42857,0,0,1,"CHG",1
"3418","phage_lambda",42867,42868,0,0,1,"CHG",1
"3419","phage_lambda",42895,42896,0,0,1,"CHG",1
"3420","phage_lambda",42909,42910,0,0,1,"CHG",1
"3421","phage_lambda",42913,42914,0,0,1,"CHG",1
"3422","phage_lambda",42920,42921,0,0,1,"CHG",1
"3423","phage_lambda",43097,43098,0,0,1,"CHG",1
"3424","phage_lambda",43110,43111,0,0,1,"CHG",1
"3425","phage_lambda",43114,43115,0,0,1,"CHG",1
"3426","phage_lambda",43137,43138,0,0,1,"CHG",1
"3427","phage_lambda",43208,43209,0,0,1,"CHG",1
"3428","phage_lambda",43251,43252,0,0,1,"CHG",1
"3429","phage_lambda",43285,43286,0,0,1,"CHG",1
"3430","phage_lambda",43290,43291,0,0,1,"CHG",1
"3431","phage_lambda",43306,43307,0,0,1,"CHG",1
"3432","phage_lambda",43316,43317,0,0,1,"CHG",1
"3433","phage_lambda",43318,43319,0,0,1,"CHG",1
"3434","phage_lambda",43349,43350,0,0,1,"CHG",1
"3435","phage_lambda",43351,43352,0,0,1,"CHG",1
"3436","phage_lambda",43386,43387,0,0,1,"CHG",1
"3437","phage_lambda",43403,43404,0,0,1,"CHG",1
"3438","phage_lambda",43423,43424,0,0,1,"CHG",1
"3439","phage_lambda",43429,43430,0,0,1,"CHG",1
"3440","phage_lambda",43434,43435,0,0,1,"CHG",1
"3441","phage_lambda",43830,43831,0,0,1,"CHG",1
"3442","phage_lambda",43833,43834,0,0,1,"CHG",1
"3443","phage_lambda",43836,43837,0,0,1,"CHG",1
"3444","phage_lambda",43838,43839,0,0,1,"CHG",1
"3445","phage_lambda",43843,43844,0,0,1,"CHG",1
"3446","phage_lambda",43845,43846,0,0,1,"CHG",1
"3447","phage_lambda",43848,43849,0,0,1,"CHG",1
"3448","phage_lambda",43865,43866,0,0,1,"CHG",1
"3449","phage_lambda",43867,43868,0,0,1,"CHG",1
"3450","phage_lambda",43871,43872,0,0,1,"CHG",1
"3451","phage_lambda",43873,43874,0,0,1,"CHG",1
"3452","phage_lambda",43927,43928,0,0,1,"CHG",1
"3453","phage_lambda",43950,43951,0,0,1,"CHG",1
"3454","phage_lambda",43957,43958,0,0,1,"CHG",1
"3455","phage_lambda",43961,43962,0,0,1,"CHG",1
"3456","phage_lambda",43963,43964,0,0,1,"CHG",1
"3457","phage_lambda",43973,43974,0,0,1,"CHG",1
"3458","phage_lambda",43976,43977,0,0,1,"CHG",1
"3459","phage_lambda",43981,43982,0,0,1,"CHG",1
"3460","phage_lambda",43993,43994,0,0,1,"CHG",1
"3461","phage_lambda",44021,44022,0,0,1,"CHG",1
"3462","phage_lambda",44027,44028,0,0,1,"CHG",1
"3463","phage_lambda",44033,44034,0,0,1,"CHG",1
"3464","phage_lambda",44035,44036,0,0,1,"CHG",1
"3465","phage_lambda",44040,44041,0,0,1,"CHG",1
"3466","phage_lambda",44042,44043,0,0,1,"CHG",1
"3467","phage_lambda",44045,44046,0,0,1,"CHG",1
"3468","phage_lambda",44058,44059,0,0,1,"CHG",1
"3469","phage_lambda",44060,44061,0,0,1,"CHG",1
"3470","phage_lambda",44062,44063,0,0,1,"CHG",1
"3471","phage_lambda",44064,44065,0,0,1,"CHG",1
"3472","phage_lambda",44092,44093,0,0,1,"CHG",1
"3473","phage_lambda",44127,44128,0,0,1,"CHG",1
"3474","phage_lambda",44170,44171,0,0,2,"CHG",2
"3475","phage_lambda",44208,44209,0,0,1,"CHG",1
"3476","phage_lambda",44216,44217,0,0,1,"CHG",1
"3477","phage_lambda",44224,44225,0,0,1,"CHG",1
"3478","phage_lambda",44238,44239,0,0,1,"CHG",1
"3479","phage_lambda",44255,44256,0,0,1,"CHG",1
"3480","phage_lambda",44259,44260,0,0,1,"CHG",1
"3481","phage_lambda",44282,44283,0,0,1,"CHG",1
"3482","phage_lambda",44287,44288,0,0,1,"CHG",1
"3483","phage_lambda",44351,44352,0,0,1,"CHG",1
"3484","phage_lambda",44360,44361,0,0,1,"CHG",1
"3485","phage_lambda",44372,44373,100,1,0,"CHG",1
"3486","phage_lambda",44509,44510,0,0,1,"CHG",1
"3487","phage_lambda",44543,44544,0,0,1,"CHG",1
"3488","phage_lambda",44633,44634,0,0,1,"CHG",1
"3489","phage_lambda",45055,45056,0,0,1,"CHG",1
"3490","phage_lambda",45058,45059,0,0,1,"CHG",1
"3491","phage_lambda",45067,45068,0,0,1,"CHG",1
"3492","phage_lambda",45092,45093,0,0,1,"CHG",1
"3493","phage_lambda",45106,45107,0,0,1,"CHG",1
"3494","phage_lambda",45113,45114,0,0,1,"CHG",1
"3495","phage_lambda",45128,45129,0,0,1,"CHG",1
"3496","phage_lambda",45130,45131,100,1,0,"CHG",1
"3497","phage_lambda",45195,45196,0,0,1,"CHG",1
"3498","phage_lambda",45197,45198,0,0,1,"CHG",1
"3499","phage_lambda",45209,45210,0,0,1,"CHG",1
"3500","phage_lambda",45211,45212,0,0,1,"CHG",1
"3501","phage_lambda",45230,45231,100,1,0,"CHG",1
"3502","phage_lambda",45381,45382,0,0,1,"CHG",1
"3503","phage_lambda",45423,45424,0,0,1,"CHG",1
"3504","phage_lambda",45432,45433,0,0,1,"CHG",1
"3505","phage_lambda",45437,45438,0,0,1,"CHG",1
"3506","phage_lambda",46293,46294,100,1,0,"CHG",1
"3507","phage_lambda",46307,46308,0,0,1,"CHG",1
"3508","phage_lambda",46321,46322,0,0,1,"CHG",1
"3509","phage_lambda",46325,46326,0,0,1,"CHG",1
"3510","phage_lambda",46334,46335,0,0,1,"CHG",1
"3511","phage_lambda",46339,46340,0,0,1,"CHG",1
"3512","phage_lambda",46356,46357,0,0,1,"CHG",1
"3513","phage_lambda",46366,46367,0,0,1,"CHG",1
"3514","phage_lambda",46387,46388,0,0,1,"CHG",1
"3515","phage_lambda",46417,46418,0,0,1,"CHG",1
"3516","phage_lambda",46422,46423,0,0,1,"CHG",1
"3517","phage_lambda",46589,46590,0,0,1,"CHG",1
"3518","phage_lambda",46598,46599,0,0,1,"CHG",1
"3519","phage_lambda",46608,46609,0,0,1,"CHG",1
"3520","phage_lambda",46610,46611,0,0,1,"CHG",1
"3521","phage_lambda",46619,46620,0,0,1,"CHG",1
"3522","phage_lambda",46621,46622,0,0,1,"CHG",1
"3523","phage_lambda",46661,46662,0,0,1,"CHG",1
"3524","phage_lambda",46663,46664,0,0,1,"CHG",1
"3525","phage_lambda",46664,46665,0,0,1,"CHG",1
"3526","phage_lambda",46666,46667,0,0,1,"CHG",1
"3527","phage_lambda",46667,46668,0,0,1,"CHG",1
"3528","phage_lambda",46670,46671,0,0,1,"CHG",1
"3529","phage_lambda",46682,46683,0,0,1,"CHG",1
"3530","phage_lambda",46684,46685,0,0,1,"CHG",1
"3531","phage_lambda",46692,46693,0,0,1,"CHG",1
"3532","phage_lambda",46694,46695,0,0,1,"CHG",1
"3533","phage_lambda",46706,46707,0,0,1,"CHG",1
"3534","phage_lambda",46708,46709,0,0,1,"CHG",1
"3535","phage_lambda",46716,46717,0,0,1,"CHG",1
"3536","phage_lambda",46718,46719,0,0,1,"CHG",1
"3537","phage_lambda",46722,46723,0,0,1,"CHG",1
"3538","phage_lambda",46724,46725,0,0,1,"CHG",1
"3539","phage_lambda",46727,46728,0,0,1,"CHG",1
"3540","phage_lambda",46729,46730,0,0,1,"CHG",1
"3541","phage_lambda",46762,46763,0,0,1,"CHG",1
"3542","phage_lambda",46782,46783,0,0,1,"CHG",1
"3543","phage_lambda",47157,47158,0,0,1,"CHG",1
"3544","phage_lambda",47177,47178,0,0,1,"CHG",1
"3545","phage_lambda",47185,47186,0,0,1,"CHG",1
"3546","phage_lambda",47187,47188,0,0,1,"CHG",1
"3547","phage_lambda",47294,47295,0,0,1,"CHG",1
"3548","phage_lambda",47678,47679,0,0,1,"CHG",1
"3549","phage_lambda",47865,47866,0,0,1,"CHG",1
"3550","phage_lambda",47876,47877,0,0,1,"CHG",1
"3551","phage_lambda",47890,47891,0,0,1,"CHG",1
"3552","phage_lambda",47931,47932,0,0,1,"CHG",1
"3553","phage_lambda",47942,47943,0,0,1,"CHG",1
"3554","phage_lambda",47955,47956,0,0,1,"CHG",1
"3555","phage_lambda",47978,47979,0,0,1,"CHG",1
"3556","phage_lambda",47984,47985,0,0,1,"CHG",1
"3557","phage_lambda",47997,47998,0,0,1,"CHG",1
"3558","phage_lambda",48001,48002,0,0,1,"CHG",1
"3559","phage_lambda",48007,48008,0,0,1,"CHG",1
"3560","phage_lambda",48011,48012,0,0,1,"CHG",1
"3561","phage_lambda",48027,48028,0,0,1,"CHG",1
"3562","phage_lambda",48041,48042,0,0,1,"CHG",1
"3563","phage_lambda",48081,48082,0,0,1,"CHG",1
"3564","phage_lambda",48083,48084,0,0,1,"CHG",1
"3565","phage_lambda",48088,48089,0,0,1,"CHG",1
"3566","phage_lambda",48102,48103,0,0,1,"CHG",1
"3567","phage_lambda",48149,48150,0,0,3,"CHG",3
"3568","phage_lambda",48151,48152,0,0,1,"CHG",1
"3569","phage_lambda",48162,48163,0,0,3,"CHG",3
"3570","phage_lambda",48168,48169,0,0,1,"CHG",1
"3571","phage_lambda",48169,48170,0,0,3,"CHG",3
"3572","phage_lambda",48171,48172,0,0,1,"CHG",1
"3573","phage_lambda",48184,48185,0,0,3,"CHG",3
"3574","phage_lambda",48186,48187,0,0,1,"CHG",1
"3575","phage_lambda",48188,48189,0,0,3,"CHG",3
"3576","phage_lambda",48190,48191,0,0,1,"CHG",1
"3577","phage_lambda",48199,48200,0,0,3,"CHG",3
"3578","phage_lambda",48277,48278,0,0,1,"CHG",1
"3579","phage_lambda",48286,48287,0,0,1,"CHG",1
"3580","phage_lambda",48371,48372,0,0,1,"CHG",1
"3581","phage_lambda",48391,48392,0,0,1,"CHG",1
"3582","phage_lambda",48473,48474,0,0,1,"CHG",1
"3583","phage_lambda",48484,48485,0,0,1,"CHG",1
"3584","phage_lambda",48495,48496,0,0,1,"CHG",1
"3585","phage_lambda",133,134,0,0,1,"CHH",1
"3586","phage_lambda",137,138,0,0,1,"CHH",1
"3587","phage_lambda",138,139,0,0,1,"CHH",1
"3588","phage_lambda",139,140,0,0,1,"CHH",1
"3589","phage_lambda",145,146,0,0,1,"CHH",1
"3590","phage_lambda",146,147,100,1,0,"CHH",1
"3591","phage_lambda",147,148,0,0,1,"CHH",1
"3592","phage_lambda",148,149,0,0,1,"CHH",1
"3593","phage_lambda",159,160,0,0,1,"CHH",1
"3594","phage_lambda",160,161,0,0,1,"CHH",1
"3595","phage_lambda",164,165,0,0,1,"CHH",1
"3596","phage_lambda",174,175,0,0,1,"CHH",1
"3597","phage_lambda",180,181,0,0,1,"CHH",1
"3598","phage_lambda",181,182,0,0,1,"CHH",1
"3599","phage_lambda",185,186,0,0,1,"CHH",1
"3600","phage_lambda",192,193,0,0,1,"CHH",1
"3601","phage_lambda",193,194,0,0,1,"CHH",1
"3602","phage_lambda",196,197,0,0,1,"CHH",1
"3603","phage_lambda",198,199,0,0,1,"CHH",1
"3604","phage_lambda",201,202,0,0,1,"CHH",1
"3605","phage_lambda",207,208,0,0,1,"CHH",1
"3606","phage_lambda",214,215,0,0,1,"CHH",1
"3607","phage_lambda",219,220,0,0,1,"CHH",1
"3608","phage_lambda",229,230,0,0,1,"CHH",1
"3609","phage_lambda",233,234,0,0,1,"CHH",1
"3610","phage_lambda",242,243,0,0,1,"CHH",1
"3611","phage_lambda",243,244,0,0,1,"CHH",1
"3612","phage_lambda",255,256,0,0,1,"CHH",1
"3613","phage_lambda",259,260,0,0,1,"CHH",1
"3614","phage_lambda",265,266,0,0,1,"CHH",1
"3615","phage_lambda",266,267,0,0,1,"CHH",1
"3616","phage_lambda",270,271,0,0,1,"CHH",1
"3617","phage_lambda",271,272,0,0,2,"CHH",2
"3618","phage_lambda",283,284,0,0,1,"CHH",1
"3619","phage_lambda",284,285,0,0,1,"CHH",1
"3620","phage_lambda",289,290,0,0,1,"CHH",1
"3621","phage_lambda",290,291,0,0,1,"CHH",1
"3622","phage_lambda",291,292,0,0,2,"CHH",2
"3623","phage_lambda",294,295,0,0,1,"CHH",1
"3624","phage_lambda",295,296,0,0,1,"CHH",1
"3625","phage_lambda",296,297,100,1,0,"CHH",1
"3626","phage_lambda",301,302,0,0,1,"CHH",1
"3627","phage_lambda",303,304,0,0,1,"CHH",1
"3628","phage_lambda",304,305,0,0,1,"CHH",1
"3629","phage_lambda",306,307,0,0,1,"CHH",1
"3630","phage_lambda",307,308,0,0,2,"CHH",2
"3631","phage_lambda",313,314,0,0,1,"CHH",1
"3632","phage_lambda",315,316,0,0,2,"CHH",2
"3633","phage_lambda",327,328,0,0,2,"CHH",2
"3634","phage_lambda",335,336,0,0,1,"CHH",1
"3635","phage_lambda",336,337,0,0,1,"CHH",1
"3636","phage_lambda",340,341,0,0,1,"CHH",1
"3637","phage_lambda",347,348,0,0,1,"CHH",1
"3638","phage_lambda",348,349,0,0,1,"CHH",1
"3639","phage_lambda",349,350,0,0,1,"CHH",1
"3640","phage_lambda",352,353,0,0,1,"CHH",1
"3641","phage_lambda",382,383,0,0,1,"CHH",1
"3642","phage_lambda",384,385,0,0,1,"CHH",1
"3643","phage_lambda",385,386,0,0,1,"CHH",1
"3644","phage_lambda",388,389,0,0,1,"CHH",1
"3645","phage_lambda",391,392,0,0,1,"CHH",1
"3646","phage_lambda",403,404,0,0,1,"CHH",1
"3647","phage_lambda",404,405,0,0,1,"CHH",1
"3648","phage_lambda",411,412,0,0,1,"CHH",1
"3649","phage_lambda",412,413,0,0,1,"CHH",1
"3650","phage_lambda",428,429,0,0,1,"CHH",1
"3651","phage_lambda",436,437,0,0,1,"CHH",1
"3652","phage_lambda",438,439,0,0,1,"CHH",1
"3653","phage_lambda",447,448,0,0,1,"CHH",1
"3654","phage_lambda",448,449,0,0,1,"CHH",1
"3655","phage_lambda",454,455,0,0,1,"CHH",1
"3656","phage_lambda",463,464,0,0,1,"CHH",1
"3657","phage_lambda",469,470,0,0,1,"CHH",1
"3658","phage_lambda",476,477,0,0,1,"CHH",1
"3659","phage_lambda",481,482,0,0,1,"CHH",1
"3660","phage_lambda",489,490,0,0,1,"CHH",1
"3661","phage_lambda",493,494,0,0,1,"CHH",1
"3662","phage_lambda",494,495,0,0,1,"CHH",1
"3663","phage_lambda",499,500,0,0,1,"CHH",1
"3664","phage_lambda",501,502,100,1,0,"CHH",1
"3665","phage_lambda",511,512,0,0,1,"CHH",1
"3666","phage_lambda",513,514,0,0,1,"CHH",1
"3667","phage_lambda",514,515,0,0,1,"CHH",1
"3668","phage_lambda",516,517,0,0,1,"CHH",1
"3669","phage_lambda",517,518,0,0,1,"CHH",1
"3670","phage_lambda",524,525,0,0,2,"CHH",2
"3671","phage_lambda",533,534,0,0,2,"CHH",2
"3672","phage_lambda",566,567,0,0,2,"CHH",2
"3673","phage_lambda",574,575,0,0,2,"CHH",2
"3674","phage_lambda",583,584,0,0,2,"CHH",2
"3675","phage_lambda",585,586,0,0,2,"CHH",2
"3676","phage_lambda",586,587,0,0,2,"CHH",2
"3677","phage_lambda",587,588,0,0,2,"CHH",2
"3678","phage_lambda",588,589,0,0,1,"CHH",1
"3679","phage_lambda",628,629,0,0,1,"CHH",1
"3680","phage_lambda",639,640,0,0,1,"CHH",1
"3681","phage_lambda",654,655,0,0,1,"CHH",1
"3682","phage_lambda",657,658,0,0,1,"CHH",1
"3683","phage_lambda",662,663,0,0,1,"CHH",1
"3684","phage_lambda",663,664,0,0,1,"CHH",1
"3685","phage_lambda",666,667,0,0,1,"CHH",1
"3686","phage_lambda",669,670,0,0,1,"CHH",1
"3687","phage_lambda",673,674,0,0,1,"CHH",1
"3688","phage_lambda",685,686,0,0,1,"CHH",1
"3689","phage_lambda",688,689,0,0,1,"CHH",1
"3690","phage_lambda",701,702,0,0,1,"CHH",1
"3691","phage_lambda",702,703,100,1,0,"CHH",1
"3692","phage_lambda",705,706,0,0,1,"CHH",1
"3693","phage_lambda",710,711,100,1,0,"CHH",1
"3694","phage_lambda",712,713,0,0,1,"CHH",1
"3695","phage_lambda",731,732,0,0,1,"CHH",1
"3696","phage_lambda",739,740,0,0,1,"CHH",1
"3697","phage_lambda",752,753,0,0,1,"CHH",1
"3698","phage_lambda",763,764,0,0,1,"CHH",1
"3699","phage_lambda",764,765,0,0,1,"CHH",1
"3700","phage_lambda",769,770,0,0,1,"CHH",1
"3701","phage_lambda",771,772,0,0,1,"CHH",1
"3702","phage_lambda",781,782,0,0,1,"CHH",1
"3703","phage_lambda",787,788,0,0,1,"CHH",1
"3704","phage_lambda",788,789,0,0,2,"CHH",2
"3705","phage_lambda",789,790,0,0,2,"CHH",2
"3706","phage_lambda",803,804,0,0,1,"CHH",1
"3707","phage_lambda",807,808,0,0,1,"CHH",1
"3708","phage_lambda",808,809,0,0,1,"CHH",1
"3709","phage_lambda",809,810,0,0,1,"CHH",1
"3710","phage_lambda",816,817,0,0,2,"CHH",2
"3711","phage_lambda",823,824,50,1,1,"CHH",2
"3712","phage_lambda",827,828,0,0,2,"CHH",2
"3713","phage_lambda",829,830,0,0,2,"CHH",2
"3714","phage_lambda",843,844,0,0,2,"CHH",2
"3715","phage_lambda",847,848,0,0,2,"CHH",2
"3716","phage_lambda",867,868,0,0,2,"CHH",2
"3717","phage_lambda",872,873,0,0,2,"CHH",2
"3718","phage_lambda",873,874,0,0,2,"CHH",2
"3719","phage_lambda",874,875,0,0,2,"CHH",2
"3720","phage_lambda",885,886,50,1,1,"CHH",2
"3721","phage_lambda",886,887,0,0,2,"CHH",2
"3722","phage_lambda",889,890,0,0,2,"CHH",2
"3723","phage_lambda",910,911,0,0,1,"CHH",1
"3724","phage_lambda",913,914,0,0,1,"CHH",1
"3725","phage_lambda",942,943,0,0,1,"CHH",1
"3726","phage_lambda",957,958,0,0,1,"CHH",1
"3727","phage_lambda",958,959,0,0,1,"CHH",1
"3728","phage_lambda",1717,1718,0,0,1,"CHH",1
"3729","phage_lambda",1718,1719,0,0,1,"CHH",1
"3730","phage_lambda",1720,1721,0,0,1,"CHH",1
"3731","phage_lambda",1727,1728,0,0,1,"CHH",1
"3732","phage_lambda",1733,1734,0,0,1,"CHH",1
"3733","phage_lambda",1738,1739,0,0,1,"CHH",1
"3734","phage_lambda",1741,1742,0,0,1,"CHH",1
"3735","phage_lambda",1751,1752,0,0,1,"CHH",1
"3736","phage_lambda",1752,1753,0,0,1,"CHH",1
"3737","phage_lambda",1753,1754,0,0,1,"CHH",1
"3738","phage_lambda",1754,1755,0,0,1,"CHH",1
"3739","phage_lambda",1761,1762,0,0,1,"CHH",1
"3740","phage_lambda",1796,1797,0,0,1,"CHH",1
"3741","phage_lambda",1798,1799,0,0,1,"CHH",1
"3742","phage_lambda",1803,1804,0,0,1,"CHH",1
"3743","phage_lambda",1804,1805,0,0,1,"CHH",1
"3744","phage_lambda",1805,1806,0,0,1,"CHH",1
"3745","phage_lambda",1807,1808,0,0,1,"CHH",1
"3746","phage_lambda",1808,1809,0,0,1,"CHH",1
"3747","phage_lambda",1817,1818,0,0,1,"CHH",1
"3748","phage_lambda",1818,1819,0,0,1,"CHH",1
"3749","phage_lambda",1832,1833,0,0,1,"CHH",1
"3750","phage_lambda",1838,1839,0,0,1,"CHH",1
"3751","phage_lambda",1840,1841,0,0,1,"CHH",1
"3752","phage_lambda",2928,2929,0,0,1,"CHH",1
"3753","phage_lambda",2929,2930,0,0,1,"CHH",1
"3754","phage_lambda",2931,2932,0,0,1,"CHH",1
"3755","phage_lambda",2932,2933,0,0,1,"CHH",1
"3756","phage_lambda",2933,2934,0,0,1,"CHH",1
"3757","phage_lambda",2939,2940,0,0,1,"CHH",1
"3758","phage_lambda",2947,2948,0,0,1,"CHH",1
"3759","phage_lambda",2948,2949,0,0,1,"CHH",1
"3760","phage_lambda",2959,2960,0,0,1,"CHH",1
"3761","phage_lambda",2961,2962,0,0,1,"CHH",1
"3762","phage_lambda",2965,2966,0,0,1,"CHH",1
"3763","phage_lambda",2967,2968,0,0,1,"CHH",1
"3764","phage_lambda",2969,2970,0,0,1,"CHH",1
"3765","phage_lambda",2970,2971,0,0,1,"CHH",1
"3766","phage_lambda",2973,2974,0,0,1,"CHH",1
"3767","phage_lambda",2977,2978,0,0,1,"CHH",1
"3768","phage_lambda",2978,2979,0,0,1,"CHH",1
"3769","phage_lambda",2984,2985,0,0,1,"CHH",1
"3770","phage_lambda",2985,2986,0,0,1,"CHH",1
"3771","phage_lambda",2986,2987,0,0,1,"CHH",1
"3772","phage_lambda",2987,2988,0,0,1,"CHH",1
"3773","phage_lambda",2990,2991,0,0,1,"CHH",1
"3774","phage_lambda",2995,2996,0,0,1,"CHH",1
"3775","phage_lambda",3000,3001,0,0,1,"CHH",1
"3776","phage_lambda",3001,3002,0,0,1,"CHH",1
"3777","phage_lambda",3002,3003,0,0,1,"CHH",1
"3778","phage_lambda",3006,3007,0,0,1,"CHH",1
"3779","phage_lambda",3007,3008,0,0,1,"CHH",1
"3780","phage_lambda",3024,3025,0,0,1,"CHH",1
"3781","phage_lambda",3029,3030,0,0,1,"CHH",1
"3782","phage_lambda",3038,3039,0,0,1,"CHH",1
"3783","phage_lambda",3042,3043,0,0,1,"CHH",1
"3784","phage_lambda",3046,3047,0,0,1,"CHH",1
"3785","phage_lambda",3047,3048,0,0,1,"CHH",1
"3786","phage_lambda",3052,3053,0,0,1,"CHH",1
"3787","phage_lambda",3053,3054,0,0,1,"CHH",1
"3788","phage_lambda",3056,3057,0,0,1,"CHH",1
"3789","phage_lambda",3063,3064,0,0,1,"CHH",1
"3790","phage_lambda",3069,3070,0,0,1,"CHH",1
"3791","phage_lambda",3072,3073,0,0,1,"CHH",1
"3792","phage_lambda",3083,3084,0,0,1,"CHH",1
"3793","phage_lambda",3085,3086,0,0,1,"CHH",1
"3794","phage_lambda",3096,3097,0,0,1,"CHH",1
"3795","phage_lambda",3102,3103,0,0,1,"CHH",1
"3796","phage_lambda",3107,3108,0,0,1,"CHH",1
"3797","phage_lambda",3108,3109,0,0,1,"CHH",1
"3798","phage_lambda",3109,3110,0,0,1,"CHH",1
"3799","phage_lambda",3112,3113,0,0,1,"CHH",1
"3800","phage_lambda",3116,3117,0,0,1,"CHH",1
"3801","phage_lambda",3119,3120,0,0,1,"CHH",1
"3802","phage_lambda",3126,3127,0,0,1,"CHH",1
"3803","phage_lambda",3127,3128,0,0,1,"CHH",1
"3804","phage_lambda",3128,3129,0,0,1,"CHH",1
"3805","phage_lambda",3134,3135,0,0,1,"CHH",1
"3806","phage_lambda",3135,3136,0,0,1,"CHH",1
"3807","phage_lambda",3137,3138,0,0,1,"CHH",1
"3808","phage_lambda",3138,3139,0,0,1,"CHH",1
"3809","phage_lambda",3145,3146,0,0,1,"CHH",1
"3810","phage_lambda",3151,3152,0,0,1,"CHH",1
"3811","phage_lambda",3152,3153,0,0,1,"CHH",1
"3812","phage_lambda",3157,3158,0,0,1,"CHH",1
"3813","phage_lambda",3405,3406,0,0,1,"CHH",1
"3814","phage_lambda",3411,3412,0,0,1,"CHH",1
"3815","phage_lambda",3413,3414,0,0,1,"CHH",1
"3816","phage_lambda",3423,3424,0,0,1,"CHH",1
"3817","phage_lambda",3432,3433,0,0,1,"CHH",1
"3818","phage_lambda",3441,3442,0,0,1,"CHH",1
"3819","phage_lambda",3442,3443,0,0,1,"CHH",1
"3820","phage_lambda",3458,3459,0,0,1,"CHH",1
"3821","phage_lambda",3459,3460,0,0,1,"CHH",1
"3822","phage_lambda",3464,3465,0,0,1,"CHH",1
"3823","phage_lambda",3472,3473,0,0,1,"CHH",1
"3824","phage_lambda",3476,3477,0,0,1,"CHH",1
"3825","phage_lambda",3479,3480,0,0,1,"CHH",1
"3826","phage_lambda",3490,3491,0,0,1,"CHH",1
"3827","phage_lambda",3491,3492,0,0,1,"CHH",1
"3828","phage_lambda",3496,3497,0,0,1,"CHH",1
"3829","phage_lambda",3497,3498,0,0,1,"CHH",1
"3830","phage_lambda",3507,3508,0,0,1,"CHH",1
"3831","phage_lambda",3509,3510,0,0,1,"CHH",1
"3832","phage_lambda",3576,3577,0,0,1,"CHH",1
"3833","phage_lambda",3582,3583,0,0,1,"CHH",1
"3834","phage_lambda",3584,3585,0,0,1,"CHH",1
"3835","phage_lambda",3596,3597,0,0,1,"CHH",1
"3836","phage_lambda",3599,3600,0,0,1,"CHH",1
"3837","phage_lambda",3600,3601,0,0,1,"CHH",1
"3838","phage_lambda",3602,3603,0,0,1,"CHH",1
"3839","phage_lambda",3608,3609,0,0,1,"CHH",1
"3840","phage_lambda",3611,3612,0,0,1,"CHH",1
"3841","phage_lambda",3614,3615,0,0,1,"CHH",1
"3842","phage_lambda",3646,3647,0,0,1,"CHH",1
"3843","phage_lambda",3654,3655,0,0,1,"CHH",1
"3844","phage_lambda",3656,3657,0,0,1,"CHH",1
"3845","phage_lambda",3659,3660,0,0,1,"CHH",1
"3846","phage_lambda",3660,3661,0,0,1,"CHH",1
"3847","phage_lambda",3665,3666,0,0,1,"CHH",1
"3848","phage_lambda",3669,3670,0,0,1,"CHH",1
"3849","phage_lambda",3681,3682,0,0,1,"CHH",1
"3850","phage_lambda",3683,3684,0,0,1,"CHH",1
"3851","phage_lambda",3685,3686,0,0,1,"CHH",1
"3852","phage_lambda",3687,3688,0,0,1,"CHH",1
"3853","phage_lambda",3689,3690,0,0,1,"CHH",1
"3854","phage_lambda",3693,3694,0,0,1,"CHH",1
"3855","phage_lambda",3710,3711,0,0,1,"CHH",1
"3856","phage_lambda",3711,3712,0,0,1,"CHH",1
"3857","phage_lambda",3884,3885,0,0,1,"CHH",1
"3858","phage_lambda",3887,3888,0,0,1,"CHH",1
"3859","phage_lambda",3904,3905,0,0,1,"CHH",1
"3860","phage_lambda",3938,3939,0,0,1,"CHH",1
"3861","phage_lambda",3951,3952,0,0,1,"CHH",1
"3862","phage_lambda",3955,3956,0,0,1,"CHH",1
"3863","phage_lambda",3967,3968,0,0,1,"CHH",1
"3864","phage_lambda",3968,3969,0,0,1,"CHH",1
"3865","phage_lambda",4705,4706,0,0,1,"CHH",1
"3866","phage_lambda",4724,4725,0,0,1,"CHH",1
"3867","phage_lambda",4725,4726,0,0,1,"CHH",1
"3868","phage_lambda",4728,4729,0,0,1,"CHH",1
"3869","phage_lambda",4765,4766,0,0,1,"CHH",1
"3870","phage_lambda",4782,4783,0,0,1,"CHH",1
"3871","phage_lambda",4783,4784,0,0,1,"CHH",1
"3872","phage_lambda",4785,4786,0,0,1,"CHH",1
"3873","phage_lambda",4786,4787,0,0,1,"CHH",1
"3874","phage_lambda",4806,4807,0,0,1,"CHH",1
"3875","phage_lambda",4807,4808,0,0,1,"CHH",1
"3876","phage_lambda",4821,4822,0,0,1,"CHH",1
"3877","phage_lambda",4824,4825,0,0,1,"CHH",1
"3878","phage_lambda",4825,4826,0,0,1,"CHH",1
"3879","phage_lambda",4827,4828,0,0,1,"CHH",1
"3880","phage_lambda",4828,4829,0,0,1,"CHH",1
"3881","phage_lambda",4832,4833,0,0,1,"CHH",1
"3882","phage_lambda",4833,4834,0,0,1,"CHH",1
"3883","phage_lambda",4834,4835,0,0,1,"CHH",1
"3884","phage_lambda",4840,4841,0,0,1,"CHH",1
"3885","phage_lambda",4891,4892,0,0,1,"CHH",1
"3886","phage_lambda",4895,4896,0,0,1,"CHH",1
"3887","phage_lambda",4896,4897,0,0,1,"CHH",1
"3888","phage_lambda",4902,4903,0,0,1,"CHH",1
"3889","phage_lambda",4905,4906,0,0,1,"CHH",1
"3890","phage_lambda",4915,4916,0,0,1,"CHH",1
"3891","phage_lambda",4919,4920,0,0,1,"CHH",1
"3892","phage_lambda",4926,4927,0,0,1,"CHH",1
"3893","phage_lambda",4927,4928,0,0,1,"CHH",1
"3894","phage_lambda",4930,4931,0,0,1,"CHH",1
"3895","phage_lambda",4931,4932,0,0,1,"CHH",1
"3896","phage_lambda",4936,4937,0,0,1,"CHH",1
"3897","phage_lambda",4940,4941,0,0,1,"CHH",1
"3898","phage_lambda",4941,4942,0,0,1,"CHH",1
"3899","phage_lambda",4943,4944,0,0,1,"CHH",1
"3900","phage_lambda",4954,4955,0,0,1,"CHH",1
"3901","phage_lambda",4976,4977,0,0,1,"CHH",1
"3902","phage_lambda",4992,4993,0,0,1,"CHH",1
"3903","phage_lambda",4995,4996,0,0,1,"CHH",1
"3904","phage_lambda",4996,4997,0,0,1,"CHH",1
"3905","phage_lambda",5014,5015,0,0,1,"CHH",1
"3906","phage_lambda",5023,5024,0,0,1,"CHH",1
"3907","phage_lambda",5025,5026,0,0,1,"CHH",1
"3908","phage_lambda",5032,5033,0,0,1,"CHH",1
"3909","phage_lambda",5033,5034,0,0,1,"CHH",1
"3910","phage_lambda",5035,5036,0,0,1,"CHH",1
"3911","phage_lambda",5037,5038,0,0,1,"CHH",1
"3912","phage_lambda",5038,5039,0,0,1,"CHH",1
"3913","phage_lambda",5138,5139,0,0,1,"CHH",1
"3914","phage_lambda",5141,5142,0,0,1,"CHH",1
"3915","phage_lambda",5145,5146,0,0,1,"CHH",1
"3916","phage_lambda",5151,5152,0,0,1,"CHH",1
"3917","phage_lambda",5155,5156,0,0,1,"CHH",1
"3918","phage_lambda",5163,5164,0,0,1,"CHH",1
"3919","phage_lambda",5164,5165,0,0,1,"CHH",1
"3920","phage_lambda",5166,5167,0,0,1,"CHH",1
"3921","phage_lambda",5171,5172,0,0,1,"CHH",1
"3922","phage_lambda",5181,5182,0,0,1,"CHH",1
"3923","phage_lambda",5190,5191,0,0,1,"CHH",1
"3924","phage_lambda",5194,5195,0,0,1,"CHH",1
"3925","phage_lambda",5197,5198,0,0,1,"CHH",1
"3926","phage_lambda",5199,5200,0,0,1,"CHH",1
"3927","phage_lambda",5203,5204,0,0,1,"CHH",1
"3928","phage_lambda",5211,5212,0,0,1,"CHH",1
"3929","phage_lambda",5212,5213,0,0,1,"CHH",1
"3930","phage_lambda",5220,5221,0,0,1,"CHH",1
"3931","phage_lambda",5233,5234,0,0,1,"CHH",1
"3932","phage_lambda",5235,5236,0,0,1,"CHH",1
"3933","phage_lambda",5236,5237,0,0,1,"CHH",1
"3934","phage_lambda",5242,5243,0,0,1,"CHH",1
"3935","phage_lambda",5245,5246,0,0,1,"CHH",1
"3936","phage_lambda",5254,5255,0,0,2,"CHH",2
"3937","phage_lambda",5260,5261,0,0,2,"CHH",2
"3938","phage_lambda",5266,5267,0,0,2,"CHH",2
"3939","phage_lambda",5281,5282,0,0,2,"CHH",2
"3940","phage_lambda",5295,5296,0,0,2,"CHH",2
"3941","phage_lambda",5299,5300,0,0,2,"CHH",2
"3942","phage_lambda",5302,5303,0,0,2,"CHH",2
"3943","phage_lambda",5308,5309,0,0,2,"CHH",2
"3944","phage_lambda",5311,5312,0,0,1,"CHH",1
"3945","phage_lambda",5333,5334,0,0,1,"CHH",1
"3946","phage_lambda",5335,5336,0,0,1,"CHH",1
"3947","phage_lambda",5336,5337,0,0,1,"CHH",1
"3948","phage_lambda",5337,5338,0,0,1,"CHH",1
"3949","phage_lambda",5343,5344,0,0,1,"CHH",1
"3950","phage_lambda",5350,5351,0,0,1,"CHH",1
"3951","phage_lambda",5352,5353,0,0,1,"CHH",1
"3952","phage_lambda",6422,6423,0,0,1,"CHH",1
"3953","phage_lambda",6437,6438,0,0,1,"CHH",1
"3954","phage_lambda",7353,7354,100,1,0,"CHH",1
"3955","phage_lambda",7355,7356,100,1,0,"CHH",1
"3956","phage_lambda",7356,7357,100,1,0,"CHH",1
"3957","phage_lambda",7357,7358,100,1,0,"CHH",1
"3958","phage_lambda",7358,7359,100,1,0,"CHH",1
"3959","phage_lambda",7360,7361,0,0,1,"CHH",1
"3960","phage_lambda",7387,7388,0,0,1,"CHH",1
"3961","phage_lambda",7449,7450,0,0,1,"CHH",1
"3962","phage_lambda",7460,7461,0,0,1,"CHH",1
"3963","phage_lambda",7474,7475,0,0,1,"CHH",1
"3964","phage_lambda",7484,7485,0,0,2,"CHH",2
"3965","phage_lambda",7486,7487,50,1,1,"CHH",2
"3966","phage_lambda",7489,7490,0,0,2,"CHH",2
"3967","phage_lambda",7493,7494,0,0,2,"CHH",2
"3968","phage_lambda",7494,7495,0,0,2,"CHH",2
"3969","phage_lambda",7507,7508,0,0,2,"CHH",2
"3970","phage_lambda",7514,7515,0,0,2,"CHH",2
"3971","phage_lambda",7545,7546,0,0,2,"CHH",2
"3972","phage_lambda",7581,7582,0,0,1,"CHH",1
"3973","phage_lambda",7586,7587,0,0,1,"CHH",1
"3974","phage_lambda",7594,7595,0,0,1,"CHH",1
"3975","phage_lambda",7628,7629,0,0,1,"CHH",1
"3976","phage_lambda",9215,9216,0,0,1,"CHH",1
"3977","phage_lambda",9267,9268,0,0,1,"CHH",1
"3978","phage_lambda",9273,9274,0,0,1,"CHH",1
"3979","phage_lambda",9274,9275,0,0,1,"CHH",1
"3980","phage_lambda",9286,9287,0,0,1,"CHH",1
"3981","phage_lambda",9289,9290,0,0,1,"CHH",1
"3982","phage_lambda",9298,9299,0,0,1,"CHH",1
"3983","phage_lambda",9364,9365,0,0,1,"CHH",1
"3984","phage_lambda",9366,9367,0,0,1,"CHH",1
"3985","phage_lambda",9370,9371,0,0,1,"CHH",1
"3986","phage_lambda",9382,9383,0,0,1,"CHH",1
"3987","phage_lambda",9384,9385,0,0,1,"CHH",1
"3988","phage_lambda",9385,9386,0,0,1,"CHH",1
"3989","phage_lambda",9421,9422,100,1,0,"CHH",1
"3990","phage_lambda",9435,9436,100,1,0,"CHH",1
"3991","phage_lambda",9442,9443,0,0,1,"CHH",1
"3992","phage_lambda",9455,9456,0,0,1,"CHH",1
"3993","phage_lambda",9459,9460,0,0,1,"CHH",1
"3994","phage_lambda",9463,9464,0,0,1,"CHH",1
"3995","phage_lambda",9465,9466,0,0,1,"CHH",1
"3996","phage_lambda",9466,9467,0,0,1,"CHH",1
"3997","phage_lambda",9487,9488,0,0,1,"CHH",1
"3998","phage_lambda",9489,9490,0,0,1,"CHH",1
"3999","phage_lambda",9490,9491,0,0,1,"CHH",1
"4000","phage_lambda",9504,9505,0,0,1,"CHH",1
"4001","phage_lambda",9505,9506,0,0,1,"CHH",1
"4002","phage_lambda",9508,9509,0,0,1,"CHH",1
"4003","phage_lambda",9618,9619,0,0,1,"CHH",1
"4004","phage_lambda",9622,9623,0,0,1,"CHH",1
"4005","phage_lambda",9623,9624,100,1,0,"CHH",1
"4006","phage_lambda",9638,9639,0,0,1,"CHH",1
"4007","phage_lambda",9650,9651,0,0,1,"CHH",1
"4008","phage_lambda",9651,9652,0,0,1,"CHH",1
"4009","phage_lambda",9653,9654,0,0,1,"CHH",1
"4010","phage_lambda",9655,9656,0,0,1,"CHH",1
"4011","phage_lambda",9659,9660,0,0,1,"CHH",1
"4012","phage_lambda",9668,9669,0,0,1,"CHH",1
"4013","phage_lambda",9701,9702,0,0,1,"CHH",1
"4014","phage_lambda",9703,9704,0,0,1,"CHH",1
"4015","phage_lambda",9712,9713,0,0,1,"CHH",1
"4016","phage_lambda",9734,9735,0,0,1,"CHH",1
"4017","phage_lambda",9746,9747,0,0,1,"CHH",1
"4018","phage_lambda",9748,9749,0,0,1,"CHH",1
"4019","phage_lambda",9788,9789,0,0,1,"CHH",1
"4020","phage_lambda",9790,9791,0,0,1,"CHH",1
"4021","phage_lambda",9805,9806,0,0,1,"CHH",1
"4022","phage_lambda",9815,9816,0,0,1,"CHH",1
"4023","phage_lambda",9824,9825,0,0,1,"CHH",1
"4024","phage_lambda",9829,9830,0,0,1,"CHH",1
"4025","phage_lambda",9847,9848,100,1,0,"CHH",1
"4026","phage_lambda",9856,9857,0,0,1,"CHH",1
"4027","phage_lambda",9857,9858,0,0,1,"CHH",1
"4028","phage_lambda",9860,9861,0,0,1,"CHH",1
"4029","phage_lambda",9887,9888,100,1,0,"CHH",1
"4030","phage_lambda",9889,9890,100,1,0,"CHH",1
"4031","phage_lambda",9890,9891,100,1,0,"CHH",1
"4032","phage_lambda",9895,9896,0,0,1,"CHH",1
"4033","phage_lambda",9903,9904,0,0,1,"CHH",1
"4034","phage_lambda",9904,9905,0,0,1,"CHH",1
"4035","phage_lambda",10428,10429,0,0,1,"CHH",1
"4036","phage_lambda",10434,10435,0,0,1,"CHH",1
"4037","phage_lambda",10450,10451,0,0,1,"CHH",1
"4038","phage_lambda",10455,10456,0,0,1,"CHH",1
"4039","phage_lambda",10456,10457,0,0,1,"CHH",1
"4040","phage_lambda",10460,10461,0,0,1,"CHH",1
"4041","phage_lambda",10463,10464,0,0,1,"CHH",1
"4042","phage_lambda",10464,10465,0,0,1,"CHH",1
"4043","phage_lambda",10471,10472,0,0,1,"CHH",1
"4044","phage_lambda",10473,10474,0,0,1,"CHH",1
"4045","phage_lambda",10474,10475,0,0,1,"CHH",1
"4046","phage_lambda",10479,10480,0,0,1,"CHH",1
"4047","phage_lambda",10482,10483,0,0,1,"CHH",1
"4048","phage_lambda",10488,10489,0,0,1,"CHH",1
"4049","phage_lambda",10489,10490,0,0,1,"CHH",1
"4050","phage_lambda",10492,10493,0,0,1,"CHH",1
"4051","phage_lambda",10500,10501,0,0,1,"CHH",1
"4052","phage_lambda",10506,10507,0,0,1,"CHH",1
"4053","phage_lambda",10519,10520,0,0,1,"CHH",1
"4054","phage_lambda",10520,10521,0,0,1,"CHH",1
"4055","phage_lambda",10521,10522,0,0,1,"CHH",1
"4056","phage_lambda",10529,10530,0,0,1,"CHH",1
"4057","phage_lambda",10531,10532,0,0,1,"CHH",1
"4058","phage_lambda",10532,10533,0,0,1,"CHH",1
"4059","phage_lambda",10534,10535,0,0,1,"CHH",1
"4060","phage_lambda",10543,10544,0,0,1,"CHH",1
"4061","phage_lambda",10544,10545,0,0,1,"CHH",1
"4062","phage_lambda",10556,10557,0,0,1,"CHH",1
"4063","phage_lambda",10557,10558,0,0,1,"CHH",1
"4064","phage_lambda",10565,10566,0,0,1,"CHH",1
"4065","phage_lambda",10571,10572,0,0,1,"CHH",1
"4066","phage_lambda",10576,10577,0,0,1,"CHH",1
"4067","phage_lambda",10578,10579,0,0,1,"CHH",1
"4068","phage_lambda",10583,10584,0,0,1,"CHH",1
"4069","phage_lambda",10586,10587,0,0,1,"CHH",1
"4070","phage_lambda",10598,10599,0,0,1,"CHH",1
"4071","phage_lambda",10603,10604,0,0,1,"CHH",1
"4072","phage_lambda",10609,10610,0,0,1,"CHH",1
"4073","phage_lambda",10610,10611,0,0,1,"CHH",1
"4074","phage_lambda",10616,10617,0,0,1,"CHH",1
"4075","phage_lambda",10621,10622,0,0,1,"CHH",1
"4076","phage_lambda",10635,10636,0,0,1,"CHH",1
"4077","phage_lambda",10644,10645,0,0,1,"CHH",1
"4078","phage_lambda",10646,10647,0,0,1,"CHH",1
"4079","phage_lambda",10649,10650,0,0,1,"CHH",1
"4080","phage_lambda",11310,11311,0,0,1,"CHH",1
"4081","phage_lambda",11343,11344,0,0,1,"CHH",1
"4082","phage_lambda",11367,11368,100,1,0,"CHH",1
"4083","phage_lambda",11386,11387,0,0,1,"CHH",1
"4084","phage_lambda",11391,11392,0,0,1,"CHH",1
"4085","phage_lambda",11398,11399,0,0,1,"CHH",1
"4086","phage_lambda",11410,11411,0,0,1,"CHH",1
"4087","phage_lambda",11416,11417,0,0,1,"CHH",1
"4088","phage_lambda",11427,11428,0,0,1,"CHH",1
"4089","phage_lambda",11450,11451,0,0,1,"CHH",1
"4090","phage_lambda",11451,11452,0,0,1,"CHH",1
"4091","phage_lambda",11455,11456,0,0,1,"CHH",1
"4092","phage_lambda",11460,11461,0,0,1,"CHH",1
"4093","phage_lambda",11461,11462,0,0,1,"CHH",1
"4094","phage_lambda",11464,11465,0,0,1,"CHH",1
"4095","phage_lambda",11466,11467,0,0,1,"CHH",1
"4096","phage_lambda",11467,11468,0,0,1,"CHH",1
"4097","phage_lambda",11468,11469,0,0,1,"CHH",1
"4098","phage_lambda",11471,11472,0,0,1,"CHH",1
"4099","phage_lambda",11476,11477,0,0,1,"CHH",1
"4100","phage_lambda",11480,11481,0,0,1,"CHH",1
"4101","phage_lambda",11486,11487,0,0,1,"CHH",1
"4102","phage_lambda",11487,11488,0,0,1,"CHH",1
"4103","phage_lambda",11492,11493,0,0,1,"CHH",1
"4104","phage_lambda",11507,11508,0,0,1,"CHH",1
"4105","phage_lambda",11509,11510,0,0,1,"CHH",1
"4106","phage_lambda",11512,11513,0,0,1,"CHH",1
"4107","phage_lambda",11521,11522,0,0,1,"CHH",1
"4108","phage_lambda",11522,11523,0,0,1,"CHH",1
"4109","phage_lambda",11527,11528,0,0,1,"CHH",1
"4110","phage_lambda",11528,11529,0,0,1,"CHH",1
"4111","phage_lambda",11539,11540,0,0,1,"CHH",1
"4112","phage_lambda",11543,11544,0,0,1,"CHH",1
"4113","phage_lambda",11551,11552,0,0,1,"CHH",1
"4114","phage_lambda",11557,11558,0,0,1,"CHH",1
"4115","phage_lambda",11566,11567,0,0,1,"CHH",1
"4116","phage_lambda",11636,11637,0,0,1,"CHH",1
"4117","phage_lambda",11642,11643,0,0,1,"CHH",1
"4118","phage_lambda",11645,11646,0,0,1,"CHH",1
"4119","phage_lambda",11656,11657,0,0,1,"CHH",1
"4120","phage_lambda",11659,11660,0,0,1,"CHH",1
"4121","phage_lambda",11660,11661,0,0,1,"CHH",1
"4122","phage_lambda",11665,11666,0,0,1,"CHH",1
"4123","phage_lambda",11673,11674,0,0,1,"CHH",1
"4124","phage_lambda",11675,11676,0,0,1,"CHH",1
"4125","phage_lambda",11681,11682,0,0,1,"CHH",1
"4126","phage_lambda",11683,11684,0,0,1,"CHH",1
"4127","phage_lambda",11690,11691,0,0,1,"CHH",1
"4128","phage_lambda",11703,11704,0,0,1,"CHH",1
"4129","phage_lambda",11714,11715,0,0,1,"CHH",1
"4130","phage_lambda",11718,11719,0,0,1,"CHH",1
"4131","phage_lambda",11738,11739,0,0,1,"CHH",1
"4132","phage_lambda",11740,11741,0,0,1,"CHH",1
"4133","phage_lambda",11741,11742,0,0,1,"CHH",1
"4134","phage_lambda",11749,11750,0,0,1,"CHH",1
"4135","phage_lambda",11750,11751,0,0,1,"CHH",1
"4136","phage_lambda",11751,11752,0,0,1,"CHH",1
"4137","phage_lambda",11777,11778,0,0,1,"CHH",1
"4138","phage_lambda",11779,11780,0,0,1,"CHH",1
"4139","phage_lambda",11790,11791,0,0,1,"CHH",1
"4140","phage_lambda",11798,11799,0,0,1,"CHH",1
"4141","phage_lambda",11801,11802,0,0,1,"CHH",1
"4142","phage_lambda",11809,11810,0,0,1,"CHH",1
"4143","phage_lambda",11812,11813,0,0,1,"CHH",1
"4144","phage_lambda",11813,11814,0,0,1,"CHH",1
"4145","phage_lambda",11814,11815,0,0,1,"CHH",1
"4146","phage_lambda",11822,11823,0,0,1,"CHH",1
"4147","phage_lambda",11827,11828,0,0,1,"CHH",1
"4148","phage_lambda",11833,11834,0,0,1,"CHH",1
"4149","phage_lambda",11840,11841,0,0,1,"CHH",1
"4150","phage_lambda",12154,12155,0,0,1,"CHH",1
"4151","phage_lambda",12160,12161,0,0,1,"CHH",1
"4152","phage_lambda",12171,12172,0,0,1,"CHH",1
"4153","phage_lambda",12173,12174,0,0,1,"CHH",1
"4154","phage_lambda",12181,12182,0,0,1,"CHH",1
"4155","phage_lambda",12202,12203,0,0,1,"CHH",1
"4156","phage_lambda",12237,12238,0,0,1,"CHH",1
"4157","phage_lambda",12409,12410,0,0,1,"CHH",1
"4158","phage_lambda",12413,12414,0,0,1,"CHH",1
"4159","phage_lambda",12436,12437,0,0,1,"CHH",1
"4160","phage_lambda",12471,12472,0,0,1,"CHH",1
"4161","phage_lambda",12472,12473,0,0,1,"CHH",1
"4162","phage_lambda",12504,12505,0,0,1,"CHH",1
"4163","phage_lambda",12505,12506,0,0,1,"CHH",1
"4164","phage_lambda",12513,12514,0,0,1,"CHH",1
"4165","phage_lambda",12514,12515,0,0,1,"CHH",1
"4166","phage_lambda",12528,12529,0,0,1,"CHH",1
"4167","phage_lambda",12562,12563,0,0,1,"CHH",1
"4168","phage_lambda",12571,12572,0,0,1,"CHH",1
"4169","phage_lambda",12577,12578,100,1,0,"CHH",1
"4170","phage_lambda",12580,12581,100,1,0,"CHH",1
"4171","phage_lambda",12582,12583,100,1,0,"CHH",1
"4172","phage_lambda",12592,12593,0,0,1,"CHH",1
"4173","phage_lambda",12597,12598,100,1,0,"CHH",1
"4174","phage_lambda",12598,12599,100,1,0,"CHH",1
"4175","phage_lambda",12601,12602,0,0,1,"CHH",1
"4176","phage_lambda",12604,12605,0,0,1,"CHH",1
"4177","phage_lambda",12617,12618,0,0,1,"CHH",1
"4178","phage_lambda",12622,12623,0,0,1,"CHH",1
"4179","phage_lambda",12626,12627,0,0,1,"CHH",1
"4180","phage_lambda",12627,12628,0,0,1,"CHH",1
"4181","phage_lambda",12631,12632,0,0,1,"CHH",1
"4182","phage_lambda",12632,12633,0,0,1,"CHH",1
"4183","phage_lambda",12634,12635,0,0,1,"CHH",1
"4184","phage_lambda",12635,12636,0,0,1,"CHH",1
"4185","phage_lambda",12636,12637,0,0,1,"CHH",1
"4186","phage_lambda",12637,12638,0,0,1,"CHH",1
"4187","phage_lambda",12641,12642,0,0,1,"CHH",1
"4188","phage_lambda",12646,12647,0,0,1,"CHH",1
"4189","phage_lambda",12648,12649,0,0,1,"CHH",1
"4190","phage_lambda",12660,12661,0,0,1,"CHH",1
"4191","phage_lambda",12661,12662,0,0,1,"CHH",1
"4192","phage_lambda",12665,12666,0,0,1,"CHH",1
"4193","phage_lambda",12666,12667,0,0,1,"CHH",1
"4194","phage_lambda",12670,12671,0,0,1,"CHH",1
"4195","phage_lambda",12671,12672,0,0,1,"CHH",1
"4196","phage_lambda",12677,12678,0,0,1,"CHH",1
"4197","phage_lambda",12678,12679,0,0,1,"CHH",1
"4198","phage_lambda",12680,12681,0,0,1,"CHH",1
"4199","phage_lambda",12681,12682,0,0,1,"CHH",1
"4200","phage_lambda",12687,12688,0,0,1,"CHH",1
"4201","phage_lambda",12699,12700,0,0,1,"CHH",1
"4202","phage_lambda",12716,12717,0,0,1,"CHH",1
"4203","phage_lambda",12740,12741,0,0,1,"CHH",1
"4204","phage_lambda",12749,12750,0,0,1,"CHH",1
"4205","phage_lambda",12750,12751,0,0,1,"CHH",1
"4206","phage_lambda",12759,12760,0,0,1,"CHH",1
"4207","phage_lambda",12776,12777,0,0,1,"CHH",1
"4208","phage_lambda",12778,12779,0,0,1,"CHH",1
"4209","phage_lambda",13688,13689,0,0,1,"CHH",1
"4210","phage_lambda",13689,13690,0,0,1,"CHH",1
"4211","phage_lambda",13697,13698,0,0,1,"CHH",1
"4212","phage_lambda",13700,13701,0,0,1,"CHH",1
"4213","phage_lambda",13701,13702,0,0,1,"CHH",1
"4214","phage_lambda",13707,13708,0,0,1,"CHH",1
"4215","phage_lambda",13712,13713,0,0,1,"CHH",1
"4216","phage_lambda",13717,13718,0,0,1,"CHH",1
"4217","phage_lambda",13722,13723,0,0,1,"CHH",1
"4218","phage_lambda",13736,13737,0,0,1,"CHH",1
"4219","phage_lambda",13737,13738,0,0,1,"CHH",1
"4220","phage_lambda",13748,13749,0,0,1,"CHH",1
"4221","phage_lambda",13749,13750,0,0,1,"CHH",1
"4222","phage_lambda",14072,14073,0,0,1,"CHH",1
"4223","phage_lambda",14084,14085,0,0,1,"CHH",1
"4224","phage_lambda",14087,14088,0,0,1,"CHH",1
"4225","phage_lambda",14096,14097,0,0,1,"CHH",1
"4226","phage_lambda",14099,14100,0,0,1,"CHH",1
"4227","phage_lambda",14100,14101,0,0,1,"CHH",1
"4228","phage_lambda",14104,14105,0,0,1,"CHH",1
"4229","phage_lambda",14105,14106,0,0,1,"CHH",1
"4230","phage_lambda",14111,14112,0,0,1,"CHH",1
"4231","phage_lambda",14115,14116,0,0,1,"CHH",1
"4232","phage_lambda",14129,14130,0,0,1,"CHH",1
"4233","phage_lambda",14130,14131,0,0,1,"CHH",1
"4234","phage_lambda",14131,14132,0,0,1,"CHH",1
"4235","phage_lambda",14136,14137,100,1,0,"CHH",1
"4236","phage_lambda",14162,14163,0,0,1,"CHH",1
"4237","phage_lambda",14166,14167,0,0,1,"CHH",1
"4238","phage_lambda",14180,14181,0,0,1,"CHH",1
"4239","phage_lambda",14197,14198,0,0,1,"CHH",1
"4240","phage_lambda",14209,14210,0,0,1,"CHH",1
"4241","phage_lambda",14248,14249,0,0,1,"CHH",1
"4242","phage_lambda",14265,14266,0,0,1,"CHH",1
"4243","phage_lambda",14331,14332,0,0,1,"CHH",1
"4244","phage_lambda",14332,14333,0,0,1,"CHH",1
"4245","phage_lambda",14337,14338,0,0,1,"CHH",1
"4246","phage_lambda",14338,14339,0,0,1,"CHH",1
"4247","phage_lambda",14340,14341,0,0,1,"CHH",1
"4248","phage_lambda",14341,14342,0,0,1,"CHH",1
"4249","phage_lambda",14353,14354,0,0,1,"CHH",1
"4250","phage_lambda",14354,14355,0,0,1,"CHH",1
"4251","phage_lambda",14386,14387,0,0,1,"CHH",1
"4252","phage_lambda",14388,14389,0,0,1,"CHH",1
"4253","phage_lambda",14393,14394,0,0,1,"CHH",1
"4254","phage_lambda",14395,14396,0,0,1,"CHH",1
"4255","phage_lambda",14400,14401,0,0,1,"CHH",1
"4256","phage_lambda",14405,14406,0,0,1,"CHH",1
"4257","phage_lambda",14406,14407,0,0,1,"CHH",1
"4258","phage_lambda",14408,14409,0,0,1,"CHH",1
"4259","phage_lambda",14409,14410,0,0,1,"CHH",1
"4260","phage_lambda",14413,14414,0,0,1,"CHH",1
"4261","phage_lambda",14422,14423,0,0,1,"CHH",1
"4262","phage_lambda",14423,14424,0,0,1,"CHH",1
"4263","phage_lambda",14424,14425,0,0,1,"CHH",1
"4264","phage_lambda",14436,14437,0,0,1,"CHH",1
"4265","phage_lambda",14446,14447,0,0,1,"CHH",1
"4266","phage_lambda",14448,14449,0,0,1,"CHH",1
"4267","phage_lambda",14524,14525,0,0,1,"CHH",1
"4268","phage_lambda",14528,14529,0,0,1,"CHH",1
"4269","phage_lambda",14529,14530,0,0,1,"CHH",1
"4270","phage_lambda",14533,14534,0,0,1,"CHH",1
"4271","phage_lambda",14535,14536,0,0,1,"CHH",1
"4272","phage_lambda",14538,14539,0,0,1,"CHH",1
"4273","phage_lambda",14548,14549,0,0,1,"CHH",1
"4274","phage_lambda",14554,14555,0,0,1,"CHH",1
"4275","phage_lambda",14556,14557,0,0,1,"CHH",1
"4276","phage_lambda",14557,14558,0,0,1,"CHH",1
"4277","phage_lambda",14560,14561,0,0,1,"CHH",1
"4278","phage_lambda",14565,14566,0,0,1,"CHH",1
"4279","phage_lambda",14567,14568,0,0,1,"CHH",1
"4280","phage_lambda",14568,14569,0,0,1,"CHH",1
"4281","phage_lambda",14577,14578,0,0,1,"CHH",1
"4282","phage_lambda",14584,14585,0,0,1,"CHH",1
"4283","phage_lambda",14586,14587,0,0,1,"CHH",1
"4284","phage_lambda",14593,14594,0,0,1,"CHH",1
"4285","phage_lambda",14602,14603,0,0,1,"CHH",1
"4286","phage_lambda",14604,14605,0,0,1,"CHH",1
"4287","phage_lambda",14605,14606,0,0,1,"CHH",1
"4288","phage_lambda",14612,14613,0,0,1,"CHH",1
"4289","phage_lambda",14613,14614,0,0,1,"CHH",1
"4290","phage_lambda",14623,14624,50,1,1,"CHH",2
"4291","phage_lambda",14625,14626,50,1,1,"CHH",2
"4292","phage_lambda",14631,14632,0,0,2,"CHH",2
"4293","phage_lambda",14639,14640,0,0,1,"CHH",1
"4294","phage_lambda",14648,14649,0,0,2,"CHH",2
"4295","phage_lambda",14653,14654,0,0,2,"CHH",2
"4296","phage_lambda",14655,14656,0,0,2,"CHH",2
"4297","phage_lambda",14663,14664,0,0,2,"CHH",2
"4298","phage_lambda",14671,14672,0,0,2,"CHH",2
"4299","phage_lambda",14672,14673,0,0,2,"CHH",2
"4300","phage_lambda",14675,14676,0,0,1,"CHH",1
"4301","phage_lambda",14682,14683,0,0,2,"CHH",2
"4302","phage_lambda",14689,14690,0,0,1,"CHH",1
"4303","phage_lambda",14718,14719,0,0,2,"CHH",2
"4304","phage_lambda",14747,14748,0,0,1,"CHH",1
"4305","phage_lambda",14755,14756,0,0,1,"CHH",1
"4306","phage_lambda",14757,14758,0,0,1,"CHH",1
"4307","phage_lambda",14759,14760,0,0,1,"CHH",1
"4308","phage_lambda",14760,14761,0,0,1,"CHH",1
"4309","phage_lambda",14803,14804,0,0,1,"CHH",1
"4310","phage_lambda",14810,14811,0,0,1,"CHH",1
"4311","phage_lambda",14819,14820,0,0,1,"CHH",1
"4312","phage_lambda",14825,14826,0,0,1,"CHH",1
"4313","phage_lambda",14826,14827,0,0,1,"CHH",1
"4314","phage_lambda",14841,14842,0,0,1,"CHH",1
"4315","phage_lambda",14858,14859,0,0,1,"CHH",1
"4316","phage_lambda",14864,14865,0,0,1,"CHH",1
"4317","phage_lambda",14865,14866,0,0,1,"CHH",1
"4318","phage_lambda",14871,14872,0,0,1,"CHH",1
"4319","phage_lambda",14873,14874,0,0,1,"CHH",1
"4320","phage_lambda",14881,14882,0,0,1,"CHH",1
"4321","phage_lambda",14882,14883,0,0,1,"CHH",1
"4322","phage_lambda",14883,14884,0,0,1,"CHH",1
"4323","phage_lambda",14889,14890,0,0,1,"CHH",1
"4324","phage_lambda",14890,14891,0,0,1,"CHH",1
"4325","phage_lambda",14891,14892,0,0,1,"CHH",1
"4326","phage_lambda",14898,14899,0,0,1,"CHH",1
"4327","phage_lambda",14899,14900,0,0,1,"CHH",1
"4328","phage_lambda",14904,14905,0,0,1,"CHH",1
"4329","phage_lambda",14905,14906,0,0,1,"CHH",1
"4330","phage_lambda",14906,14907,0,0,1,"CHH",1
"4331","phage_lambda",14908,14909,0,0,1,"CHH",1
"4332","phage_lambda",14913,14914,0,0,1,"CHH",1
"4333","phage_lambda",14915,14916,0,0,1,"CHH",1
"4334","phage_lambda",14938,14939,0,0,1,"CHH",1
"4335","phage_lambda",14948,14949,0,0,1,"CHH",1
"4336","phage_lambda",14955,14956,0,0,1,"CHH",1
"4337","phage_lambda",14964,14965,0,0,1,"CHH",1
"4338","phage_lambda",14969,14970,0,0,1,"CHH",1
"4339","phage_lambda",14973,14974,0,0,1,"CHH",1
"4340","phage_lambda",14990,14991,0,0,1,"CHH",1
"4341","phage_lambda",15009,15010,0,0,1,"CHH",1
"4342","phage_lambda",15011,15012,0,0,1,"CHH",1
"4343","phage_lambda",15317,15318,0,0,1,"CHH",1
"4344","phage_lambda",15318,15319,0,0,1,"CHH",1
"4345","phage_lambda",15321,15322,0,0,1,"CHH",1
"4346","phage_lambda",15327,15328,0,0,1,"CHH",1
"4347","phage_lambda",15328,15329,0,0,1,"CHH",1
"4348","phage_lambda",15333,15334,0,0,1,"CHH",1
"4349","phage_lambda",15353,15354,0,0,1,"CHH",1
"4350","phage_lambda",15354,15355,0,0,1,"CHH",1
"4351","phage_lambda",15359,15360,0,0,1,"CHH",1
"4352","phage_lambda",15365,15366,0,0,1,"CHH",1
"4353","phage_lambda",15366,15367,0,0,1,"CHH",1
"4354","phage_lambda",15367,15368,0,0,1,"CHH",1
"4355","phage_lambda",15368,15369,0,0,1,"CHH",1
"4356","phage_lambda",15377,15378,0,0,1,"CHH",1
"4357","phage_lambda",15378,15379,50,1,1,"CHH",2
"4358","phage_lambda",15387,15388,0,0,2,"CHH",2
"4359","phage_lambda",15389,15390,0,0,2,"CHH",2
"4360","phage_lambda",15408,15409,0,0,2,"CHH",2
"4361","phage_lambda",15409,15410,0,0,2,"CHH",2
"4362","phage_lambda",15410,15411,0,0,2,"CHH",2
"4363","phage_lambda",15411,15412,0,0,2,"CHH",2
"4364","phage_lambda",15417,15418,0,0,2,"CHH",2
"4365","phage_lambda",15418,15419,50,1,1,"CHH",2
"4366","phage_lambda",15423,15424,0,0,2,"CHH",2
"4367","phage_lambda",15426,15427,0,0,2,"CHH",2
"4368","phage_lambda",15428,15429,0,0,2,"CHH",2
"4369","phage_lambda",15429,15430,50,1,1,"CHH",2
"4370","phage_lambda",15431,15432,0,0,2,"CHH",2
"4371","phage_lambda",15435,15436,0,0,2,"CHH",2
"4372","phage_lambda",15436,15437,50,1,1,"CHH",2
"4373","phage_lambda",15445,15446,0,0,1,"CHH",1
"4374","phage_lambda",15452,15453,0,0,1,"CHH",1
"4375","phage_lambda",15459,15460,0,0,1,"CHH",1
"4376","phage_lambda",15461,15462,0,0,1,"CHH",1
"4377","phage_lambda",15468,15469,0,0,1,"CHH",1
"4378","phage_lambda",15475,15476,100,1,0,"CHH",1
"4379","phage_lambda",15483,15484,0,0,1,"CHH",1
"4380","phage_lambda",15485,15486,0,0,1,"CHH",1
"4381","phage_lambda",15492,15493,0,0,1,"CHH",1
"4382","phage_lambda",15493,15494,0,0,1,"CHH",1
"4383","phage_lambda",15495,15496,0,0,1,"CHH",1
"4384","phage_lambda",15499,15500,0,0,1,"CHH",1
"4385","phage_lambda",15501,15502,0,0,1,"CHH",1
"4386","phage_lambda",15502,15503,0,0,1,"CHH",1
"4387","phage_lambda",15506,15507,0,0,1,"CHH",1
"4388","phage_lambda",15507,15508,0,0,1,"CHH",1
"4389","phage_lambda",15508,15509,0,0,1,"CHH",1
"4390","phage_lambda",15513,15514,0,0,1,"CHH",1
"4391","phage_lambda",15514,15515,0,0,1,"CHH",1
"4392","phage_lambda",15517,15518,0,0,1,"CHH",1
"4393","phage_lambda",15524,15525,0,0,1,"CHH",1
"4394","phage_lambda",15525,15526,0,0,1,"CHH",1
"4395","phage_lambda",15526,15527,0,0,1,"CHH",1
"4396","phage_lambda",15527,15528,0,0,1,"CHH",1
"4397","phage_lambda",15528,15529,0,0,1,"CHH",1
"4398","phage_lambda",15532,15533,0,0,1,"CHH",1
"4399","phage_lambda",15533,15534,0,0,1,"CHH",1
"4400","phage_lambda",15551,15552,0,0,1,"CHH",1
"4401","phage_lambda",15554,15555,0,0,1,"CHH",1
"4402","phage_lambda",15562,15563,0,0,1,"CHH",1
"4403","phage_lambda",15563,15564,0,0,1,"CHH",1
"4404","phage_lambda",15589,15590,0,0,1,"CHH",1
"4405","phage_lambda",15590,15591,0,0,1,"CHH",1
"4406","phage_lambda",15626,15627,0,0,1,"CHH",1
"4407","phage_lambda",15730,15731,0,0,1,"CHH",1
"4408","phage_lambda",15751,15752,0,0,1,"CHH",1
"4409","phage_lambda",15752,15753,0,0,1,"CHH",1
"4410","phage_lambda",15758,15759,0,0,1,"CHH",1
"4411","phage_lambda",15794,15795,0,0,1,"CHH",1
"4412","phage_lambda",15803,15804,0,0,1,"CHH",1
"4413","phage_lambda",15805,15806,0,0,1,"CHH",1
"4414","phage_lambda",15809,15810,0,0,1,"CHH",1
"4415","phage_lambda",15811,15812,0,0,1,"CHH",1
"4416","phage_lambda",15812,15813,0,0,1,"CHH",1
"4417","phage_lambda",15823,15824,0,0,1,"CHH",1
"4418","phage_lambda",15827,15828,0,0,1,"CHH",1
"4419","phage_lambda",16136,16137,0,0,2,"CHH",2
"4420","phage_lambda",16139,16140,0,0,2,"CHH",2
"4421","phage_lambda",16145,16146,0,0,2,"CHH",2
"4422","phage_lambda",16150,16151,0,0,2,"CHH",2
"4423","phage_lambda",16172,16173,0,0,2,"CHH",2
"4424","phage_lambda",16190,16191,0,0,2,"CHH",2
"4425","phage_lambda",16212,16213,0,0,2,"CHH",2
"4426","phage_lambda",16247,16248,0,0,1,"CHH",1
"4427","phage_lambda",16253,16254,0,0,1,"CHH",1
"4428","phage_lambda",16266,16267,0,0,1,"CHH",1
"4429","phage_lambda",16321,16322,0,0,1,"CHH",1
"4430","phage_lambda",16345,16346,0,0,1,"CHH",1
"4431","phage_lambda",16346,16347,0,0,1,"CHH",1
"4432","phage_lambda",16347,16348,0,0,1,"CHH",1
"4433","phage_lambda",16355,16356,0,0,1,"CHH",1
"4434","phage_lambda",16361,16362,0,0,1,"CHH",1
"4435","phage_lambda",16374,16375,0,0,1,"CHH",1
"4436","phage_lambda",16412,16413,0,0,1,"CHH",1
"4437","phage_lambda",16418,16419,0,0,1,"CHH",1
"4438","phage_lambda",16430,16431,0,0,1,"CHH",1
"4439","phage_lambda",16448,16449,0,0,1,"CHH",1
"4440","phage_lambda",16457,16458,0,0,1,"CHH",1
"4441","phage_lambda",16518,16519,0,0,1,"CHH",1
"4442","phage_lambda",16532,16533,0,0,1,"CHH",1
"4443","phage_lambda",16612,16613,0,0,1,"CHH",1
"4444","phage_lambda",16613,16614,0,0,1,"CHH",1
"4445","phage_lambda",16661,16662,0,0,1,"CHH",1
"4446","phage_lambda",16667,16668,0,0,1,"CHH",1
"4447","phage_lambda",16675,16676,0,0,1,"CHH",1
"4448","phage_lambda",16676,16677,0,0,1,"CHH",1
"4449","phage_lambda",16688,16689,0,0,1,"CHH",1
"4450","phage_lambda",16689,16690,0,0,1,"CHH",1
"4451","phage_lambda",16718,16719,0,0,1,"CHH",1
"4452","phage_lambda",16724,16725,0,0,1,"CHH",1
"4453","phage_lambda",16749,16750,0,0,2,"CHH",2
"4454","phage_lambda",16768,16769,0,0,1,"CHH",1
"4455","phage_lambda",16769,16770,0,0,1,"CHH",1
"4456","phage_lambda",16774,16775,0,0,1,"CHH",1
"4457","phage_lambda",16807,16808,0,0,1,"CHH",1
"4458","phage_lambda",16808,16809,0,0,1,"CHH",1
"4459","phage_lambda",16819,16820,0,0,1,"CHH",1
"4460","phage_lambda",16834,16835,0,0,1,"CHH",1
"4461","phage_lambda",16836,16837,0,0,1,"CHH",1
"4462","phage_lambda",16973,16974,0,0,1,"CHH",1
"4463","phage_lambda",17003,17004,0,0,1,"CHH",1
"4464","phage_lambda",17008,17009,0,0,1,"CHH",1
"4465","phage_lambda",17022,17023,0,0,1,"CHH",1
"4466","phage_lambda",17036,17037,0,0,1,"CHH",1
"4467","phage_lambda",17043,17044,0,0,1,"CHH",1
"4468","phage_lambda",17044,17045,0,0,1,"CHH",1
"4469","phage_lambda",17047,17048,0,0,1,"CHH",1
"4470","phage_lambda",17048,17049,0,0,1,"CHH",1
"4471","phage_lambda",17069,17070,0,0,1,"CHH",1
"4472","phage_lambda",17087,17088,0,0,1,"CHH",1
"4473","phage_lambda",17117,17118,0,0,1,"CHH",1
"4474","phage_lambda",17151,17152,0,0,1,"CHH",1
"4475","phage_lambda",17293,17294,0,0,1,"CHH",1
"4476","phage_lambda",17294,17295,0,0,1,"CHH",1
"4477","phage_lambda",17313,17314,0,0,1,"CHH",1
"4478","phage_lambda",17315,17316,0,0,1,"CHH",1
"4479","phage_lambda",17336,17337,0,0,1,"CHH",1
"4480","phage_lambda",17351,17352,0,0,1,"CHH",1
"4481","phage_lambda",17358,17359,0,0,1,"CHH",1
"4482","phage_lambda",17370,17371,0,0,1,"CHH",1
"4483","phage_lambda",17372,17373,0,0,1,"CHH",1
"4484","phage_lambda",17387,17388,0,0,1,"CHH",1
"4485","phage_lambda",17429,17430,100,1,0,"CHH",1
"4486","phage_lambda",17431,17432,100,1,0,"CHH",1
"4487","phage_lambda",17945,17946,0,0,1,"CHH",1
"4488","phage_lambda",17957,17958,0,0,1,"CHH",1
"4489","phage_lambda",17963,17964,0,0,1,"CHH",1
"4490","phage_lambda",17977,17978,0,0,1,"CHH",1
"4491","phage_lambda",17978,17979,0,0,1,"CHH",1
"4492","phage_lambda",17979,17980,0,0,1,"CHH",1
"4493","phage_lambda",17982,17983,0,0,1,"CHH",1
"4494","phage_lambda",17987,17988,0,0,1,"CHH",1
"4495","phage_lambda",18028,18029,0,0,1,"CHH",1
"4496","phage_lambda",18067,18068,0,0,1,"CHH",1
"4497","phage_lambda",18393,18394,0,0,1,"CHH",1
"4498","phage_lambda",18394,18395,0,0,1,"CHH",1
"4499","phage_lambda",18399,18400,0,0,1,"CHH",1
"4500","phage_lambda",18401,18402,0,0,1,"CHH",1
"4501","phage_lambda",18405,18406,0,0,1,"CHH",1
"4502","phage_lambda",18416,18417,0,0,1,"CHH",1
"4503","phage_lambda",18429,18430,0,0,1,"CHH",1
"4504","phage_lambda",18431,18432,0,0,1,"CHH",1
"4505","phage_lambda",18438,18439,0,0,1,"CHH",1
"4506","phage_lambda",18469,18470,0,0,1,"CHH",1
"4507","phage_lambda",18470,18471,0,0,1,"CHH",1
"4508","phage_lambda",18471,18472,0,0,1,"CHH",1
"4509","phage_lambda",18488,18489,0,0,1,"CHH",1
"4510","phage_lambda",18489,18490,0,0,1,"CHH",1
"4511","phage_lambda",18495,18496,0,0,1,"CHH",1
"4512","phage_lambda",18500,18501,0,0,1,"CHH",1
"4513","phage_lambda",18501,18502,0,0,1,"CHH",1
"4514","phage_lambda",18508,18509,0,0,1,"CHH",1
"4515","phage_lambda",18531,18532,0,0,1,"CHH",1
"4516","phage_lambda",18535,18536,0,0,1,"CHH",1
"4517","phage_lambda",18540,18541,0,0,1,"CHH",1
"4518","phage_lambda",18542,18543,0,0,1,"CHH",1
"4519","phage_lambda",18543,18544,0,0,1,"CHH",1
"4520","phage_lambda",18548,18549,0,0,1,"CHH",1
"4521","phage_lambda",18556,18557,0,0,1,"CHH",1
"4522","phage_lambda",18575,18576,0,0,1,"CHH",1
"4523","phage_lambda",19321,19322,0,0,1,"CHH",1
"4524","phage_lambda",19328,19329,0,0,1,"CHH",1
"4525","phage_lambda",19329,19330,0,0,1,"CHH",1
"4526","phage_lambda",19332,19333,0,0,1,"CHH",1
"4527","phage_lambda",19333,19334,0,0,1,"CHH",1
"4528","phage_lambda",19339,19340,0,0,1,"CHH",1
"4529","phage_lambda",19341,19342,0,0,1,"CHH",1
"4530","phage_lambda",19342,19343,0,0,1,"CHH",1
"4531","phage_lambda",19343,19344,0,0,1,"CHH",1
"4532","phage_lambda",19345,19346,0,0,1,"CHH",1
"4533","phage_lambda",19355,19356,0,0,1,"CHH",1
"4534","phage_lambda",19356,19357,0,0,1,"CHH",1
"4535","phage_lambda",19367,19368,0,0,1,"CHH",1
"4536","phage_lambda",19371,19372,0,0,1,"CHH",1
"4537","phage_lambda",19372,19373,0,0,1,"CHH",1
"4538","phage_lambda",19383,19384,0,0,1,"CHH",1
"4539","phage_lambda",19392,19393,0,0,1,"CHH",1
"4540","phage_lambda",19394,19395,0,0,1,"CHH",1
"4541","phage_lambda",19396,19397,0,0,1,"CHH",1
"4542","phage_lambda",19401,19402,0,0,1,"CHH",1
"4543","phage_lambda",19407,19408,0,0,1,"CHH",1
"4544","phage_lambda",19411,19412,0,0,1,"CHH",1
"4545","phage_lambda",19413,19414,0,0,1,"CHH",1
"4546","phage_lambda",19418,19419,100,1,0,"CHH",1
"4547","phage_lambda",19419,19420,0,0,1,"CHH",1
"4548","phage_lambda",19424,19425,0,0,1,"CHH",1
"4549","phage_lambda",19428,19429,0,0,1,"CHH",1
"4550","phage_lambda",19429,19430,0,0,1,"CHH",1
"4551","phage_lambda",19436,19437,0,0,1,"CHH",1
"4552","phage_lambda",19438,19439,0,0,1,"CHH",1
"4553","phage_lambda",19439,19440,0,0,1,"CHH",1
"4554","phage_lambda",19443,19444,0,0,1,"CHH",1
"4555","phage_lambda",19447,19448,0,0,1,"CHH",1
"4556","phage_lambda",19451,19452,0,0,1,"CHH",1
"4557","phage_lambda",19452,19453,0,0,1,"CHH",1
"4558","phage_lambda",19458,19459,0,0,1,"CHH",1
"4559","phage_lambda",19459,19460,0,0,1,"CHH",1
"4560","phage_lambda",19463,19464,0,0,1,"CHH",1
"4561","phage_lambda",19464,19465,0,0,1,"CHH",1
"4562","phage_lambda",19466,19467,0,0,1,"CHH",1
"4563","phage_lambda",19468,19469,0,0,1,"CHH",1
"4564","phage_lambda",19472,19473,0,0,1,"CHH",1
"4565","phage_lambda",19504,19505,0,0,1,"CHH",1
"4566","phage_lambda",19507,19508,0,0,1,"CHH",1
"4567","phage_lambda",19514,19515,0,0,1,"CHH",1
"4568","phage_lambda",19524,19525,0,0,1,"CHH",1
"4569","phage_lambda",19557,19558,0,0,1,"CHH",1
"4570","phage_lambda",19589,19590,0,0,1,"CHH",1
"4571","phage_lambda",19597,19598,0,0,1,"CHH",1
"4572","phage_lambda",20415,20416,0,0,1,"CHH",1
"4573","phage_lambda",20417,20418,0,0,1,"CHH",1
"4574","phage_lambda",20426,20427,0,0,1,"CHH",1
"4575","phage_lambda",20464,20465,0,0,1,"CHH",1
"4576","phage_lambda",20465,20466,0,0,1,"CHH",1
"4577","phage_lambda",20482,20483,0,0,1,"CHH",1
"4578","phage_lambda",20489,20490,0,0,1,"CHH",1
"4579","phage_lambda",20494,20495,0,0,1,"CHH",1
"4580","phage_lambda",20520,20521,0,0,1,"CHH",1
"4581","phage_lambda",21361,21362,0,0,1,"CHH",1
"4582","phage_lambda",21364,21365,0,0,1,"CHH",1
"4583","phage_lambda",21383,21384,0,0,1,"CHH",1
"4584","phage_lambda",21387,21388,0,0,1,"CHH",1
"4585","phage_lambda",21397,21398,0,0,1,"CHH",1
"4586","phage_lambda",21401,21402,0,0,2,"CHH",2
"4587","phage_lambda",21422,21423,0,0,2,"CHH",2
"4588","phage_lambda",21448,21449,0,0,2,"CHH",2
"4589","phage_lambda",21450,21451,0,0,2,"CHH",2
"4590","phage_lambda",21452,21453,0,0,3,"CHH",3
"4591","phage_lambda",21453,21454,0,0,3,"CHH",3
"4592","phage_lambda",21454,21455,0,0,3,"CHH",3
"4593","phage_lambda",21461,21462,0,0,3,"CHH",3
"4594","phage_lambda",21467,21468,0,0,3,"CHH",3
"4595","phage_lambda",21494,21495,33,2,4,"CHH",6
"4596","phage_lambda",21495,21496,0,0,6,"CHH",6
"4597","phage_lambda",21497,21498,16,1,5,"CHH",6
"4598","phage_lambda",21524,21525,20,1,4,"CHH",5
"4599","phage_lambda",21546,21547,0,0,5,"CHH",5
"4600","phage_lambda",21548,21549,0,0,5,"CHH",5
"4601","phage_lambda",21549,21550,0,0,5,"CHH",5
"4602","phage_lambda",21564,21565,0,0,6,"CHH",6
"4603","phage_lambda",21572,21573,0,0,6,"CHH",6
"4604","phage_lambda",21574,21575,0,0,6,"CHH",6
"4605","phage_lambda",21578,21579,0,0,6,"CHH",6
"4606","phage_lambda",21580,21581,0,0,6,"CHH",6
"4607","phage_lambda",21596,21597,0,0,5,"CHH",5
"4608","phage_lambda",21614,21615,0,0,4,"CHH",4
"4609","phage_lambda",21616,21617,0,0,4,"CHH",4
"4610","phage_lambda",21620,21621,0,0,4,"CHH",4
"4611","phage_lambda",21621,21622,0,0,4,"CHH",4
"4612","phage_lambda",21622,21623,0,0,4,"CHH",4
"4613","phage_lambda",21624,21625,0,0,4,"CHH",4
"4614","phage_lambda",21626,21627,0,0,4,"CHH",4
"4615","phage_lambda",21674,21675,0,0,3,"CHH",3
"4616","phage_lambda",21677,21678,0,0,3,"CHH",3
"4617","phage_lambda",21678,21679,0,0,3,"CHH",3
"4618","phage_lambda",21695,21696,0,0,2,"CHH",2
"4619","phage_lambda",21696,21697,0,0,2,"CHH",2
"4620","phage_lambda",21710,21711,0,0,2,"CHH",2
"4621","phage_lambda",21714,21715,0,0,2,"CHH",2
"4622","phage_lambda",21716,21717,0,0,2,"CHH",2
"4623","phage_lambda",21728,21729,0,0,2,"CHH",2
"4624","phage_lambda",21759,21760,0,0,1,"CHH",1
"4625","phage_lambda",21760,21761,0,0,1,"CHH",1
"4626","phage_lambda",21766,21767,0,0,1,"CHH",1
"4627","phage_lambda",21768,21769,0,0,1,"CHH",1
"4628","phage_lambda",21770,21771,0,0,1,"CHH",1
"4629","phage_lambda",21800,21801,0,0,2,"CHH",2
"4630","phage_lambda",21802,21803,0,0,2,"CHH",2
"4631","phage_lambda",21808,21809,0,0,2,"CHH",2
"4632","phage_lambda",21829,21830,0,0,2,"CHH",2
"4633","phage_lambda",21831,21832,0,0,2,"CHH",2
"4634","phage_lambda",21835,21836,0,0,2,"CHH",2
"4635","phage_lambda",21854,21855,0,0,2,"CHH",2
"4636","phage_lambda",21856,21857,0,0,2,"CHH",2
"4637","phage_lambda",21860,21861,0,0,2,"CHH",2
"4638","phage_lambda",21861,21862,0,0,2,"CHH",2
"4639","phage_lambda",21862,21863,0,0,2,"CHH",2
"4640","phage_lambda",21866,21867,0,0,2,"CHH",2
"4641","phage_lambda",21881,21882,0,0,2,"CHH",2
"4642","phage_lambda",21883,21884,0,0,2,"CHH",2
"4643","phage_lambda",21889,21890,0,0,2,"CHH",2
"4644","phage_lambda",21891,21892,0,0,2,"CHH",2
"4645","phage_lambda",21893,21894,0,0,2,"CHH",2
"4646","phage_lambda",21894,21895,0,0,2,"CHH",2
"4647","phage_lambda",21897,21898,0,0,2,"CHH",2
"4648","phage_lambda",21927,21928,0,0,1,"CHH",1
"4649","phage_lambda",22107,22108,0,0,1,"CHH",1
"4650","phage_lambda",22129,22130,0,0,1,"CHH",1
"4651","phage_lambda",22134,22135,0,0,1,"CHH",1
"4652","phage_lambda",22136,22137,0,0,1,"CHH",1
"4653","phage_lambda",22137,22138,0,0,1,"CHH",1
"4654","phage_lambda",22152,22153,0,0,1,"CHH",1
"4655","phage_lambda",22155,22156,0,0,1,"CHH",1
"4656","phage_lambda",22157,22158,0,0,1,"CHH",1
"4657","phage_lambda",22158,22159,0,0,1,"CHH",1
"4658","phage_lambda",22165,22166,0,0,2,"CHH",2
"4659","phage_lambda",22166,22167,0,0,2,"CHH",2
"4660","phage_lambda",22176,22177,0,0,2,"CHH",2
"4661","phage_lambda",22179,22180,0,0,2,"CHH",2
"4662","phage_lambda",22188,22189,0,0,2,"CHH",2
"4663","phage_lambda",22189,22190,0,0,2,"CHH",2
"4664","phage_lambda",22203,22204,0,0,2,"CHH",2
"4665","phage_lambda",22208,22209,0,0,2,"CHH",2
"4666","phage_lambda",22209,22210,0,0,2,"CHH",2
"4667","phage_lambda",22268,22269,0,0,1,"CHH",1
"4668","phage_lambda",22279,22280,0,0,1,"CHH",1
"4669","phage_lambda",22281,22282,0,0,1,"CHH",1
"4670","phage_lambda",22282,22283,0,0,1,"CHH",1
"4671","phage_lambda",22283,22284,0,0,1,"CHH",1
"4672","phage_lambda",22284,22285,0,0,1,"CHH",1
"4673","phage_lambda",22295,22296,0,0,1,"CHH",1
"4674","phage_lambda",22297,22298,0,0,1,"CHH",1
"4675","phage_lambda",22298,22299,0,0,1,"CHH",1
"4676","phage_lambda",22313,22314,0,0,1,"CHH",1
"4677","phage_lambda",22314,22315,0,0,1,"CHH",1
"4678","phage_lambda",22316,22317,0,0,1,"CHH",1
"4679","phage_lambda",22319,22320,0,0,1,"CHH",1
"4680","phage_lambda",22320,22321,0,0,1,"CHH",1
"4681","phage_lambda",22329,22330,0,0,1,"CHH",1
"4682","phage_lambda",22353,22354,0,0,1,"CHH",1
"4683","phage_lambda",22355,22356,0,0,1,"CHH",1
"4684","phage_lambda",22356,22357,0,0,1,"CHH",1
"4685","phage_lambda",22362,22363,0,0,1,"CHH",1
"4686","phage_lambda",22366,22367,0,0,1,"CHH",1
"4687","phage_lambda",22375,22376,0,0,1,"CHH",1
"4688","phage_lambda",22376,22377,0,0,1,"CHH",1
"4689","phage_lambda",22382,22383,0,0,1,"CHH",1
"4690","phage_lambda",22386,22387,0,0,2,"CHH",2
"4691","phage_lambda",22389,22390,0,0,2,"CHH",2
"4692","phage_lambda",22390,22391,0,0,1,"CHH",1
"4693","phage_lambda",22395,22396,0,0,2,"CHH",2
"4694","phage_lambda",22397,22398,0,0,2,"CHH",2
"4695","phage_lambda",22398,22399,0,0,1,"CHH",1
"4696","phage_lambda",22404,22405,0,0,2,"CHH",2
"4697","phage_lambda",22410,22411,0,0,1,"CHH",1
"4698","phage_lambda",22416,22417,0,0,2,"CHH",2
"4699","phage_lambda",22419,22420,0,0,2,"CHH",2
"4700","phage_lambda",22431,22432,0,0,2,"CHH",2
"4701","phage_lambda",22437,22438,0,0,2,"CHH",2
"4702","phage_lambda",22438,22439,0,0,1,"CHH",1
"4703","phage_lambda",22445,22446,0,0,2,"CHH",2
"4704","phage_lambda",22446,22447,0,0,2,"CHH",2
"4705","phage_lambda",22449,22450,0,0,2,"CHH",2
"4706","phage_lambda",22453,22454,0,0,1,"CHH",1
"4707","phage_lambda",22454,22455,0,0,1,"CHH",1
"4708","phage_lambda",22460,22461,0,0,1,"CHH",1
"4709","phage_lambda",22464,22465,0,0,1,"CHH",1
"4710","phage_lambda",22467,22468,0,0,1,"CHH",1
"4711","phage_lambda",22468,22469,0,0,1,"CHH",1
"4712","phage_lambda",22472,22473,0,0,1,"CHH",1
"4713","phage_lambda",22475,22476,0,0,1,"CHH",1
"4714","phage_lambda",22478,22479,0,0,1,"CHH",1
"4715","phage_lambda",22485,22486,0,0,1,"CHH",1
"4716","phage_lambda",22487,22488,0,0,1,"CHH",1
"4717","phage_lambda",22507,22508,0,0,1,"CHH",1
"4718","phage_lambda",22510,22511,0,0,1,"CHH",1
"4719","phage_lambda",22516,22517,0,0,1,"CHH",1
"4720","phage_lambda",22518,22519,0,0,1,"CHH",1
"4721","phage_lambda",22533,22534,0,0,1,"CHH",1
"4722","phage_lambda",22541,22542,0,0,1,"CHH",1
"4723","phage_lambda",22542,22543,0,0,1,"CHH",1
"4724","phage_lambda",22609,22610,0,0,1,"CHH",1
"4725","phage_lambda",22613,22614,100,1,0,"CHH",1
"4726","phage_lambda",22620,22621,0,0,1,"CHH",1
"4727","phage_lambda",22625,22626,0,0,1,"CHH",1
"4728","phage_lambda",22630,22631,0,0,1,"CHH",1
"4729","phage_lambda",22635,22636,0,0,1,"CHH",1
"4730","phage_lambda",22636,22637,100,1,0,"CHH",1
"4731","phage_lambda",22644,22645,0,0,1,"CHH",1
"4732","phage_lambda",22645,22646,100,1,0,"CHH",1
"4733","phage_lambda",22656,22657,0,0,1,"CHH",1
"4734","phage_lambda",22662,22663,0,0,1,"CHH",1
"4735","phage_lambda",22664,22665,0,0,1,"CHH",1
"4736","phage_lambda",22671,22672,0,0,1,"CHH",1
"4737","phage_lambda",22672,22673,0,0,1,"CHH",1
"4738","phage_lambda",22675,22676,0,0,1,"CHH",1
"4739","phage_lambda",22678,22679,0,0,1,"CHH",1
"4740","phage_lambda",22682,22683,0,0,1,"CHH",1
"4741","phage_lambda",22684,22685,100,1,0,"CHH",1
"4742","phage_lambda",22686,22687,0,0,1,"CHH",1
"4743","phage_lambda",22691,22692,0,0,1,"CHH",1
"4744","phage_lambda",22694,22695,0,0,1,"CHH",1
"4745","phage_lambda",22698,22699,100,1,0,"CHH",1
"4746","phage_lambda",22700,22701,0,0,1,"CHH",1
"4747","phage_lambda",22705,22706,0,0,1,"CHH",1
"4748","phage_lambda",22708,22709,0,0,1,"CHH",1
"4749","phage_lambda",22713,22714,0,0,1,"CHH",1
"4750","phage_lambda",22714,22715,0,0,1,"CHH",1
"4751","phage_lambda",22719,22720,0,0,1,"CHH",1
"4752","phage_lambda",22727,22728,0,0,1,"CHH",1
"4753","phage_lambda",22736,22737,0,0,1,"CHH",1
"4754","phage_lambda",22739,22740,0,0,1,"CHH",1
"4755","phage_lambda",22746,22747,0,0,1,"CHH",1
"4756","phage_lambda",22747,22748,0,0,1,"CHH",1
"4757","phage_lambda",22756,22757,0,0,1,"CHH",1
"4758","phage_lambda",22759,22760,100,1,0,"CHH",1
"4759","phage_lambda",22764,22765,0,0,2,"CHH",2
"4760","phage_lambda",22766,22767,50,1,1,"CHH",2
"4761","phage_lambda",22776,22777,0,0,2,"CHH",2
"4762","phage_lambda",22783,22784,0,0,1,"CHH",1
"4763","phage_lambda",22788,22789,50,1,1,"CHH",2
"4764","phage_lambda",22801,22802,0,0,1,"CHH",1
"4765","phage_lambda",22810,22811,0,0,1,"CHH",1
"4766","phage_lambda",22812,22813,0,0,1,"CHH",1
"4767","phage_lambda",22816,22817,0,0,1,"CHH",1
"4768","phage_lambda",22823,22824,0,0,1,"CHH",1
"4769","phage_lambda",22824,22825,0,0,1,"CHH",1
"4770","phage_lambda",22827,22828,0,0,1,"CHH",1
"4771","phage_lambda",22833,22834,0,0,1,"CHH",1
"4772","phage_lambda",22840,22841,0,0,1,"CHH",1
"4773","phage_lambda",22851,22852,0,0,1,"CHH",1
"4774","phage_lambda",22855,22856,0,0,2,"CHH",2
"4775","phage_lambda",22860,22861,0,0,2,"CHH",2
"4776","phage_lambda",22861,22862,0,0,1,"CHH",1
"4777","phage_lambda",22867,22868,0,0,1,"CHH",1
"4778","phage_lambda",22873,22874,0,0,1,"CHH",1
"4779","phage_lambda",22875,22876,0,0,1,"CHH",1
"4780","phage_lambda",22879,22880,0,0,1,"CHH",1
"4781","phage_lambda",22882,22883,0,0,1,"CHH",1
"4782","phage_lambda",22890,22891,0,0,1,"CHH",1
"4783","phage_lambda",22891,22892,0,0,1,"CHH",1
"4784","phage_lambda",22892,22893,0,0,1,"CHH",1
"4785","phage_lambda",22896,22897,0,0,1,"CHH",1
"4786","phage_lambda",22900,22901,0,0,1,"CHH",1
"4787","phage_lambda",22905,22906,0,0,1,"CHH",1
"4788","phage_lambda",22906,22907,0,0,1,"CHH",1
"4789","phage_lambda",22913,22914,0,0,1,"CHH",1
"4790","phage_lambda",22914,22915,0,0,1,"CHH",1
"4791","phage_lambda",22916,22917,0,0,1,"CHH",1
"4792","phage_lambda",22919,22920,0,0,1,"CHH",1
"4793","phage_lambda",22922,22923,0,0,1,"CHH",1
"4794","phage_lambda",22923,22924,0,0,1,"CHH",1
"4795","phage_lambda",22926,22927,0,0,1,"CHH",1
"4796","phage_lambda",22927,22928,0,0,1,"CHH",1
"4797","phage_lambda",22936,22937,0,0,1,"CHH",1
"4798","phage_lambda",22937,22938,0,0,1,"CHH",1
"4799","phage_lambda",22938,22939,0,0,1,"CHH",1
"4800","phage_lambda",22942,22943,0,0,1,"CHH",1
"4801","phage_lambda",22943,22944,0,0,1,"CHH",1
"4802","phage_lambda",22952,22953,0,0,1,"CHH",1
"4803","phage_lambda",22953,22954,0,0,1,"CHH",1
"4804","phage_lambda",22958,22959,0,0,1,"CHH",1
"4805","phage_lambda",22961,22962,0,0,1,"CHH",1
"4806","phage_lambda",22962,22963,0,0,1,"CHH",1
"4807","phage_lambda",22963,22964,0,0,1,"CHH",1
"4808","phage_lambda",22967,22968,0,0,1,"CHH",1
"4809","phage_lambda",22968,22969,0,0,1,"CHH",1
"4810","phage_lambda",22969,22970,0,0,1,"CHH",1
"4811","phage_lambda",22974,22975,0,0,1,"CHH",1
"4812","phage_lambda",22984,22985,0,0,1,"CHH",1
"4813","phage_lambda",22996,22997,0,0,1,"CHH",1
"4814","phage_lambda",23003,23004,0,0,1,"CHH",1
"4815","phage_lambda",23004,23005,0,0,1,"CHH",1
"4816","phage_lambda",23023,23024,0,0,1,"CHH",1
"4817","phage_lambda",23029,23030,0,0,1,"CHH",1
"4818","phage_lambda",23032,23033,0,0,1,"CHH",1
"4819","phage_lambda",23053,23054,0,0,1,"CHH",1
"4820","phage_lambda",23074,23075,0,0,1,"CHH",1
"4821","phage_lambda",23107,23108,0,0,1,"CHH",1
"4822","phage_lambda",23108,23109,0,0,1,"CHH",1
"4823","phage_lambda",23128,23129,0,0,1,"CHH",1
"4824","phage_lambda",23146,23147,0,0,1,"CHH",1
"4825","phage_lambda",23149,23150,0,0,1,"CHH",1
"4826","phage_lambda",23153,23154,0,0,1,"CHH",1
"4827","phage_lambda",23155,23156,0,0,1,"CHH",1
"4828","phage_lambda",23180,23181,0,0,1,"CHH",1
"4829","phage_lambda",23185,23186,0,0,1,"CHH",1
"4830","phage_lambda",23188,23189,0,0,1,"CHH",1
"4831","phage_lambda",23201,23202,0,0,2,"CHH",2
"4832","phage_lambda",23203,23204,0,0,2,"CHH",2
"4833","phage_lambda",23212,23213,0,0,2,"CHH",2
"4834","phage_lambda",23231,23232,0,0,1,"CHH",1
"4835","phage_lambda",23233,23234,0,0,2,"CHH",2
"4836","phage_lambda",23239,23240,0,0,1,"CHH",1
"4837","phage_lambda",23243,23244,0,0,2,"CHH",2
"4838","phage_lambda",23246,23247,0,0,1,"CHH",1
"4839","phage_lambda",23247,23248,0,0,2,"CHH",2
"4840","phage_lambda",23253,23254,0,0,1,"CHH",1
"4841","phage_lambda",23255,23256,0,0,2,"CHH",2
"4842","phage_lambda",23261,23262,0,0,1,"CHH",1
"4843","phage_lambda",23262,23263,0,0,2,"CHH",2
"4844","phage_lambda",23267,23268,0,0,1,"CHH",1
"4845","phage_lambda",23268,23269,0,0,1,"CHH",1
"4846","phage_lambda",23270,23271,0,0,1,"CHH",1
"4847","phage_lambda",23275,23276,0,0,2,"CHH",2
"4848","phage_lambda",23292,23293,100,1,0,"CHH",1
"4849","phage_lambda",23304,23305,0,0,1,"CHH",1
"4850","phage_lambda",23319,23320,0,0,1,"CHH",1
"4851","phage_lambda",23321,23322,0,0,1,"CHH",1
"4852","phage_lambda",23328,23329,0,0,1,"CHH",1
"4853","phage_lambda",23331,23332,0,0,1,"CHH",1
"4854","phage_lambda",23334,23335,0,0,1,"CHH",1
"4855","phage_lambda",23335,23336,0,0,1,"CHH",1
"4856","phage_lambda",23358,23359,0,0,1,"CHH",1
"4857","phage_lambda",23359,23360,0,0,1,"CHH",1
"4858","phage_lambda",23363,23364,0,0,1,"CHH",1
"4859","phage_lambda",23371,23372,0,0,1,"CHH",1
"4860","phage_lambda",23375,23376,0,0,1,"CHH",1
"4861","phage_lambda",23380,23381,0,0,1,"CHH",1
"4862","phage_lambda",23382,23383,0,0,1,"CHH",1
"4863","phage_lambda",23384,23385,100,1,0,"CHH",1
"4864","phage_lambda",23411,23412,0,0,1,"CHH",1
"4865","phage_lambda",23418,23419,0,0,1,"CHH",1
"4866","phage_lambda",23423,23424,0,0,1,"CHH",1
"4867","phage_lambda",23424,23425,0,0,1,"CHH",1
"4868","phage_lambda",23428,23429,0,0,1,"CHH",1
"4869","phage_lambda",23449,23450,0,0,1,"CHH",1
"4870","phage_lambda",23457,23458,0,0,1,"CHH",1
"4871","phage_lambda",23579,23580,0,0,1,"CHH",1
"4872","phage_lambda",23581,23582,0,0,1,"CHH",1
"4873","phage_lambda",23587,23588,0,0,1,"CHH",1
"4874","phage_lambda",23593,23594,0,0,1,"CHH",1
"4875","phage_lambda",23596,23597,0,0,1,"CHH",1
"4876","phage_lambda",23620,23621,0,0,1,"CHH",1
"4877","phage_lambda",23621,23622,0,0,1,"CHH",1
"4878","phage_lambda",23626,23627,0,0,1,"CHH",1
"4879","phage_lambda",23627,23628,0,0,1,"CHH",1
"4880","phage_lambda",23631,23632,0,0,1,"CHH",1
"4881","phage_lambda",23636,23637,0,0,1,"CHH",1
"4882","phage_lambda",23641,23642,0,0,1,"CHH",1
"4883","phage_lambda",23649,23650,0,0,1,"CHH",1
"4884","phage_lambda",23650,23651,0,0,1,"CHH",1
"4885","phage_lambda",23659,23660,0,0,1,"CHH",1
"4886","phage_lambda",23784,23785,0,0,1,"CHH",1
"4887","phage_lambda",23796,23797,0,0,1,"CHH",1
"4888","phage_lambda",23803,23804,0,0,1,"CHH",1
"4889","phage_lambda",23804,23805,0,0,1,"CHH",1
"4890","phage_lambda",23806,23807,0,0,1,"CHH",1
"4891","phage_lambda",23807,23808,0,0,1,"CHH",1
"4892","phage_lambda",23812,23813,0,0,1,"CHH",1
"4893","phage_lambda",23825,23826,0,0,1,"CHH",1
"4894","phage_lambda",23839,23840,0,0,1,"CHH",1
"4895","phage_lambda",23840,23841,0,0,1,"CHH",1
"4896","phage_lambda",23933,23934,0,0,1,"CHH",1
"4897","phage_lambda",23937,23938,0,0,1,"CHH",1
"4898","phage_lambda",23938,23939,0,0,1,"CHH",1
"4899","phage_lambda",23941,23942,0,0,1,"CHH",1
"4900","phage_lambda",23942,23943,0,0,1,"CHH",1
"4901","phage_lambda",23945,23946,0,0,1,"CHH",1
"4902","phage_lambda",23946,23947,0,0,1,"CHH",1
"4903","phage_lambda",23949,23950,0,0,1,"CHH",1
"4904","phage_lambda",23952,23953,0,0,1,"CHH",1
"4905","phage_lambda",23966,23967,0,0,1,"CHH",1
"4906","phage_lambda",23968,23969,0,0,1,"CHH",1
"4907","phage_lambda",23969,23970,0,0,1,"CHH",1
"4908","phage_lambda",23971,23972,0,0,1,"CHH",1
"4909","phage_lambda",23985,23986,0,0,1,"CHH",1
"4910","phage_lambda",23998,23999,0,0,1,"CHH",1
"4911","phage_lambda",24007,24008,0,0,1,"CHH",1
"4912","phage_lambda",24010,24011,0,0,1,"CHH",1
"4913","phage_lambda",24014,24015,0,0,1,"CHH",1
"4914","phage_lambda",24021,24022,0,0,1,"CHH",1
"4915","phage_lambda",24026,24027,0,0,1,"CHH",1
"4916","phage_lambda",24405,24406,0,0,1,"CHH",1
"4917","phage_lambda",24406,24407,0,0,1,"CHH",1
"4918","phage_lambda",24410,24411,0,0,1,"CHH",1
"4919","phage_lambda",24414,24415,0,0,1,"CHH",1
"4920","phage_lambda",24430,24431,0,0,1,"CHH",1
"4921","phage_lambda",24457,24458,0,0,1,"CHH",1
"4922","phage_lambda",24774,24775,0,0,1,"CHH",1
"4923","phage_lambda",24786,24787,0,0,1,"CHH",1
"4924","phage_lambda",24789,24790,0,0,1,"CHH",1
"4925","phage_lambda",24793,24794,0,0,1,"CHH",1
"4926","phage_lambda",24794,24795,0,0,1,"CHH",1
"4927","phage_lambda",24796,24797,0,0,1,"CHH",1
"4928","phage_lambda",24809,24810,0,0,1,"CHH",1
"4929","phage_lambda",24813,24814,0,0,1,"CHH",1
"4930","phage_lambda",24816,24817,0,0,1,"CHH",1
"4931","phage_lambda",24831,24832,0,0,1,"CHH",1
"4932","phage_lambda",24833,24834,0,0,1,"CHH",1
"4933","phage_lambda",24858,24859,0,0,1,"CHH",1
"4934","phage_lambda",25306,25307,0,0,1,"CHH",1
"4935","phage_lambda",25345,25346,0,0,1,"CHH",1
"4936","phage_lambda",25356,25357,0,0,1,"CHH",1
"4937","phage_lambda",25370,25371,0,0,1,"CHH",1
"4938","phage_lambda",25380,25381,0,0,1,"CHH",1
"4939","phage_lambda",25383,25384,0,0,1,"CHH",1
"4940","phage_lambda",25385,25386,0,0,1,"CHH",1
"4941","phage_lambda",25386,25387,0,0,1,"CHH",1
"4942","phage_lambda",25389,25390,0,0,1,"CHH",1
"4943","phage_lambda",25400,25401,0,0,2,"CHH",2
"4944","phage_lambda",25484,25485,0,0,2,"CHH",2
"4945","phage_lambda",25488,25489,0,0,2,"CHH",2
"4946","phage_lambda",25489,25490,50,1,1,"CHH",2
"4947","phage_lambda",25498,25499,0,0,2,"CHH",2
"4948","phage_lambda",25502,25503,0,0,2,"CHH",2
"4949","phage_lambda",25530,25531,0,0,2,"CHH",2
"4950","phage_lambda",25532,25533,0,0,2,"CHH",2
"4951","phage_lambda",25533,25534,0,0,2,"CHH",2
"4952","phage_lambda",25535,25536,0,0,2,"CHH",2
"4953","phage_lambda",25536,25537,0,0,2,"CHH",2
"4954","phage_lambda",25549,25550,0,0,2,"CHH",2
"4955","phage_lambda",25559,25560,0,0,1,"CHH",1
"4956","phage_lambda",25799,25800,0,0,1,"CHH",1
"4957","phage_lambda",25811,25812,0,0,1,"CHH",1
"4958","phage_lambda",25818,25819,0,0,1,"CHH",1
"4959","phage_lambda",25825,25826,0,0,1,"CHH",1
"4960","phage_lambda",25826,25827,0,0,1,"CHH",1
"4961","phage_lambda",25832,25833,0,0,1,"CHH",1
"4962","phage_lambda",25835,25836,0,0,1,"CHH",1
"4963","phage_lambda",25838,25839,0,0,1,"CHH",1
"4964","phage_lambda",25843,25844,0,0,1,"CHH",1
"4965","phage_lambda",25846,25847,0,0,1,"CHH",1
"4966","phage_lambda",25848,25849,0,0,1,"CHH",1
"4967","phage_lambda",25852,25853,0,0,1,"CHH",1
"4968","phage_lambda",25862,25863,0,0,1,"CHH",1
"4969","phage_lambda",25867,25868,0,0,1,"CHH",1
"4970","phage_lambda",25868,25869,0,0,1,"CHH",1
"4971","phage_lambda",25871,25872,0,0,1,"CHH",1
"4972","phage_lambda",25873,25874,0,0,1,"CHH",1
"4973","phage_lambda",25878,25879,0,0,1,"CHH",1
"4974","phage_lambda",25879,25880,0,0,1,"CHH",1
"4975","phage_lambda",25881,25882,0,0,1,"CHH",1
"4976","phage_lambda",25889,25890,0,0,1,"CHH",1
"4977","phage_lambda",25902,25903,0,0,1,"CHH",1
"4978","phage_lambda",25908,25909,0,0,1,"CHH",1
"4979","phage_lambda",25924,25925,50,1,1,"CHH",2
"4980","phage_lambda",25926,25927,0,0,2,"CHH",2
"4981","phage_lambda",25946,25947,0,0,2,"CHH",2
"4982","phage_lambda",25954,25955,0,0,2,"CHH",2
"4983","phage_lambda",25955,25956,50,1,1,"CHH",2
"4984","phage_lambda",25984,25985,0,0,2,"CHH",2
"4985","phage_lambda",25989,25990,0,0,2,"CHH",2
"4986","phage_lambda",25991,25992,0,0,2,"CHH",2
"4987","phage_lambda",25992,25993,0,0,2,"CHH",2
"4988","phage_lambda",25998,25999,0,0,2,"CHH",2
"4989","phage_lambda",26000,26001,50,1,1,"CHH",2
"4990","phage_lambda",26011,26012,0,0,2,"CHH",2
"4991","phage_lambda",26016,26017,0,0,2,"CHH",2
"4992","phage_lambda",26033,26034,0,0,2,"CHH",2
"4993","phage_lambda",26040,26041,0,0,2,"CHH",2
"4994","phage_lambda",26044,26045,0,0,2,"CHH",2
"4995","phage_lambda",26051,26052,50,1,1,"CHH",2
"4996","phage_lambda",26057,26058,50,1,1,"CHH",2
"4997","phage_lambda",26060,26061,50,1,1,"CHH",2
"4998","phage_lambda",26095,26096,0,0,2,"CHH",2
"4999","phage_lambda",26103,26104,0,0,2,"CHH",2
"5000","phage_lambda",26112,26113,0,0,2,"CHH",2
"5001","phage_lambda",26117,26118,0,0,2,"CHH",2
"5002","phage_lambda",26122,26123,0,0,1,"CHH",1
"5003","phage_lambda",26123,26124,0,0,1,"CHH",1
"5004","phage_lambda",26126,26127,50,1,1,"CHH",2
"5005","phage_lambda",26128,26129,0,0,2,"CHH",2
"5006","phage_lambda",26137,26138,0,0,1,"CHH",1
"5007","phage_lambda",26142,26143,0,0,2,"CHH",2
"5008","phage_lambda",26146,26147,100,1,0,"CHH",1
"5009","phage_lambda",26150,26151,0,0,1,"CHH",1
"5010","phage_lambda",26154,26155,0,0,1,"CHH",1
"5011","phage_lambda",26157,26158,0,0,1,"CHH",1
"5012","phage_lambda",26159,26160,100,1,0,"CHH",1
"5013","phage_lambda",26161,26162,0,0,1,"CHH",1
"5014","phage_lambda",26162,26163,0,0,1,"CHH",1
"5015","phage_lambda",26172,26173,0,0,1,"CHH",1
"5016","phage_lambda",26177,26178,0,0,1,"CHH",1
"5017","phage_lambda",26179,26180,0,0,1,"CHH",1
"5018","phage_lambda",26182,26183,0,0,1,"CHH",1
"5019","phage_lambda",26183,26184,0,0,1,"CHH",1
"5020","phage_lambda",26188,26189,0,0,1,"CHH",1
"5021","phage_lambda",26192,26193,0,0,1,"CHH",1
"5022","phage_lambda",26193,26194,100,1,0,"CHH",1
"5023","phage_lambda",26198,26199,0,0,1,"CHH",1
"5024","phage_lambda",26201,26202,0,0,1,"CHH",1
"5025","phage_lambda",26204,26205,0,0,1,"CHH",1
"5026","phage_lambda",26209,26210,0,0,1,"CHH",1
"5027","phage_lambda",26210,26211,0,0,1,"CHH",1
"5028","phage_lambda",26212,26213,0,0,1,"CHH",1
"5029","phage_lambda",26213,26214,0,0,1,"CHH",1
"5030","phage_lambda",26215,26216,0,0,1,"CHH",1
"5031","phage_lambda",26221,26222,0,0,1,"CHH",1
"5032","phage_lambda",26222,26223,0,0,1,"CHH",1
"5033","phage_lambda",26225,26226,0,0,1,"CHH",1
"5034","phage_lambda",26230,26231,0,0,1,"CHH",1
"5035","phage_lambda",26231,26232,0,0,1,"CHH",1
"5036","phage_lambda",26233,26234,0,0,1,"CHH",1
"5037","phage_lambda",26249,26250,0,0,1,"CHH",1
"5038","phage_lambda",26252,26253,0,0,1,"CHH",1
"5039","phage_lambda",26272,26273,0,0,2,"CHH",2
"5040","phage_lambda",26273,26274,0,0,2,"CHH",2
"5041","phage_lambda",26274,26275,0,0,2,"CHH",2
"5042","phage_lambda",26281,26282,0,0,2,"CHH",2
"5043","phage_lambda",26291,26292,0,0,1,"CHH",1
"5044","phage_lambda",26307,26308,0,0,1,"CHH",1
"5045","phage_lambda",26322,26323,0,0,1,"CHH",1
"5046","phage_lambda",26330,26331,0,0,1,"CHH",1
"5047","phage_lambda",26331,26332,0,0,1,"CHH",1
"5048","phage_lambda",26334,26335,0,0,1,"CHH",1
"5049","phage_lambda",26335,26336,0,0,1,"CHH",1
"5050","phage_lambda",26337,26338,0,0,1,"CHH",1
"5051","phage_lambda",26341,26342,0,0,1,"CHH",1
"5052","phage_lambda",26365,26366,0,0,1,"CHH",1
"5053","phage_lambda",26368,26369,0,0,1,"CHH",1
"5054","phage_lambda",26566,26567,0,0,1,"CHH",1
"5055","phage_lambda",26567,26568,0,0,1,"CHH",1
"5056","phage_lambda",26569,26570,0,0,1,"CHH",1
"5057","phage_lambda",26593,26594,0,0,1,"CHH",1
"5058","phage_lambda",26597,26598,0,0,1,"CHH",1
"5059","phage_lambda",26603,26604,0,0,1,"CHH",1
"5060","phage_lambda",26612,26613,0,0,1,"CHH",1
"5061","phage_lambda",26625,26626,0,0,1,"CHH",1
"5062","phage_lambda",26626,26627,0,0,1,"CHH",1
"5063","phage_lambda",26630,26631,0,0,1,"CHH",1
"5064","phage_lambda",26633,26634,0,0,1,"CHH",1
"5065","phage_lambda",26639,26640,0,0,1,"CHH",1
"5066","phage_lambda",26648,26649,0,0,1,"CHH",1
"5067","phage_lambda",26671,26672,0,0,1,"CHH",1
"5068","phage_lambda",26672,26673,0,0,1,"CHH",1
"5069","phage_lambda",26677,26678,0,0,1,"CHH",1
"5070","phage_lambda",26696,26697,0,0,1,"CHH",1
"5071","phage_lambda",26705,26706,0,0,1,"CHH",1
"5072","phage_lambda",26710,26711,0,0,1,"CHH",1
"5073","phage_lambda",26714,26715,0,0,1,"CHH",1
"5074","phage_lambda",26716,26717,0,0,1,"CHH",1
"5075","phage_lambda",26717,26718,0,0,1,"CHH",1
"5076","phage_lambda",26730,26731,0,0,1,"CHH",1
"5077","phage_lambda",26759,26760,0,0,1,"CHH",1
"5078","phage_lambda",26780,26781,0,0,1,"CHH",1
"5079","phage_lambda",26783,26784,0,0,1,"CHH",1
"5080","phage_lambda",26786,26787,0,0,1,"CHH",1
"5081","phage_lambda",26794,26795,0,0,1,"CHH",1
"5082","phage_lambda",26795,26796,0,0,1,"CHH",1
"5083","phage_lambda",26798,26799,0,0,1,"CHH",1
"5084","phage_lambda",26803,26804,0,0,1,"CHH",1
"5085","phage_lambda",26804,26805,0,0,1,"CHH",1
"5086","phage_lambda",26840,26841,0,0,1,"CHH",1
"5087","phage_lambda",26850,26851,0,0,1,"CHH",1
"5088","phage_lambda",26858,26859,0,0,1,"CHH",1
"5089","phage_lambda",26869,26870,0,0,1,"CHH",1
"5090","phage_lambda",26877,26878,0,0,1,"CHH",1
"5091","phage_lambda",26878,26879,0,0,1,"CHH",1
"5092","phage_lambda",26883,26884,0,0,1,"CHH",1
"5093","phage_lambda",27027,27028,0,0,1,"CHH",1
"5094","phage_lambda",27041,27042,100,1,0,"CHH",1
"5095","phage_lambda",27079,27080,0,0,1,"CHH",1
"5096","phage_lambda",27082,27083,0,0,1,"CHH",1
"5097","phage_lambda",27087,27088,0,0,1,"CHH",1
"5098","phage_lambda",27098,27099,0,0,1,"CHH",1
"5099","phage_lambda",27099,27100,0,0,1,"CHH",1
"5100","phage_lambda",27109,27110,0,0,1,"CHH",1
"5101","phage_lambda",27570,27571,0,0,1,"CHH",1
"5102","phage_lambda",27573,27574,0,0,1,"CHH",1
"5103","phage_lambda",27578,27579,0,0,1,"CHH",1
"5104","phage_lambda",27579,27580,0,0,1,"CHH",1
"5105","phage_lambda",27590,27591,0,0,1,"CHH",1
"5106","phage_lambda",27592,27593,0,0,1,"CHH",1
"5107","phage_lambda",27594,27595,0,0,1,"CHH",1
"5108","phage_lambda",27600,27601,0,0,1,"CHH",1
"5109","phage_lambda",27601,27602,0,0,1,"CHH",1
"5110","phage_lambda",27604,27605,0,0,1,"CHH",1
"5111","phage_lambda",27608,27609,0,0,1,"CHH",1
"5112","phage_lambda",27611,27612,0,0,1,"CHH",1
"5113","phage_lambda",27614,27615,0,0,1,"CHH",1
"5114","phage_lambda",27618,27619,0,0,1,"CHH",1
"5115","phage_lambda",27622,27623,0,0,1,"CHH",1
"5116","phage_lambda",27624,27625,0,0,1,"CHH",1
"5117","phage_lambda",27629,27630,0,0,1,"CHH",1
"5118","phage_lambda",27634,27635,0,0,1,"CHH",1
"5119","phage_lambda",27637,27638,0,0,1,"CHH",1
"5120","phage_lambda",27639,27640,0,0,1,"CHH",1
"5121","phage_lambda",27654,27655,0,0,1,"CHH",1
"5122","phage_lambda",27657,27658,0,0,1,"CHH",1
"5123","phage_lambda",27670,27671,0,0,1,"CHH",1
"5124","phage_lambda",27671,27672,0,0,1,"CHH",1
"5125","phage_lambda",27677,27678,0,0,1,"CHH",1
"5126","phage_lambda",27692,27693,0,0,1,"CHH",1
"5127","phage_lambda",27703,27704,0,0,2,"CHH",2
"5128","phage_lambda",27715,27716,0,0,2,"CHH",2
"5129","phage_lambda",27724,27725,100,1,0,"CHH",1
"5130","phage_lambda",27734,27735,100,1,0,"CHH",1
"5131","phage_lambda",27743,27744,0,0,1,"CHH",1
"5132","phage_lambda",27756,27757,100,1,0,"CHH",1
"5133","phage_lambda",27761,27762,0,0,1,"CHH",1
"5134","phage_lambda",27766,27767,0,0,1,"CHH",1
"5135","phage_lambda",27776,27777,0,0,1,"CHH",1
"5136","phage_lambda",27786,27787,0,0,1,"CHH",1
"5137","phage_lambda",27788,27789,0,0,2,"CHH",2
"5138","phage_lambda",27790,27791,0,0,2,"CHH",2
"5139","phage_lambda",27798,27799,0,0,2,"CHH",2
"5140","phage_lambda",27809,27810,0,0,2,"CHH",2
"5141","phage_lambda",27817,27818,0,0,1,"CHH",1
"5142","phage_lambda",27822,27823,0,0,3,"CHH",3
"5143","phage_lambda",27829,27830,0,0,1,"CHH",1
"5144","phage_lambda",27831,27832,0,0,3,"CHH",3
"5145","phage_lambda",27832,27833,0,0,3,"CHH",3
"5146","phage_lambda",27833,27834,0,0,3,"CHH",3
"5147","phage_lambda",27835,27836,0,0,3,"CHH",3
"5148","phage_lambda",27837,27838,0,0,3,"CHH",3
"5149","phage_lambda",27838,27839,0,0,3,"CHH",3
"5150","phage_lambda",27842,27843,0,0,3,"CHH",3
"5151","phage_lambda",27843,27844,0,0,3,"CHH",3
"5152","phage_lambda",27849,27850,0,0,3,"CHH",3
"5153","phage_lambda",27852,27853,0,0,3,"CHH",3
"5154","phage_lambda",27867,27868,0,0,3,"CHH",3
"5155","phage_lambda",27868,27869,0,0,3,"CHH",3
"5156","phage_lambda",27880,27881,0,0,2,"CHH",2
"5157","phage_lambda",27886,27887,0,0,3,"CHH",3
"5158","phage_lambda",27903,27904,0,0,3,"CHH",3
"5159","phage_lambda",27907,27908,0,0,2,"CHH",2
"5160","phage_lambda",27914,27915,0,0,2,"CHH",2
"5161","phage_lambda",27922,27923,0,0,2,"CHH",2
"5162","phage_lambda",27925,27926,0,0,2,"CHH",2
"5163","phage_lambda",27927,27928,0,0,2,"CHH",2
"5164","phage_lambda",27935,27936,0,0,2,"CHH",2
"5165","phage_lambda",27943,27944,0,0,2,"CHH",2
"5166","phage_lambda",27952,27953,0,0,2,"CHH",2
"5167","phage_lambda",27955,27956,0,0,2,"CHH",2
"5168","phage_lambda",27975,27976,0,0,1,"CHH",1
"5169","phage_lambda",27976,27977,0,0,1,"CHH",1
"5170","phage_lambda",27977,27978,0,0,1,"CHH",1
"5171","phage_lambda",27978,27979,0,0,1,"CHH",1
"5172","phage_lambda",27992,27993,0,0,1,"CHH",1
"5173","phage_lambda",27998,27999,0,0,1,"CHH",1
"5174","phage_lambda",27999,28000,0,0,1,"CHH",1
"5175","phage_lambda",28007,28008,0,0,2,"CHH",2
"5176","phage_lambda",28012,28013,0,0,1,"CHH",1
"5177","phage_lambda",28021,28022,0,0,1,"CHH",1
"5178","phage_lambda",28022,28023,0,0,1,"CHH",1
"5179","phage_lambda",28025,28026,0,0,2,"CHH",2
"5180","phage_lambda",28033,28034,0,0,2,"CHH",2
"5181","phage_lambda",28040,28041,0,0,2,"CHH",2
"5182","phage_lambda",28044,28045,0,0,2,"CHH",2
"5183","phage_lambda",28058,28059,0,0,2,"CHH",2
"5184","phage_lambda",28061,28062,0,0,2,"CHH",2
"5185","phage_lambda",28064,28065,0,0,2,"CHH",2
"5186","phage_lambda",28065,28066,0,0,1,"CHH",1
"5187","phage_lambda",28072,28073,0,0,2,"CHH",2
"5188","phage_lambda",28073,28074,0,0,2,"CHH",2
"5189","phage_lambda",28191,28192,0,0,1,"CHH",1
"5190","phage_lambda",28202,28203,0,0,1,"CHH",1
"5191","phage_lambda",28203,28204,0,0,1,"CHH",1
"5192","phage_lambda",28206,28207,0,0,1,"CHH",1
"5193","phage_lambda",28219,28220,0,0,1,"CHH",1
"5194","phage_lambda",28220,28221,0,0,1,"CHH",1
"5195","phage_lambda",28222,28223,0,0,1,"CHH",1
"5196","phage_lambda",28225,28226,0,0,1,"CHH",1
"5197","phage_lambda",28232,28233,0,0,1,"CHH",1
"5198","phage_lambda",28239,28240,0,0,1,"CHH",1
"5199","phage_lambda",28241,28242,100,1,0,"CHH",1
"5200","phage_lambda",28242,28243,0,0,1,"CHH",1
"5201","phage_lambda",28245,28246,0,0,2,"CHH",2
"5202","phage_lambda",28252,28253,0,0,2,"CHH",2
"5203","phage_lambda",28260,28261,0,0,2,"CHH",2
"5204","phage_lambda",28266,28267,0,0,2,"CHH",2
"5205","phage_lambda",28272,28273,0,0,2,"CHH",2
"5206","phage_lambda",28273,28274,0,0,2,"CHH",2
"5207","phage_lambda",28278,28279,0,0,2,"CHH",2
"5208","phage_lambda",28288,28289,0,0,2,"CHH",2
"5209","phage_lambda",28289,28290,0,0,2,"CHH",2
"5210","phage_lambda",28292,28293,0,0,2,"CHH",2
"5211","phage_lambda",28311,28312,0,0,2,"CHH",2
"5212","phage_lambda",28346,28347,0,0,1,"CHH",1
"5213","phage_lambda",28352,28353,0,0,1,"CHH",1
"5214","phage_lambda",28354,28355,0,0,1,"CHH",1
"5215","phage_lambda",28355,28356,0,0,1,"CHH",1
"5216","phage_lambda",28359,28360,0,0,1,"CHH",1
"5217","phage_lambda",28360,28361,0,0,1,"CHH",1
"5218","phage_lambda",28389,28390,100,1,0,"CHH",1
"5219","phage_lambda",28409,28410,100,1,0,"CHH",1
"5220","phage_lambda",28410,28411,100,1,0,"CHH",1
"5221","phage_lambda",28416,28417,100,1,0,"CHH",1
"5222","phage_lambda",28422,28423,100,1,0,"CHH",1
"5223","phage_lambda",28423,28424,100,1,0,"CHH",1
"5224","phage_lambda",28425,28426,100,1,0,"CHH",1
"5225","phage_lambda",28434,28435,100,1,0,"CHH",1
"5226","phage_lambda",28439,28440,100,1,0,"CHH",1
"5227","phage_lambda",28459,28460,100,1,0,"CHH",1
"5228","phage_lambda",28473,28474,100,1,0,"CHH",1
"5229","phage_lambda",28474,28475,100,1,0,"CHH",1
"5230","phage_lambda",28478,28479,100,1,0,"CHH",1
"5231","phage_lambda",28479,28480,100,1,0,"CHH",1
"5232","phage_lambda",28480,28481,100,1,0,"CHH",1
"5233","phage_lambda",28485,28486,100,1,0,"CHH",1
"5234","phage_lambda",28493,28494,100,1,0,"CHH",1
"5235","phage_lambda",28494,28495,100,1,0,"CHH",1
"5236","phage_lambda",28501,28502,100,1,0,"CHH",1
"5237","phage_lambda",28509,28510,100,1,0,"CHH",1
"5238","phage_lambda",28515,28516,100,1,0,"CHH",1
"5239","phage_lambda",28530,28531,100,1,0,"CHH",1
"5240","phage_lambda",28533,28534,100,1,0,"CHH",1
"5241","phage_lambda",28536,28537,0,0,1,"CHH",1
"5242","phage_lambda",28538,28539,0,0,1,"CHH",1
"5243","phage_lambda",28539,28540,0,0,1,"CHH",1
"5244","phage_lambda",28541,28542,0,0,1,"CHH",1
"5245","phage_lambda",28542,28543,100,1,0,"CHH",1
"5246","phage_lambda",28548,28549,0,0,1,"CHH",1
"5247","phage_lambda",28553,28554,100,1,0,"CHH",1
"5248","phage_lambda",28554,28555,100,1,0,"CHH",1
"5249","phage_lambda",28555,28556,100,1,0,"CHH",1
"5250","phage_lambda",28556,28557,100,1,0,"CHH",1
"5251","phage_lambda",28558,28559,100,1,0,"CHH",1
"5252","phage_lambda",28559,28560,100,1,0,"CHH",1
"5253","phage_lambda",28565,28566,0,0,1,"CHH",1
"5254","phage_lambda",28566,28567,50,1,1,"CHH",2
"5255","phage_lambda",28576,28577,0,0,1,"CHH",1
"5256","phage_lambda",28577,28578,50,1,1,"CHH",2
"5257","phage_lambda",28579,28580,50,1,1,"CHH",2
"5258","phage_lambda",28582,28583,0,0,1,"CHH",1
"5259","phage_lambda",28591,28592,0,0,1,"CHH",1
"5260","phage_lambda",28593,28594,0,0,1,"CHH",1
"5261","phage_lambda",28595,28596,0,0,1,"CHH",1
"5262","phage_lambda",28597,28598,0,0,1,"CHH",1
"5263","phage_lambda",28603,28604,0,0,1,"CHH",1
"5264","phage_lambda",28606,28607,0,0,1,"CHH",1
"5265","phage_lambda",28610,28611,0,0,1,"CHH",1
"5266","phage_lambda",28611,28612,0,0,1,"CHH",1
"5267","phage_lambda",28619,28620,0,0,1,"CHH",1
"5268","phage_lambda",28620,28621,0,0,1,"CHH",1
"5269","phage_lambda",28624,28625,0,0,1,"CHH",1
"5270","phage_lambda",28636,28637,0,0,1,"CHH",1
"5271","phage_lambda",28641,28642,0,0,1,"CHH",1
"5272","phage_lambda",28644,28645,0,0,1,"CHH",1
"5273","phage_lambda",28645,28646,0,0,1,"CHH",1
"5274","phage_lambda",28646,28647,0,0,1,"CHH",1
"5275","phage_lambda",28649,28650,0,0,1,"CHH",1
"5276","phage_lambda",28653,28654,0,0,1,"CHH",1
"5277","phage_lambda",28671,28672,0,0,1,"CHH",1
"5278","phage_lambda",28678,28679,0,0,1,"CHH",1
"5279","phage_lambda",28682,28683,0,0,1,"CHH",1
"5280","phage_lambda",28694,28695,0,0,1,"CHH",1
"5281","phage_lambda",28695,28696,0,0,1,"CHH",1
"5282","phage_lambda",28696,28697,0,0,1,"CHH",1
"5283","phage_lambda",28709,28710,0,0,1,"CHH",1
"5284","phage_lambda",28720,28721,0,0,1,"CHH",1
"5285","phage_lambda",28722,28723,0,0,1,"CHH",1
"5286","phage_lambda",28731,28732,0,0,1,"CHH",1
"5287","phage_lambda",28740,28741,0,0,1,"CHH",1
"5288","phage_lambda",28759,28760,0,0,1,"CHH",1
"5289","phage_lambda",28764,28765,0,0,1,"CHH",1
"5290","phage_lambda",28769,28770,0,0,1,"CHH",1
"5291","phage_lambda",28770,28771,0,0,1,"CHH",1
"5292","phage_lambda",28775,28776,0,0,1,"CHH",1
"5293","phage_lambda",28776,28777,0,0,1,"CHH",1
"5294","phage_lambda",28780,28781,0,0,1,"CHH",1
"5295","phage_lambda",28782,28783,0,0,1,"CHH",1
"5296","phage_lambda",28787,28788,0,0,1,"CHH",1
"5297","phage_lambda",28792,28793,0,0,1,"CHH",1
"5298","phage_lambda",28793,28794,0,0,1,"CHH",1
"5299","phage_lambda",28800,28801,0,0,1,"CHH",1
"5300","phage_lambda",28801,28802,0,0,1,"CHH",1
"5301","phage_lambda",29026,29027,0,0,1,"CHH",1
"5302","phage_lambda",29027,29028,0,0,1,"CHH",1
"5303","phage_lambda",29034,29035,0,0,1,"CHH",1
"5304","phage_lambda",29035,29036,0,0,1,"CHH",1
"5305","phage_lambda",29045,29046,0,0,1,"CHH",1
"5306","phage_lambda",29049,29050,0,0,1,"CHH",1
"5307","phage_lambda",29065,29066,100,1,0,"CHH",1
"5308","phage_lambda",29067,29068,0,0,1,"CHH",1
"5309","phage_lambda",29072,29073,0,0,1,"CHH",1
"5310","phage_lambda",29084,29085,0,0,1,"CHH",1
"5311","phage_lambda",29104,29105,0,0,1,"CHH",1
"5312","phage_lambda",29121,29122,100,1,0,"CHH",1
"5313","phage_lambda",29128,29129,0,0,1,"CHH",1
"5314","phage_lambda",29129,29130,0,0,1,"CHH",1
"5315","phage_lambda",29131,29132,0,0,1,"CHH",1
"5316","phage_lambda",29159,29160,0,0,1,"CHH",1
"5317","phage_lambda",29160,29161,0,0,1,"CHH",1
"5318","phage_lambda",29173,29174,0,0,1,"CHH",1
"5319","phage_lambda",29175,29176,0,0,1,"CHH",1
"5320","phage_lambda",29200,29201,0,0,2,"CHH",2
"5321","phage_lambda",29201,29202,0,0,2,"CHH",2
"5322","phage_lambda",29207,29208,0,0,2,"CHH",2
"5323","phage_lambda",29216,29217,0,0,2,"CHH",2
"5324","phage_lambda",29219,29220,0,0,2,"CHH",2
"5325","phage_lambda",29243,29244,0,0,2,"CHH",2
"5326","phage_lambda",29247,29248,0,0,2,"CHH",2
"5327","phage_lambda",29248,29249,0,0,2,"CHH",2
"5328","phage_lambda",29270,29271,0,0,2,"CHH",2
"5329","phage_lambda",29279,29280,0,0,1,"CHH",1
"5330","phage_lambda",29281,29282,0,0,1,"CHH",1
"5331","phage_lambda",29316,29317,0,0,1,"CHH",1
"5332","phage_lambda",29320,29321,0,0,1,"CHH",1
"5333","phage_lambda",29345,29346,0,0,1,"CHH",1
"5334","phage_lambda",29347,29348,0,0,1,"CHH",1
"5335","phage_lambda",29351,29352,0,0,1,"CHH",1
"5336","phage_lambda",29352,29353,0,0,1,"CHH",1
"5337","phage_lambda",29356,29357,0,0,1,"CHH",1
"5338","phage_lambda",29429,29430,0,0,1,"CHH",1
"5339","phage_lambda",29441,29442,0,0,1,"CHH",1
"5340","phage_lambda",29469,29470,0,0,1,"CHH",1
"5341","phage_lambda",29476,29477,0,0,1,"CHH",1
"5342","phage_lambda",29477,29478,0,0,1,"CHH",1
"5343","phage_lambda",29478,29479,0,0,1,"CHH",1
"5344","phage_lambda",29479,29480,0,0,1,"CHH",1
"5345","phage_lambda",29484,29485,0,0,1,"CHH",1
"5346","phage_lambda",29494,29495,0,0,1,"CHH",1
"5347","phage_lambda",29496,29497,0,0,1,"CHH",1
"5348","phage_lambda",29504,29505,0,0,1,"CHH",1
"5349","phage_lambda",29505,29506,0,0,1,"CHH",1
"5350","phage_lambda",29508,29509,0,0,1,"CHH",1
"5351","phage_lambda",29511,29512,0,0,1,"CHH",1
"5352","phage_lambda",29512,29513,0,0,1,"CHH",1
"5353","phage_lambda",29520,29521,0,0,1,"CHH",1
"5354","phage_lambda",29524,29525,0,0,1,"CHH",1
"5355","phage_lambda",29529,29530,0,0,1,"CHH",1
"5356","phage_lambda",29531,29532,0,0,1,"CHH",1
"5357","phage_lambda",29537,29538,0,0,1,"CHH",1
"5358","phage_lambda",29542,29543,0,0,1,"CHH",1
"5359","phage_lambda",29543,29544,0,0,1,"CHH",1
"5360","phage_lambda",29546,29547,0,0,1,"CHH",1
"5361","phage_lambda",29549,29550,0,0,1,"CHH",1
"5362","phage_lambda",29552,29553,0,0,1,"CHH",1
"5363","phage_lambda",29558,29559,0,0,1,"CHH",1
"5364","phage_lambda",29560,29561,0,0,1,"CHH",1
"5365","phage_lambda",29561,29562,0,0,1,"CHH",1
"5366","phage_lambda",29567,29568,0,0,2,"CHH",2
"5367","phage_lambda",29570,29571,0,0,2,"CHH",2
"5368","phage_lambda",29575,29576,0,0,1,"CHH",1
"5369","phage_lambda",29578,29579,0,0,2,"CHH",2
"5370","phage_lambda",29579,29580,0,0,2,"CHH",2
"5371","phage_lambda",29581,29582,0,0,2,"CHH",2
"5372","phage_lambda",29583,29584,0,0,1,"CHH",1
"5373","phage_lambda",29586,29587,0,0,2,"CHH",2
"5374","phage_lambda",29588,29589,0,0,1,"CHH",1
"5375","phage_lambda",29599,29600,0,0,1,"CHH",1
"5376","phage_lambda",29601,29602,0,0,1,"CHH",1
"5377","phage_lambda",29604,29605,0,0,1,"CHH",1
"5378","phage_lambda",29608,29609,0,0,1,"CHH",1
"5379","phage_lambda",29615,29616,0,0,1,"CHH",1
"5380","phage_lambda",29616,29617,0,0,1,"CHH",1
"5381","phage_lambda",29617,29618,0,0,1,"CHH",1
"5382","phage_lambda",29621,29622,0,0,1,"CHH",1
"5383","phage_lambda",29627,29628,0,0,1,"CHH",1
"5384","phage_lambda",29628,29629,0,0,1,"CHH",1
"5385","phage_lambda",29634,29635,0,0,1,"CHH",1
"5386","phage_lambda",29636,29637,0,0,1,"CHH",1
"5387","phage_lambda",29640,29641,0,0,1,"CHH",1
"5388","phage_lambda",29642,29643,0,0,1,"CHH",1
"5389","phage_lambda",29646,29647,0,0,1,"CHH",1
"5390","phage_lambda",29650,29651,0,0,1,"CHH",1
"5391","phage_lambda",29652,29653,0,0,1,"CHH",1
"5392","phage_lambda",29662,29663,0,0,1,"CHH",1
"5393","phage_lambda",29664,29665,0,0,1,"CHH",1
"5394","phage_lambda",29665,29666,0,0,1,"CHH",1
"5395","phage_lambda",29668,29669,0,0,1,"CHH",1
"5396","phage_lambda",29669,29670,0,0,1,"CHH",1
"5397","phage_lambda",29673,29674,0,0,1,"CHH",1
"5398","phage_lambda",29677,29678,0,0,1,"CHH",1
"5399","phage_lambda",29687,29688,0,0,1,"CHH",1
"5400","phage_lambda",29701,29702,0,0,1,"CHH",1
"5401","phage_lambda",29705,29706,0,0,1,"CHH",1
"5402","phage_lambda",29711,29712,0,0,1,"CHH",1
"5403","phage_lambda",29716,29717,0,0,1,"CHH",1
"5404","phage_lambda",29726,29727,0,0,2,"CHH",2
"5405","phage_lambda",29738,29739,0,0,1,"CHH",1
"5406","phage_lambda",29744,29745,0,0,2,"CHH",2
"5407","phage_lambda",29748,29749,0,0,2,"CHH",2
"5408","phage_lambda",29750,29751,0,0,2,"CHH",2
"5409","phage_lambda",29757,29758,0,0,1,"CHH",1
"5410","phage_lambda",29760,29761,0,0,1,"CHH",1
"5411","phage_lambda",29767,29768,0,0,1,"CHH",1
"5412","phage_lambda",29769,29770,0,0,1,"CHH",1
"5413","phage_lambda",29776,29777,0,0,1,"CHH",1
"5414","phage_lambda",29781,29782,0,0,2,"CHH",2
"5415","phage_lambda",29782,29783,0,0,1,"CHH",1
"5416","phage_lambda",29791,29792,0,0,2,"CHH",2
"5417","phage_lambda",29794,29795,0,0,2,"CHH",2
"5418","phage_lambda",29811,29812,0,0,1,"CHH",1
"5419","phage_lambda",29817,29818,0,0,1,"CHH",1
"5420","phage_lambda",29819,29820,0,0,1,"CHH",1
"5421","phage_lambda",29822,29823,0,0,1,"CHH",1
"5422","phage_lambda",29829,29830,0,0,1,"CHH",1
"5423","phage_lambda",29835,29836,0,0,1,"CHH",1
"5424","phage_lambda",29845,29846,0,0,1,"CHH",1
"5425","phage_lambda",29847,29848,0,0,1,"CHH",1
"5426","phage_lambda",29849,29850,0,0,1,"CHH",1
"5427","phage_lambda",29851,29852,0,0,1,"CHH",1
"5428","phage_lambda",29853,29854,0,0,1,"CHH",1
"5429","phage_lambda",29854,29855,0,0,1,"CHH",1
"5430","phage_lambda",29858,29859,0,0,1,"CHH",1
"5431","phage_lambda",29861,29862,0,0,1,"CHH",1
"5432","phage_lambda",29867,29868,0,0,1,"CHH",1
"5433","phage_lambda",29868,29869,0,0,1,"CHH",1
"5434","phage_lambda",29879,29880,0,0,1,"CHH",1
"5435","phage_lambda",29882,29883,0,0,1,"CHH",1
"5436","phage_lambda",29887,29888,0,0,1,"CHH",1
"5437","phage_lambda",29898,29899,0,0,1,"CHH",1
"5438","phage_lambda",29902,29903,0,0,1,"CHH",1
"5439","phage_lambda",29905,29906,0,0,1,"CHH",1
"5440","phage_lambda",29911,29912,0,0,1,"CHH",1
"5441","phage_lambda",29912,29913,0,0,1,"CHH",1
"5442","phage_lambda",29913,29914,0,0,1,"CHH",1
"5443","phage_lambda",29917,29918,0,0,1,"CHH",1
"5444","phage_lambda",29919,29920,0,0,1,"CHH",1
"5445","phage_lambda",29920,29921,0,0,1,"CHH",1
"5446","phage_lambda",29922,29923,0,0,1,"CHH",1
"5447","phage_lambda",29923,29924,0,0,1,"CHH",1
"5448","phage_lambda",29926,29927,0,0,1,"CHH",1
"5449","phage_lambda",29927,29928,0,0,1,"CHH",1
"5450","phage_lambda",29962,29963,0,0,2,"CHH",2
"5451","phage_lambda",29971,29972,0,0,2,"CHH",2
"5452","phage_lambda",29996,29997,0,0,2,"CHH",2
"5453","phage_lambda",29998,29999,0,0,2,"CHH",2
"5454","phage_lambda",30001,30002,0,0,2,"CHH",2
"5455","phage_lambda",30007,30008,0,0,2,"CHH",2
"5456","phage_lambda",30009,30010,0,0,2,"CHH",2
"5457","phage_lambda",30020,30021,0,0,2,"CHH",2
"5458","phage_lambda",30035,30036,0,0,2,"CHH",2
"5459","phage_lambda",30038,30039,0,0,2,"CHH",2
"5460","phage_lambda",30039,30040,0,0,2,"CHH",2
"5461","phage_lambda",30052,30053,0,0,3,"CHH",3
"5462","phage_lambda",30055,30056,0,0,3,"CHH",3
"5463","phage_lambda",30073,30074,0,0,3,"CHH",3
"5464","phage_lambda",30076,30077,0,0,3,"CHH",3
"5465","phage_lambda",30082,30083,0,0,2,"CHH",2
"5466","phage_lambda",30090,30091,0,0,3,"CHH",3
"5467","phage_lambda",30094,30095,0,0,3,"CHH",3
"5468","phage_lambda",30103,30104,0,0,2,"CHH",2
"5469","phage_lambda",30110,30111,0,0,2,"CHH",2
"5470","phage_lambda",30114,30115,0,0,2,"CHH",2
"5471","phage_lambda",30116,30117,0,0,1,"CHH",1
"5472","phage_lambda",30117,30118,0,0,1,"CHH",1
"5473","phage_lambda",30118,30119,0,0,1,"CHH",1
"5474","phage_lambda",30130,30131,0,0,1,"CHH",1
"5475","phage_lambda",30132,30133,0,0,1,"CHH",1
"5476","phage_lambda",30133,30134,0,0,1,"CHH",1
"5477","phage_lambda",30143,30144,0,0,1,"CHH",1
"5478","phage_lambda",30145,30146,0,0,1,"CHH",1
"5479","phage_lambda",30152,30153,0,0,1,"CHH",1
"5480","phage_lambda",30178,30179,0,0,2,"CHH",2
"5481","phage_lambda",30181,30182,0,0,1,"CHH",1
"5482","phage_lambda",30182,30183,0,0,3,"CHH",3
"5483","phage_lambda",30184,30185,0,0,3,"CHH",3
"5484","phage_lambda",30187,30188,0,0,3,"CHH",3
"5485","phage_lambda",30197,30198,0,0,2,"CHH",2
"5486","phage_lambda",30198,30199,0,0,2,"CHH",2
"5487","phage_lambda",30199,30200,0,0,2,"CHH",2
"5488","phage_lambda",30208,30209,0,0,1,"CHH",1
"5489","phage_lambda",30211,30212,0,0,2,"CHH",2
"5490","phage_lambda",30217,30218,0,0,2,"CHH",2
"5491","phage_lambda",30218,30219,0,0,2,"CHH",2
"5492","phage_lambda",30224,30225,0,0,2,"CHH",2
"5493","phage_lambda",30226,30227,0,0,2,"CHH",2
"5494","phage_lambda",30230,30231,0,0,1,"CHH",1
"5495","phage_lambda",30242,30243,0,0,1,"CHH",1
"5496","phage_lambda",30245,30246,0,0,1,"CHH",1
"5497","phage_lambda",30250,30251,0,0,1,"CHH",1
"5498","phage_lambda",30254,30255,0,0,1,"CHH",1
"5499","phage_lambda",30258,30259,0,0,3,"CHH",3
"5500","phage_lambda",30262,30263,0,0,3,"CHH",3
"5501","phage_lambda",30268,30269,0,0,3,"CHH",3
"5502","phage_lambda",30271,30272,0,0,3,"CHH",3
"5503","phage_lambda",30280,30281,0,0,3,"CHH",3
"5504","phage_lambda",30284,30285,0,0,3,"CHH",3
"5505","phage_lambda",30286,30287,0,0,3,"CHH",3
"5506","phage_lambda",30294,30295,0,0,1,"CHH",1
"5507","phage_lambda",30295,30296,0,0,1,"CHH",1
"5508","phage_lambda",30297,30298,0,0,1,"CHH",1
"5509","phage_lambda",30301,30302,0,0,2,"CHH",2
"5510","phage_lambda",30302,30303,0,0,2,"CHH",2
"5511","phage_lambda",30307,30308,0,0,2,"CHH",2
"5512","phage_lambda",30310,30311,0,0,1,"CHH",1
"5513","phage_lambda",30311,30312,0,0,1,"CHH",1
"5514","phage_lambda",30316,30317,0,0,1,"CHH",1
"5515","phage_lambda",30317,30318,0,0,1,"CHH",1
"5516","phage_lambda",30325,30326,0,0,2,"CHH",2
"5517","phage_lambda",30330,30331,0,0,2,"CHH",2
"5518","phage_lambda",30331,30332,0,0,1,"CHH",1
"5519","phage_lambda",30332,30333,0,0,1,"CHH",1
"5520","phage_lambda",30340,30341,0,0,1,"CHH",1
"5521","phage_lambda",30349,30350,0,0,1,"CHH",1
"5522","phage_lambda",30353,30354,0,0,1,"CHH",1
"5523","phage_lambda",30361,30362,0,0,2,"CHH",2
"5524","phage_lambda",30364,30365,0,0,2,"CHH",2
"5525","phage_lambda",30372,30373,0,0,1,"CHH",1
"5526","phage_lambda",30373,30374,0,0,2,"CHH",2
"5527","phage_lambda",30378,30379,0,0,1,"CHH",1
"5528","phage_lambda",30380,30381,100,1,0,"CHH",1
"5529","phage_lambda",30392,30393,0,0,1,"CHH",1
"5530","phage_lambda",30394,30395,0,0,1,"CHH",1
"5531","phage_lambda",30401,30402,0,0,1,"CHH",1
"5532","phage_lambda",30402,30403,0,0,1,"CHH",1
"5533","phage_lambda",30404,30405,0,0,1,"CHH",1
"5534","phage_lambda",30420,30421,0,0,1,"CHH",1
"5535","phage_lambda",30423,30424,0,0,1,"CHH",1
"5536","phage_lambda",30429,30430,0,0,1,"CHH",1
"5537","phage_lambda",30430,30431,0,0,1,"CHH",1
"5538","phage_lambda",30432,30433,0,0,1,"CHH",1
"5539","phage_lambda",30436,30437,0,0,1,"CHH",1
"5540","phage_lambda",30437,30438,0,0,1,"CHH",1
"5541","phage_lambda",30440,30441,0,0,1,"CHH",1
"5542","phage_lambda",30443,30444,0,0,1,"CHH",1
"5543","phage_lambda",30444,30445,0,0,1,"CHH",1
"5544","phage_lambda",30446,30447,0,0,1,"CHH",1
"5545","phage_lambda",30449,30450,0,0,1,"CHH",1
"5546","phage_lambda",30455,30456,0,0,1,"CHH",1
"5547","phage_lambda",30458,30459,0,0,1,"CHH",1
"5548","phage_lambda",30459,30460,0,0,1,"CHH",1
"5549","phage_lambda",30468,30469,0,0,1,"CHH",1
"5550","phage_lambda",30472,30473,0,0,1,"CHH",1
"5551","phage_lambda",30476,30477,0,0,1,"CHH",1
"5552","phage_lambda",30483,30484,0,0,1,"CHH",1
"5553","phage_lambda",30486,30487,0,0,1,"CHH",1
"5554","phage_lambda",30497,30498,0,0,1,"CHH",1
"5555","phage_lambda",30498,30499,0,0,1,"CHH",1
"5556","phage_lambda",30500,30501,0,0,1,"CHH",1
"5557","phage_lambda",30502,30503,0,0,1,"CHH",1
"5558","phage_lambda",30504,30505,0,0,1,"CHH",1
"5559","phage_lambda",30506,30507,0,0,1,"CHH",1
"5560","phage_lambda",30509,30510,0,0,1,"CHH",1
"5561","phage_lambda",30528,30529,0,0,1,"CHH",1
"5562","phage_lambda",30547,30548,0,0,1,"CHH",1
"5563","phage_lambda",30576,30577,0,0,1,"CHH",1
"5564","phage_lambda",30579,30580,0,0,1,"CHH",1
"5565","phage_lambda",30738,30739,0,0,1,"CHH",1
"5566","phage_lambda",30749,30750,0,0,1,"CHH",1
"5567","phage_lambda",30754,30755,0,0,1,"CHH",1
"5568","phage_lambda",30775,30776,0,0,1,"CHH",1
"5569","phage_lambda",30776,30777,0,0,1,"CHH",1
"5570","phage_lambda",30777,30778,0,0,1,"CHH",1
"5571","phage_lambda",30801,30802,0,0,1,"CHH",1
"5572","phage_lambda",30804,30805,0,0,1,"CHH",1
"5573","phage_lambda",30814,30815,0,0,1,"CHH",1
"5574","phage_lambda",30820,30821,0,0,1,"CHH",1
"5575","phage_lambda",30827,30828,0,0,1,"CHH",1
"5576","phage_lambda",30860,30861,0,0,1,"CHH",1
"5577","phage_lambda",30929,30930,0,0,1,"CHH",1
"5578","phage_lambda",30935,30936,0,0,1,"CHH",1
"5579","phage_lambda",30942,30943,0,0,1,"CHH",1
"5580","phage_lambda",30950,30951,0,0,1,"CHH",1
"5581","phage_lambda",30956,30957,0,0,1,"CHH",1
"5582","phage_lambda",30957,30958,0,0,1,"CHH",1
"5583","phage_lambda",30959,30960,0,0,1,"CHH",1
"5584","phage_lambda",30969,30970,0,0,1,"CHH",1
"5585","phage_lambda",30972,30973,0,0,1,"CHH",1
"5586","phage_lambda",30973,30974,0,0,1,"CHH",1
"5587","phage_lambda",30980,30981,0,0,1,"CHH",1
"5588","phage_lambda",30990,30991,0,0,1,"CHH",1
"5589","phage_lambda",30991,30992,0,0,1,"CHH",1
"5590","phage_lambda",30999,31000,0,0,1,"CHH",1
"5591","phage_lambda",31000,31001,100,1,0,"CHH",1
"5592","phage_lambda",31003,31004,0,0,1,"CHH",1
"5593","phage_lambda",31005,31006,0,0,1,"CHH",1
"5594","phage_lambda",31009,31010,0,0,1,"CHH",1
"5595","phage_lambda",31013,31014,100,1,0,"CHH",1
"5596","phage_lambda",31017,31018,0,0,1,"CHH",1
"5597","phage_lambda",31019,31020,0,0,1,"CHH",1
"5598","phage_lambda",31021,31022,0,0,1,"CHH",1
"5599","phage_lambda",31027,31028,0,0,1,"CHH",1
"5600","phage_lambda",31033,31034,0,0,1,"CHH",1
"5601","phage_lambda",31039,31040,0,0,1,"CHH",1
"5602","phage_lambda",31040,31041,0,0,1,"CHH",1
"5603","phage_lambda",31042,31043,0,0,1,"CHH",1
"5604","phage_lambda",31043,31044,0,0,1,"CHH",1
"5605","phage_lambda",31046,31047,0,0,1,"CHH",1
"5606","phage_lambda",31051,31052,0,0,1,"CHH",1
"5607","phage_lambda",31055,31056,0,0,1,"CHH",1
"5608","phage_lambda",31060,31061,0,0,1,"CHH",1
"5609","phage_lambda",31062,31063,0,0,1,"CHH",1
"5610","phage_lambda",31066,31067,0,0,1,"CHH",1
"5611","phage_lambda",31067,31068,0,0,1,"CHH",1
"5612","phage_lambda",31068,31069,0,0,1,"CHH",1
"5613","phage_lambda",31071,31072,0,0,1,"CHH",1
"5614","phage_lambda",31075,31076,0,0,1,"CHH",1
"5615","phage_lambda",31084,31085,0,0,1,"CHH",1
"5616","phage_lambda",31090,31091,0,0,1,"CHH",1
"5617","phage_lambda",31102,31103,0,0,1,"CHH",1
"5618","phage_lambda",31108,31109,0,0,1,"CHH",1
"5619","phage_lambda",31113,31114,0,0,2,"CHH",2
"5620","phage_lambda",31114,31115,0,0,2,"CHH",2
"5621","phage_lambda",31135,31136,0,0,2,"CHH",2
"5622","phage_lambda",31137,31138,0,0,2,"CHH",2
"5623","phage_lambda",31141,31142,0,0,2,"CHH",2
"5624","phage_lambda",31142,31143,0,0,2,"CHH",2
"5625","phage_lambda",31147,31148,0,0,2,"CHH",2
"5626","phage_lambda",31149,31150,0,0,2,"CHH",2
"5627","phage_lambda",31182,31183,0,0,2,"CHH",2
"5628","phage_lambda",31185,31186,0,0,2,"CHH",2
"5629","phage_lambda",31190,31191,0,0,2,"CHH",2
"5630","phage_lambda",31192,31193,0,0,2,"CHH",2
"5631","phage_lambda",31238,31239,0,0,1,"CHH",1
"5632","phage_lambda",31247,31248,0,0,1,"CHH",1
"5633","phage_lambda",31248,31249,0,0,1,"CHH",1
"5634","phage_lambda",31266,31267,0,0,2,"CHH",2
"5635","phage_lambda",31267,31268,0,0,2,"CHH",2
"5636","phage_lambda",31272,31273,0,0,1,"CHH",1
"5637","phage_lambda",31292,31293,0,0,1,"CHH",1
"5638","phage_lambda",31300,31301,0,0,1,"CHH",1
"5639","phage_lambda",31303,31304,0,0,1,"CHH",1
"5640","phage_lambda",31310,31311,0,0,1,"CHH",1
"5641","phage_lambda",31312,31313,0,0,1,"CHH",1
"5642","phage_lambda",31316,31317,0,0,1,"CHH",1
"5643","phage_lambda",31338,31339,0,0,1,"CHH",1
"5644","phage_lambda",31340,31341,0,0,1,"CHH",1
"5645","phage_lambda",31341,31342,0,0,1,"CHH",1
"5646","phage_lambda",31344,31345,0,0,1,"CHH",1
"5647","phage_lambda",31358,31359,0,0,1,"CHH",1
"5648","phage_lambda",31390,31391,50,1,1,"CHH",2
"5649","phage_lambda",31410,31411,50,1,1,"CHH",2
"5650","phage_lambda",31443,31444,0,0,2,"CHH",2
"5651","phage_lambda",31475,31476,0,0,1,"CHH",1
"5652","phage_lambda",31479,31480,0,0,1,"CHH",1
"5653","phage_lambda",31500,31501,0,0,1,"CHH",1
"5654","phage_lambda",31506,31507,0,0,1,"CHH",1
"5655","phage_lambda",31509,31510,0,0,1,"CHH",1
"5656","phage_lambda",31510,31511,0,0,1,"CHH",1
"5657","phage_lambda",31515,31516,0,0,1,"CHH",1
"5658","phage_lambda",31522,31523,0,0,1,"CHH",1
"5659","phage_lambda",31621,31622,0,0,1,"CHH",1
"5660","phage_lambda",31623,31624,0,0,1,"CHH",1
"5661","phage_lambda",31624,31625,0,0,1,"CHH",1
"5662","phage_lambda",31632,31633,0,0,1,"CHH",1
"5663","phage_lambda",31646,31647,0,0,1,"CHH",1
"5664","phage_lambda",31647,31648,0,0,1,"CHH",1
"5665","phage_lambda",31653,31654,0,0,1,"CHH",1
"5666","phage_lambda",31676,31677,0,0,1,"CHH",1
"5667","phage_lambda",31678,31679,0,0,1,"CHH",1
"5668","phage_lambda",31680,31681,0,0,1,"CHH",1
"5669","phage_lambda",31684,31685,0,0,1,"CHH",1
"5670","phage_lambda",31710,31711,0,0,1,"CHH",1
"5671","phage_lambda",31713,31714,0,0,1,"CHH",1
"5672","phage_lambda",31719,31720,0,0,1,"CHH",1
"5673","phage_lambda",31720,31721,0,0,1,"CHH",1
"5674","phage_lambda",31744,31745,0,0,1,"CHH",1
"5675","phage_lambda",31746,31747,0,0,1,"CHH",1
"5676","phage_lambda",31758,31759,0,0,1,"CHH",1
"5677","phage_lambda",31759,31760,0,0,1,"CHH",1
"5678","phage_lambda",31765,31766,0,0,1,"CHH",1
"5679","phage_lambda",31792,31793,0,0,1,"CHH",1
"5680","phage_lambda",31798,31799,0,0,1,"CHH",1
"5681","phage_lambda",31804,31805,0,0,1,"CHH",1
"5682","phage_lambda",31819,31820,0,0,1,"CHH",1
"5683","phage_lambda",31830,31831,0,0,1,"CHH",1
"5684","phage_lambda",31844,31845,0,0,1,"CHH",1
"5685","phage_lambda",31848,31849,0,0,1,"CHH",1
"5686","phage_lambda",31849,31850,0,0,1,"CHH",1
"5687","phage_lambda",31851,31852,0,0,1,"CHH",1
"5688","phage_lambda",31853,31854,0,0,1,"CHH",1
"5689","phage_lambda",31854,31855,0,0,1,"CHH",1
"5690","phage_lambda",31857,31858,0,0,1,"CHH",1
"5691","phage_lambda",31860,31861,0,0,1,"CHH",1
"5692","phage_lambda",31861,31862,0,0,1,"CHH",1
"5693","phage_lambda",31872,31873,0,0,1,"CHH",1
"5694","phage_lambda",31877,31878,0,0,1,"CHH",1
"5695","phage_lambda",32110,32111,100,1,0,"CHH",1
"5696","phage_lambda",32135,32136,0,0,1,"CHH",1
"5697","phage_lambda",32136,32137,0,0,1,"CHH",1
"5698","phage_lambda",32143,32144,0,0,1,"CHH",1
"5699","phage_lambda",32153,32154,0,0,1,"CHH",1
"5700","phage_lambda",32166,32167,0,0,1,"CHH",1
"5701","phage_lambda",32177,32178,0,0,1,"CHH",1
"5702","phage_lambda",32178,32179,0,0,1,"CHH",1
"5703","phage_lambda",32190,32191,0,0,1,"CHH",1
"5704","phage_lambda",32192,32193,0,0,1,"CHH",1
"5705","phage_lambda",32207,32208,0,0,1,"CHH",1
"5706","phage_lambda",32208,32209,0,0,1,"CHH",1
"5707","phage_lambda",32226,32227,0,0,1,"CHH",1
"5708","phage_lambda",32228,32229,0,0,1,"CHH",1
"5709","phage_lambda",32231,32232,0,0,1,"CHH",1
"5710","phage_lambda",32258,32259,0,0,1,"CHH",1
"5711","phage_lambda",32262,32263,0,0,1,"CHH",1
"5712","phage_lambda",32279,32280,0,0,1,"CHH",1
"5713","phage_lambda",32297,32298,0,0,1,"CHH",1
"5714","phage_lambda",32303,32304,0,0,1,"CHH",1
"5715","phage_lambda",32321,32322,0,0,1,"CHH",1
"5716","phage_lambda",32322,32323,0,0,1,"CHH",1
"5717","phage_lambda",32331,32332,0,0,1,"CHH",1
"5718","phage_lambda",32345,32346,0,0,1,"CHH",1
"5719","phage_lambda",32346,32347,0,0,1,"CHH",1
"5720","phage_lambda",32353,32354,0,0,1,"CHH",1
"5721","phage_lambda",32369,32370,0,0,1,"CHH",1
"5722","phage_lambda",32370,32371,0,0,1,"CHH",1
"5723","phage_lambda",32371,32372,0,0,1,"CHH",1
"5724","phage_lambda",32374,32375,0,0,1,"CHH",1
"5725","phage_lambda",32412,32413,0,0,1,"CHH",1
"5726","phage_lambda",32417,32418,0,0,1,"CHH",1
"5727","phage_lambda",32421,32422,0,0,1,"CHH",1
"5728","phage_lambda",32422,32423,0,0,1,"CHH",1
"5729","phage_lambda",32467,32468,0,0,1,"CHH",1
"5730","phage_lambda",32480,32481,0,0,1,"CHH",1
"5731","phage_lambda",32496,32497,0,0,1,"CHH",1
"5732","phage_lambda",32502,32503,0,0,1,"CHH",1
"5733","phage_lambda",32510,32511,0,0,1,"CHH",1
"5734","phage_lambda",32522,32523,0,0,1,"CHH",1
"5735","phage_lambda",32528,32529,0,0,1,"CHH",1
"5736","phage_lambda",32543,32544,0,0,1,"CHH",1
"5737","phage_lambda",32552,32553,0,0,1,"CHH",1
"5738","phage_lambda",32555,32556,0,0,1,"CHH",1
"5739","phage_lambda",32558,32559,0,0,1,"CHH",1
"5740","phage_lambda",32594,32595,0,0,1,"CHH",1
"5741","phage_lambda",32611,32612,0,0,1,"CHH",1
"5742","phage_lambda",32615,32616,0,0,1,"CHH",1
"5743","phage_lambda",32616,32617,0,0,1,"CHH",1
"5744","phage_lambda",32644,32645,0,0,1,"CHH",1
"5745","phage_lambda",32645,32646,0,0,1,"CHH",1
"5746","phage_lambda",32654,32655,0,0,1,"CHH",1
"5747","phage_lambda",32657,32658,0,0,1,"CHH",1
"5748","phage_lambda",32658,32659,0,0,1,"CHH",1
"5749","phage_lambda",32673,32674,0,0,1,"CHH",1
"5750","phage_lambda",32678,32679,0,0,1,"CHH",1
"5751","phage_lambda",32694,32695,0,0,1,"CHH",1
"5752","phage_lambda",32709,32710,0,0,1,"CHH",1
"5753","phage_lambda",32717,32718,0,0,1,"CHH",1
"5754","phage_lambda",32866,32867,100,1,0,"CHH",1
"5755","phage_lambda",32875,32876,100,1,0,"CHH",1
"5756","phage_lambda",32877,32878,100,1,0,"CHH",1
"5757","phage_lambda",32883,32884,0,0,1,"CHH",1
"5758","phage_lambda",32884,32885,0,0,1,"CHH",1
"5759","phage_lambda",32887,32888,100,1,0,"CHH",1
"5760","phage_lambda",32890,32891,0,0,1,"CHH",1
"5761","phage_lambda",32892,32893,0,0,1,"CHH",1
"5762","phage_lambda",32899,32900,0,0,1,"CHH",1
"5763","phage_lambda",32901,32902,0,0,1,"CHH",1
"5764","phage_lambda",32904,32905,0,0,1,"CHH",1
"5765","phage_lambda",32910,32911,0,0,1,"CHH",1
"5766","phage_lambda",32913,32914,0,0,1,"CHH",1
"5767","phage_lambda",32924,32925,100,1,0,"CHH",1
"5768","phage_lambda",32929,32930,100,1,0,"CHH",1
"5769","phage_lambda",32930,32931,100,1,0,"CHH",1
"5770","phage_lambda",32938,32939,100,1,0,"CHH",1
"5771","phage_lambda",32942,32943,100,1,0,"CHH",1
"5772","phage_lambda",32949,32950,100,1,0,"CHH",1
"5773","phage_lambda",32950,32951,100,1,0,"CHH",1
"5774","phage_lambda",32955,32956,100,1,0,"CHH",1
"5775","phage_lambda",32961,32962,100,1,0,"CHH",1
"5776","phage_lambda",32968,32969,100,1,0,"CHH",1
"5777","phage_lambda",32973,32974,100,1,0,"CHH",1
"5778","phage_lambda",32986,32987,100,1,0,"CHH",1
"5779","phage_lambda",32988,32989,100,1,0,"CHH",1
"5780","phage_lambda",32992,32993,100,1,0,"CHH",1
"5781","phage_lambda",32993,32994,50,1,1,"CHH",2
"5782","phage_lambda",32994,32995,50,1,1,"CHH",2
"5783","phage_lambda",32998,32999,50,1,1,"CHH",2
"5784","phage_lambda",33010,33011,50,1,1,"CHH",2
"5785","phage_lambda",33044,33045,0,0,1,"CHH",1
"5786","phage_lambda",33048,33049,0,0,1,"CHH",1
"5787","phage_lambda",33055,33056,0,0,1,"CHH",1
"5788","phage_lambda",33058,33059,0,0,1,"CHH",1
"5789","phage_lambda",33060,33061,0,0,1,"CHH",1
"5790","phage_lambda",33077,33078,0,0,1,"CHH",1
"5791","phage_lambda",33084,33085,0,0,1,"CHH",1
"5792","phage_lambda",33684,33685,0,0,1,"CHH",1
"5793","phage_lambda",33695,33696,0,0,1,"CHH",1
"5794","phage_lambda",33705,33706,0,0,1,"CHH",1
"5795","phage_lambda",33717,33718,0,0,1,"CHH",1
"5796","phage_lambda",33726,33727,0,0,1,"CHH",1
"5797","phage_lambda",33730,33731,0,0,1,"CHH",1
"5798","phage_lambda",33744,33745,0,0,1,"CHH",1
"5799","phage_lambda",33790,33791,0,0,1,"CHH",1
"5800","phage_lambda",33819,33820,0,0,1,"CHH",1
"5801","phage_lambda",33820,33821,0,0,1,"CHH",1
"5802","phage_lambda",33826,33827,0,0,1,"CHH",1
"5803","phage_lambda",33834,33835,0,0,1,"CHH",1
"5804","phage_lambda",33846,33847,0,0,1,"CHH",1
"5805","phage_lambda",33852,33853,0,0,1,"CHH",1
"5806","phage_lambda",33992,33993,0,0,1,"CHH",1
"5807","phage_lambda",33999,34000,0,0,1,"CHH",1
"5808","phage_lambda",34007,34008,0,0,1,"CHH",1
"5809","phage_lambda",34014,34015,0,0,1,"CHH",1
"5810","phage_lambda",34027,34028,0,0,1,"CHH",1
"5811","phage_lambda",34028,34029,0,0,1,"CHH",1
"5812","phage_lambda",34032,34033,0,0,1,"CHH",1
"5813","phage_lambda",34043,34044,0,0,2,"CHH",2
"5814","phage_lambda",34048,34049,50,1,1,"CHH",2
"5815","phage_lambda",34066,34067,0,0,2,"CHH",2
"5816","phage_lambda",34078,34079,0,0,2,"CHH",2
"5817","phage_lambda",34079,34080,0,0,2,"CHH",2
"5818","phage_lambda",34090,34091,0,0,2,"CHH",2
"5819","phage_lambda",34098,34099,0,0,2,"CHH",2
"5820","phage_lambda",34101,34102,0,0,2,"CHH",2
"5821","phage_lambda",34115,34116,0,0,2,"CHH",2
"5822","phage_lambda",34123,34124,0,0,2,"CHH",2
"5823","phage_lambda",34132,34133,0,0,2,"CHH",2
"5824","phage_lambda",34147,34148,0,0,2,"CHH",2
"5825","phage_lambda",34184,34185,0,0,2,"CHH",2
"5826","phage_lambda",34199,34200,0,0,1,"CHH",1
"5827","phage_lambda",34209,34210,0,0,1,"CHH",1
"5828","phage_lambda",34220,34221,0,0,1,"CHH",1
"5829","phage_lambda",34227,34228,0,0,1,"CHH",1
"5830","phage_lambda",34236,34237,0,0,1,"CHH",1
"5831","phage_lambda",34245,34246,0,0,1,"CHH",1
"5832","phage_lambda",34250,34251,0,0,1,"CHH",1
"5833","phage_lambda",34262,34263,0,0,1,"CHH",1
"5834","phage_lambda",34276,34277,0,0,1,"CHH",1
"5835","phage_lambda",34282,34283,100,1,0,"CHH",1
"5836","phage_lambda",34294,34295,100,1,0,"CHH",1
"5837","phage_lambda",34300,34301,0,0,1,"CHH",1
"5838","phage_lambda",34305,34306,0,0,1,"CHH",1
"5839","phage_lambda",34322,34323,0,0,1,"CHH",1
"5840","phage_lambda",34323,34324,0,0,1,"CHH",1
"5841","phage_lambda",34326,34327,0,0,1,"CHH",1
"5842","phage_lambda",34523,34524,0,0,1,"CHH",1
"5843","phage_lambda",34525,34526,0,0,1,"CHH",1
"5844","phage_lambda",34535,34536,0,0,1,"CHH",1
"5845","phage_lambda",34538,34539,0,0,1,"CHH",1
"5846","phage_lambda",34539,34540,0,0,1,"CHH",1
"5847","phage_lambda",34544,34545,0,0,1,"CHH",1
"5848","phage_lambda",34546,34547,0,0,1,"CHH",1
"5849","phage_lambda",34548,34549,0,0,1,"CHH",1
"5850","phage_lambda",34551,34552,0,0,1,"CHH",1
"5851","phage_lambda",34552,34553,0,0,1,"CHH",1
"5852","phage_lambda",34555,34556,0,0,1,"CHH",1
"5853","phage_lambda",34561,34562,0,0,1,"CHH",1
"5854","phage_lambda",34573,34574,0,0,1,"CHH",1
"5855","phage_lambda",34574,34575,0,0,1,"CHH",1
"5856","phage_lambda",34577,34578,0,0,1,"CHH",1
"5857","phage_lambda",34578,34579,0,0,1,"CHH",1
"5858","phage_lambda",34580,34581,0,0,2,"CHH",2
"5859","phage_lambda",34586,34587,0,0,2,"CHH",2
"5860","phage_lambda",34593,34594,0,0,1,"CHH",1
"5861","phage_lambda",34594,34595,0,0,2,"CHH",2
"5862","phage_lambda",34595,34596,0,0,2,"CHH",2
"5863","phage_lambda",34606,34607,0,0,1,"CHH",1
"5864","phage_lambda",34607,34608,0,0,2,"CHH",2
"5865","phage_lambda",34616,34617,0,0,1,"CHH",1
"5866","phage_lambda",34622,34623,0,0,1,"CHH",1
"5867","phage_lambda",34637,34638,0,0,2,"CHH",2
"5868","phage_lambda",34638,34639,0,0,2,"CHH",2
"5869","phage_lambda",34640,34641,0,0,2,"CHH",2
"5870","phage_lambda",34649,34650,0,0,3,"CHH",3
"5871","phage_lambda",34660,34661,0,0,3,"CHH",3
"5872","phage_lambda",34665,34666,0,0,3,"CHH",3
"5873","phage_lambda",34667,34668,0,0,3,"CHH",3
"5874","phage_lambda",34671,34672,0,0,3,"CHH",3
"5875","phage_lambda",34679,34680,0,0,3,"CHH",3
"5876","phage_lambda",34683,34684,0,0,3,"CHH",3
"5877","phage_lambda",34694,34695,0,0,2,"CHH",2
"5878","phage_lambda",34707,34708,0,0,2,"CHH",2
"5879","phage_lambda",34713,34714,0,0,2,"CHH",2
"5880","phage_lambda",34719,34720,0,0,2,"CHH",2
"5881","phage_lambda",34739,34740,0,0,2,"CHH",2
"5882","phage_lambda",34750,34751,0,0,2,"CHH",2
"5883","phage_lambda",34760,34761,0,0,2,"CHH",2
"5884","phage_lambda",34787,34788,0,0,1,"CHH",1
"5885","phage_lambda",34792,34793,0,0,1,"CHH",1
"5886","phage_lambda",34793,34794,0,0,1,"CHH",1
"5887","phage_lambda",34805,34806,0,0,1,"CHH",1
"5888","phage_lambda",34809,34810,0,0,1,"CHH",1
"5889","phage_lambda",34827,34828,0,0,1,"CHH",1
"5890","phage_lambda",34828,34829,0,0,1,"CHH",1
"5891","phage_lambda",34829,34830,0,0,1,"CHH",1
"5892","phage_lambda",34991,34992,0,0,1,"CHH",1
"5893","phage_lambda",35006,35007,0,0,1,"CHH",1
"5894","phage_lambda",35008,35009,0,0,1,"CHH",1
"5895","phage_lambda",35014,35015,0,0,1,"CHH",1
"5896","phage_lambda",35019,35020,0,0,1,"CHH",1
"5897","phage_lambda",35020,35021,0,0,1,"CHH",1
"5898","phage_lambda",35032,35033,0,0,1,"CHH",1
"5899","phage_lambda",35039,35040,0,0,1,"CHH",1
"5900","phage_lambda",35044,35045,0,0,1,"CHH",1
"5901","phage_lambda",35046,35047,0,0,1,"CHH",1
"5902","phage_lambda",35047,35048,0,0,1,"CHH",1
"5903","phage_lambda",35072,35073,0,0,1,"CHH",1
"5904","phage_lambda",35085,35086,0,0,1,"CHH",1
"5905","phage_lambda",35090,35091,0,0,1,"CHH",1
"5906","phage_lambda",35104,35105,0,0,1,"CHH",1
"5907","phage_lambda",35105,35106,0,0,1,"CHH",1
"5908","phage_lambda",35108,35109,0,0,1,"CHH",1
"5909","phage_lambda",35114,35115,0,0,1,"CHH",1
"5910","phage_lambda",35115,35116,0,0,1,"CHH",1
"5911","phage_lambda",35118,35119,0,0,1,"CHH",1
"5912","phage_lambda",35120,35121,0,0,1,"CHH",1
"5913","phage_lambda",35129,35130,0,0,1,"CHH",1
"5914","phage_lambda",35132,35133,0,0,1,"CHH",1
"5915","phage_lambda",35135,35136,0,0,1,"CHH",1
"5916","phage_lambda",35137,35138,0,0,1,"CHH",1
"5917","phage_lambda",35154,35155,0,0,1,"CHH",1
"5918","phage_lambda",35158,35159,0,0,1,"CHH",1
"5919","phage_lambda",35179,35180,0,0,1,"CHH",1
"5920","phage_lambda",35183,35184,0,0,1,"CHH",1
"5921","phage_lambda",35194,35195,0,0,1,"CHH",1
"5922","phage_lambda",35211,35212,0,0,1,"CHH",1
"5923","phage_lambda",35215,35216,0,0,1,"CHH",1
"5924","phage_lambda",35218,35219,0,0,1,"CHH",1
"5925","phage_lambda",35274,35275,0,0,1,"CHH",1
"5926","phage_lambda",35278,35279,0,0,1,"CHH",1
"5927","phage_lambda",35279,35280,0,0,1,"CHH",1
"5928","phage_lambda",35280,35281,0,0,1,"CHH",1
"5929","phage_lambda",35281,35282,0,0,1,"CHH",1
"5930","phage_lambda",35284,35285,0,0,1,"CHH",1
"5931","phage_lambda",35285,35286,0,0,1,"CHH",1
"5932","phage_lambda",35291,35292,0,0,1,"CHH",1
"5933","phage_lambda",35292,35293,0,0,1,"CHH",1
"5934","phage_lambda",35293,35294,0,0,1,"CHH",1
"5935","phage_lambda",35298,35299,0,0,1,"CHH",1
"5936","phage_lambda",35302,35303,0,0,1,"CHH",1
"5937","phage_lambda",35306,35307,0,0,1,"CHH",1
"5938","phage_lambda",35307,35308,0,0,1,"CHH",1
"5939","phage_lambda",35311,35312,0,0,1,"CHH",1
"5940","phage_lambda",35313,35314,0,0,1,"CHH",1
"5941","phage_lambda",35314,35315,0,0,1,"CHH",1
"5942","phage_lambda",35346,35347,0,0,1,"CHH",1
"5943","phage_lambda",35350,35351,0,0,1,"CHH",1
"5944","phage_lambda",35352,35353,0,0,1,"CHH",1
"5945","phage_lambda",35363,35364,0,0,1,"CHH",1
"5946","phage_lambda",35380,35381,0,0,1,"CHH",1
"5947","phage_lambda",35385,35386,0,0,1,"CHH",1
"5948","phage_lambda",35386,35387,0,0,1,"CHH",1
"5949","phage_lambda",35388,35389,0,0,1,"CHH",1
"5950","phage_lambda",35389,35390,0,0,1,"CHH",1
"5951","phage_lambda",35391,35392,0,0,1,"CHH",1
"5952","phage_lambda",35393,35394,0,0,1,"CHH",1
"5953","phage_lambda",35395,35396,0,0,1,"CHH",1
"5954","phage_lambda",35396,35397,0,0,1,"CHH",1
"5955","phage_lambda",35402,35403,0,0,1,"CHH",1
"5956","phage_lambda",35405,35406,0,0,1,"CHH",1
"5957","phage_lambda",35407,35408,0,0,1,"CHH",1
"5958","phage_lambda",35419,35420,0,0,1,"CHH",1
"5959","phage_lambda",35420,35421,0,0,1,"CHH",1
"5960","phage_lambda",35421,35422,0,0,1,"CHH",1
"5961","phage_lambda",35422,35423,0,0,1,"CHH",1
"5962","phage_lambda",35433,35434,0,0,1,"CHH",1
"5963","phage_lambda",35435,35436,0,0,1,"CHH",1
"5964","phage_lambda",35444,35445,0,0,1,"CHH",1
"5965","phage_lambda",35458,35459,0,0,1,"CHH",1
"5966","phage_lambda",35460,35461,0,0,1,"CHH",1
"5967","phage_lambda",35467,35468,0,0,1,"CHH",1
"5968","phage_lambda",35468,35469,0,0,1,"CHH",1
"5969","phage_lambda",35472,35473,0,0,1,"CHH",1
"5970","phage_lambda",35473,35474,0,0,1,"CHH",1
"5971","phage_lambda",35486,35487,0,0,1,"CHH",1
"5972","phage_lambda",35488,35489,0,0,1,"CHH",1
"5973","phage_lambda",35490,35491,0,0,1,"CHH",1
"5974","phage_lambda",35492,35493,0,0,1,"CHH",1
"5975","phage_lambda",35493,35494,0,0,1,"CHH",1
"5976","phage_lambda",35494,35495,0,0,1,"CHH",1
"5977","phage_lambda",35495,35496,0,0,1,"CHH",1
"5978","phage_lambda",35499,35500,0,0,1,"CHH",1
"5979","phage_lambda",35500,35501,0,0,1,"CHH",1
"5980","phage_lambda",35501,35502,0,0,1,"CHH",1
"5981","phage_lambda",35507,35508,0,0,1,"CHH",1
"5982","phage_lambda",35511,35512,0,0,1,"CHH",1
"5983","phage_lambda",35515,35516,0,0,1,"CHH",1
"5984","phage_lambda",35519,35520,0,0,1,"CHH",1
"5985","phage_lambda",35520,35521,0,0,1,"CHH",1
"5986","phage_lambda",35521,35522,0,0,1,"CHH",1
"5987","phage_lambda",35524,35525,0,0,1,"CHH",1
"5988","phage_lambda",35530,35531,0,0,1,"CHH",1
"5989","phage_lambda",35531,35532,0,0,1,"CHH",1
"5990","phage_lambda",35544,35545,0,0,1,"CHH",1
"5991","phage_lambda",35546,35547,0,0,1,"CHH",1
"5992","phage_lambda",35559,35560,0,0,1,"CHH",1
"5993","phage_lambda",35560,35561,0,0,1,"CHH",1
"5994","phage_lambda",35562,35563,0,0,1,"CHH",1
"5995","phage_lambda",35563,35564,0,0,1,"CHH",1
"5996","phage_lambda",35817,35818,0,0,1,"CHH",1
"5997","phage_lambda",35818,35819,0,0,1,"CHH",1
"5998","phage_lambda",35823,35824,0,0,1,"CHH",1
"5999","phage_lambda",35832,35833,0,0,1,"CHH",1
"6000","phage_lambda",35840,35841,0,0,1,"CHH",1
"6001","phage_lambda",35853,35854,0,0,1,"CHH",1
"6002","phage_lambda",35856,35857,0,0,1,"CHH",1
"6003","phage_lambda",35857,35858,0,0,1,"CHH",1
"6004","phage_lambda",35865,35866,0,0,1,"CHH",1
"6005","phage_lambda",35866,35867,0,0,1,"CHH",1
"6006","phage_lambda",35869,35870,0,0,1,"CHH",1
"6007","phage_lambda",35877,35878,0,0,1,"CHH",1
"6008","phage_lambda",35881,35882,0,0,1,"CHH",1
"6009","phage_lambda",35888,35889,0,0,1,"CHH",1
"6010","phage_lambda",35893,35894,0,0,1,"CHH",1
"6011","phage_lambda",35894,35895,0,0,1,"CHH",1
"6012","phage_lambda",35899,35900,0,0,1,"CHH",1
"6013","phage_lambda",35905,35906,0,0,1,"CHH",1
"6014","phage_lambda",35906,35907,0,0,1,"CHH",1
"6015","phage_lambda",35912,35913,0,0,1,"CHH",1
"6016","phage_lambda",35914,35915,0,0,1,"CHH",1
"6017","phage_lambda",35915,35916,0,0,1,"CHH",1
"6018","phage_lambda",35916,35917,0,0,1,"CHH",1
"6019","phage_lambda",35923,35924,0,0,1,"CHH",1
"6020","phage_lambda",35926,35927,0,0,1,"CHH",1
"6021","phage_lambda",35935,35936,0,0,1,"CHH",1
"6022","phage_lambda",35939,35940,0,0,1,"CHH",1
"6023","phage_lambda",35943,35944,0,0,1,"CHH",1
"6024","phage_lambda",35946,35947,0,0,1,"CHH",1
"6025","phage_lambda",35969,35970,0,0,1,"CHH",1
"6026","phage_lambda",35976,35977,0,0,1,"CHH",1
"6027","phage_lambda",36335,36336,0,0,1,"CHH",1
"6028","phage_lambda",36340,36341,0,0,1,"CHH",1
"6029","phage_lambda",36347,36348,0,0,1,"CHH",1
"6030","phage_lambda",36373,36374,0,0,1,"CHH",1
"6031","phage_lambda",36374,36375,0,0,1,"CHH",1
"6032","phage_lambda",36376,36377,0,0,1,"CHH",1
"6033","phage_lambda",36382,36383,0,0,1,"CHH",1
"6034","phage_lambda",36389,36390,0,0,1,"CHH",1
"6035","phage_lambda",36390,36391,0,0,1,"CHH",1
"6036","phage_lambda",36397,36398,0,0,1,"CHH",1
"6037","phage_lambda",36399,36400,0,0,1,"CHH",1
"6038","phage_lambda",36402,36403,0,0,1,"CHH",1
"6039","phage_lambda",36403,36404,0,0,1,"CHH",1
"6040","phage_lambda",36417,36418,0,0,1,"CHH",1
"6041","phage_lambda",36423,36424,0,0,1,"CHH",1
"6042","phage_lambda",36628,36629,0,0,1,"CHH",1
"6043","phage_lambda",36633,36634,0,0,1,"CHH",1
"6044","phage_lambda",36636,36637,0,0,1,"CHH",1
"6045","phage_lambda",36639,36640,0,0,1,"CHH",1
"6046","phage_lambda",36640,36641,0,0,1,"CHH",1
"6047","phage_lambda",36643,36644,0,0,1,"CHH",1
"6048","phage_lambda",36667,36668,0,0,1,"CHH",1
"6049","phage_lambda",36673,36674,0,0,1,"CHH",1
"6050","phage_lambda",36678,36679,0,0,1,"CHH",1
"6051","phage_lambda",36684,36685,0,0,1,"CHH",1
"6052","phage_lambda",36695,36696,0,0,1,"CHH",1
"6053","phage_lambda",36696,36697,0,0,1,"CHH",1
"6054","phage_lambda",36697,36698,0,0,1,"CHH",1
"6055","phage_lambda",36698,36699,0,0,1,"CHH",1
"6056","phage_lambda",36700,36701,0,0,1,"CHH",1
"6057","phage_lambda",36709,36710,0,0,1,"CHH",1
"6058","phage_lambda",36711,36712,0,0,1,"CHH",1
"6059","phage_lambda",36724,36725,0,0,1,"CHH",1
"6060","phage_lambda",36726,36727,0,0,1,"CHH",1
"6061","phage_lambda",36728,36729,0,0,1,"CHH",1
"6062","phage_lambda",36729,36730,0,0,1,"CHH",1
"6063","phage_lambda",36734,36735,0,0,1,"CHH",1
"6064","phage_lambda",36742,36743,0,0,1,"CHH",1
"6065","phage_lambda",36746,36747,0,0,1,"CHH",1
"6066","phage_lambda",36747,36748,0,0,1,"CHH",1
"6067","phage_lambda",36751,36752,0,0,1,"CHH",1
"6068","phage_lambda",36787,36788,0,0,1,"CHH",1
"6069","phage_lambda",36809,36810,0,0,1,"CHH",1
"6070","phage_lambda",36810,36811,0,0,1,"CHH",1
"6071","phage_lambda",36821,36822,0,0,1,"CHH",1
"6072","phage_lambda",36822,36823,0,0,1,"CHH",1
"6073","phage_lambda",36825,36826,0,0,1,"CHH",1
"6074","phage_lambda",36828,36829,0,0,1,"CHH",1
"6075","phage_lambda",36832,36833,0,0,1,"CHH",1
"6076","phage_lambda",36848,36849,0,0,1,"CHH",1
"6077","phage_lambda",36849,36850,0,0,1,"CHH",1
"6078","phage_lambda",36850,36851,0,0,1,"CHH",1
"6079","phage_lambda",36861,36862,0,0,1,"CHH",1
"6080","phage_lambda",36877,36878,0,0,1,"CHH",1
"6081","phage_lambda",36885,36886,0,0,1,"CHH",1
"6082","phage_lambda",36888,36889,0,0,1,"CHH",1
"6083","phage_lambda",36897,36898,0,0,1,"CHH",1
"6084","phage_lambda",36913,36914,0,0,1,"CHH",1
"6085","phage_lambda",37060,37061,0,0,1,"CHH",1
"6086","phage_lambda",37065,37066,0,0,1,"CHH",1
"6087","phage_lambda",37069,37070,0,0,1,"CHH",1
"6088","phage_lambda",37070,37071,0,0,1,"CHH",1
"6089","phage_lambda",37071,37072,0,0,1,"CHH",1
"6090","phage_lambda",37095,37096,0,0,1,"CHH",1
"6091","phage_lambda",37103,37104,0,0,1,"CHH",1
"6092","phage_lambda",37104,37105,0,0,1,"CHH",1
"6093","phage_lambda",37108,37109,0,0,1,"CHH",1
"6094","phage_lambda",37111,37112,0,0,1,"CHH",1
"6095","phage_lambda",37118,37119,0,0,1,"CHH",1
"6096","phage_lambda",37122,37123,0,0,1,"CHH",1
"6097","phage_lambda",37123,37124,0,0,1,"CHH",1
"6098","phage_lambda",37129,37130,0,0,1,"CHH",1
"6099","phage_lambda",37159,37160,0,0,1,"CHH",1
"6100","phage_lambda",37160,37161,0,0,1,"CHH",1
"6101","phage_lambda",37161,37162,0,0,1,"CHH",1
"6102","phage_lambda",37162,37163,0,0,1,"CHH",1
"6103","phage_lambda",37179,37180,0,0,1,"CHH",1
"6104","phage_lambda",37183,37184,0,0,1,"CHH",1
"6105","phage_lambda",37185,37186,0,0,1,"CHH",1
"6106","phage_lambda",37198,37199,0,0,1,"CHH",1
"6107","phage_lambda",37685,37686,0,0,1,"CHH",1
"6108","phage_lambda",37695,37696,0,0,1,"CHH",1
"6109","phage_lambda",37701,37702,0,0,1,"CHH",1
"6110","phage_lambda",37704,37705,0,0,1,"CHH",1
"6111","phage_lambda",37705,37706,0,0,1,"CHH",1
"6112","phage_lambda",37706,37707,0,0,1,"CHH",1
"6113","phage_lambda",37730,37731,0,0,1,"CHH",1
"6114","phage_lambda",37732,37733,0,0,1,"CHH",1
"6115","phage_lambda",37740,37741,0,0,1,"CHH",1
"6116","phage_lambda",37744,37745,0,0,1,"CHH",1
"6117","phage_lambda",37749,37750,0,0,1,"CHH",1
"6118","phage_lambda",37761,37762,0,0,1,"CHH",1
"6119","phage_lambda",37770,37771,0,0,1,"CHH",1
"6120","phage_lambda",37775,37776,0,0,1,"CHH",1
"6121","phage_lambda",37778,37779,0,0,1,"CHH",1
"6122","phage_lambda",37791,37792,0,0,1,"CHH",1
"6123","phage_lambda",37847,37848,100,1,0,"CHH",1
"6124","phage_lambda",37852,37853,0,0,1,"CHH",1
"6125","phage_lambda",37878,37879,0,0,1,"CHH",1
"6126","phage_lambda",37885,37886,0,0,1,"CHH",1
"6127","phage_lambda",37886,37887,0,0,1,"CHH",1
"6128","phage_lambda",37893,37894,0,0,1,"CHH",1
"6129","phage_lambda",37897,37898,0,0,1,"CHH",1
"6130","phage_lambda",37898,37899,0,0,1,"CHH",1
"6131","phage_lambda",37900,37901,0,0,1,"CHH",1
"6132","phage_lambda",37903,37904,0,0,1,"CHH",1
"6133","phage_lambda",37907,37908,0,0,1,"CHH",1
"6134","phage_lambda",37909,37910,0,0,1,"CHH",1
"6135","phage_lambda",37912,37913,0,0,1,"CHH",1
"6136","phage_lambda",37914,37915,100,1,0,"CHH",1
"6137","phage_lambda",37920,37921,0,0,1,"CHH",1
"6138","phage_lambda",37921,37922,0,0,1,"CHH",1
"6139","phage_lambda",37925,37926,0,0,1,"CHH",1
"6140","phage_lambda",37932,37933,0,0,1,"CHH",1
"6141","phage_lambda",37934,37935,0,0,1,"CHH",1
"6142","phage_lambda",37935,37936,0,0,1,"CHH",1
"6143","phage_lambda",37937,37938,0,0,1,"CHH",1
"6144","phage_lambda",37949,37950,0,0,1,"CHH",1
"6145","phage_lambda",37953,37954,0,0,1,"CHH",1
"6146","phage_lambda",37958,37959,0,0,1,"CHH",1
"6147","phage_lambda",37961,37962,0,0,1,"CHH",1
"6148","phage_lambda",37962,37963,0,0,1,"CHH",1
"6149","phage_lambda",37963,37964,0,0,1,"CHH",1
"6150","phage_lambda",37972,37973,0,0,1,"CHH",1
"6151","phage_lambda",37976,37977,0,0,1,"CHH",1
"6152","phage_lambda",37982,37983,0,0,1,"CHH",1
"6153","phage_lambda",37986,37987,0,0,1,"CHH",1
"6154","phage_lambda",37989,37990,0,0,1,"CHH",1
"6155","phage_lambda",37991,37992,0,0,1,"CHH",1
"6156","phage_lambda",38122,38123,0,0,1,"CHH",1
"6157","phage_lambda",38135,38136,0,0,1,"CHH",1
"6158","phage_lambda",38136,38137,0,0,1,"CHH",1
"6159","phage_lambda",38145,38146,0,0,1,"CHH",1
"6160","phage_lambda",38149,38150,0,0,1,"CHH",1
"6161","phage_lambda",38156,38157,0,0,1,"CHH",1
"6162","phage_lambda",38181,38182,0,0,1,"CHH",1
"6163","phage_lambda",38182,38183,0,0,1,"CHH",1
"6164","phage_lambda",38185,38186,100,1,0,"CHH",1
"6165","phage_lambda",38193,38194,0,0,1,"CHH",1
"6166","phage_lambda",38199,38200,0,0,1,"CHH",1
"6167","phage_lambda",38201,38202,0,0,1,"CHH",1
"6168","phage_lambda",38202,38203,0,0,1,"CHH",1
"6169","phage_lambda",38207,38208,0,0,1,"CHH",1
"6170","phage_lambda",38218,38219,0,0,1,"CHH",1
"6171","phage_lambda",38763,38764,0,0,1,"CHH",1
"6172","phage_lambda",38766,38767,0,0,1,"CHH",1
"6173","phage_lambda",38767,38768,0,0,1,"CHH",1
"6174","phage_lambda",38789,38790,0,0,1,"CHH",1
"6175","phage_lambda",38796,38797,0,0,1,"CHH",1
"6176","phage_lambda",38798,38799,0,0,1,"CHH",1
"6177","phage_lambda",38799,38800,0,0,1,"CHH",1
"6178","phage_lambda",38809,38810,0,0,1,"CHH",1
"6179","phage_lambda",38825,38826,0,0,1,"CHH",1
"6180","phage_lambda",38838,38839,0,0,1,"CHH",1
"6181","phage_lambda",38840,38841,0,0,1,"CHH",1
"6182","phage_lambda",38847,38848,0,0,1,"CHH",1
"6183","phage_lambda",38868,38869,0,0,1,"CHH",1
"6184","phage_lambda",38869,38870,0,0,1,"CHH",1
"6185","phage_lambda",38870,38871,0,0,1,"CHH",1
"6186","phage_lambda",38872,38873,0,0,1,"CHH",1
"6187","phage_lambda",38873,38874,0,0,1,"CHH",1
"6188","phage_lambda",38885,38886,0,0,1,"CHH",1
"6189","phage_lambda",38886,38887,0,0,1,"CHH",1
"6190","phage_lambda",38954,38955,0,0,1,"CHH",1
"6191","phage_lambda",38958,38959,0,0,1,"CHH",1
"6192","phage_lambda",38972,38973,0,0,1,"CHH",1
"6193","phage_lambda",38984,38985,0,0,1,"CHH",1
"6194","phage_lambda",38991,38992,0,0,1,"CHH",1
"6195","phage_lambda",38992,38993,0,0,1,"CHH",1
"6196","phage_lambda",38999,39000,0,0,1,"CHH",1
"6197","phage_lambda",39003,39004,0,0,1,"CHH",1
"6198","phage_lambda",39004,39005,0,0,1,"CHH",1
"6199","phage_lambda",39028,39029,0,0,1,"CHH",1
"6200","phage_lambda",39029,39030,0,0,1,"CHH",1
"6201","phage_lambda",39031,39032,0,0,1,"CHH",1
"6202","phage_lambda",39047,39048,0,0,1,"CHH",1
"6203","phage_lambda",39048,39049,0,0,1,"CHH",1
"6204","phage_lambda",39049,39050,0,0,1,"CHH",1
"6205","phage_lambda",39067,39068,0,0,1,"CHH",1
"6206","phage_lambda",39068,39069,0,0,1,"CHH",1
"6207","phage_lambda",39069,39070,0,0,1,"CHH",1
"6208","phage_lambda",39089,39090,0,0,1,"CHH",1
"6209","phage_lambda",39090,39091,0,0,1,"CHH",1
"6210","phage_lambda",39141,39142,0,0,1,"CHH",1
"6211","phage_lambda",39148,39149,0,0,1,"CHH",1
"6212","phage_lambda",39153,39154,0,0,1,"CHH",1
"6213","phage_lambda",39167,39168,0,0,2,"CHH",2
"6214","phage_lambda",39175,39176,0,0,2,"CHH",2
"6215","phage_lambda",39212,39213,0,0,2,"CHH",2
"6216","phage_lambda",39213,39214,0,0,2,"CHH",2
"6217","phage_lambda",39215,39216,0,0,2,"CHH",2
"6218","phage_lambda",39225,39226,0,0,1,"CHH",1
"6219","phage_lambda",39238,39239,0,0,1,"CHH",1
"6220","phage_lambda",39245,39246,0,0,1,"CHH",1
"6221","phage_lambda",39248,39249,0,0,1,"CHH",1
"6222","phage_lambda",39250,39251,0,0,1,"CHH",1
"6223","phage_lambda",39251,39252,0,0,1,"CHH",1
"6224","phage_lambda",39252,39253,0,0,1,"CHH",1
"6225","phage_lambda",39253,39254,0,0,1,"CHH",1
"6226","phage_lambda",39266,39267,0,0,1,"CHH",1
"6227","phage_lambda",39293,39294,0,0,1,"CHH",1
"6228","phage_lambda",39304,39305,0,0,1,"CHH",1
"6229","phage_lambda",39310,39311,0,0,1,"CHH",1
"6230","phage_lambda",39312,39313,0,0,1,"CHH",1
"6231","phage_lambda",39313,39314,0,0,1,"CHH",1
"6232","phage_lambda",39319,39320,100,1,0,"CHH",1
"6233","phage_lambda",39346,39347,0,0,1,"CHH",1
"6234","phage_lambda",39359,39360,0,0,1,"CHH",1
"6235","phage_lambda",39386,39387,0,0,1,"CHH",1
"6236","phage_lambda",39387,39388,0,0,1,"CHH",1
"6237","phage_lambda",39395,39396,0,0,1,"CHH",1
"6238","phage_lambda",39418,39419,0,0,1,"CHH",1
"6239","phage_lambda",39422,39423,0,0,1,"CHH",1
"6240","phage_lambda",39428,39429,0,0,1,"CHH",1
"6241","phage_lambda",39431,39432,0,0,1,"CHH",1
"6242","phage_lambda",39455,39456,100,1,0,"CHH",1
"6243","phage_lambda",39460,39461,0,0,1,"CHH",1
"6244","phage_lambda",39461,39462,0,0,1,"CHH",1
"6245","phage_lambda",39465,39466,100,1,0,"CHH",1
"6246","phage_lambda",39478,39479,0,0,1,"CHH",1
"6247","phage_lambda",39479,39480,0,0,1,"CHH",1
"6248","phage_lambda",39481,39482,100,1,0,"CHH",1
"6249","phage_lambda",39482,39483,0,0,1,"CHH",1
"6250","phage_lambda",39483,39484,0,0,1,"CHH",1
"6251","phage_lambda",39486,39487,100,1,0,"CHH",1
"6252","phage_lambda",39494,39495,0,0,1,"CHH",1
"6253","phage_lambda",39503,39504,0,0,1,"CHH",1
"6254","phage_lambda",39506,39507,0,0,1,"CHH",1
"6255","phage_lambda",39507,39508,0,0,1,"CHH",1
"6256","phage_lambda",39513,39514,0,0,1,"CHH",1
"6257","phage_lambda",39517,39518,0,0,1,"CHH",1
"6258","phage_lambda",39521,39522,0,0,1,"CHH",1
"6259","phage_lambda",39526,39527,0,0,1,"CHH",1
"6260","phage_lambda",39530,39531,0,0,1,"CHH",1
"6261","phage_lambda",39534,39535,100,1,0,"CHH",1
"6262","phage_lambda",39535,39536,0,0,1,"CHH",1
"6263","phage_lambda",39540,39541,0,0,1,"CHH",1
"6264","phage_lambda",39563,39564,0,0,1,"CHH",1
"6265","phage_lambda",39572,39573,0,0,1,"CHH",1
"6266","phage_lambda",39573,39574,0,0,1,"CHH",1
"6267","phage_lambda",39575,39576,0,0,1,"CHH",1
"6268","phage_lambda",39576,39577,0,0,1,"CHH",1
"6269","phage_lambda",39583,39584,0,0,1,"CHH",1
"6270","phage_lambda",39604,39605,0,0,2,"CHH",2
"6271","phage_lambda",39605,39606,50,1,1,"CHH",2
"6272","phage_lambda",39614,39615,0,0,2,"CHH",2
"6273","phage_lambda",39620,39621,0,0,2,"CHH",2
"6274","phage_lambda",39622,39623,0,0,2,"CHH",2
"6275","phage_lambda",39628,39629,0,0,1,"CHH",1
"6276","phage_lambda",39649,39650,0,0,1,"CHH",1
"6277","phage_lambda",39670,39671,0,0,1,"CHH",1
"6278","phage_lambda",39677,39678,0,0,1,"CHH",1
"6279","phage_lambda",39686,39687,100,1,0,"CHH",1
"6280","phage_lambda",39689,39690,0,0,1,"CHH",1
"6281","phage_lambda",39697,39698,0,0,1,"CHH",1
"6282","phage_lambda",39700,39701,0,0,1,"CHH",1
"6283","phage_lambda",39707,39708,0,0,1,"CHH",1
"6284","phage_lambda",39709,39710,0,0,1,"CHH",1
"6285","phage_lambda",39715,39716,0,0,1,"CHH",1
"6286","phage_lambda",39725,39726,0,0,1,"CHH",1
"6287","phage_lambda",39726,39727,0,0,1,"CHH",1
"6288","phage_lambda",39729,39730,0,0,1,"CHH",1
"6289","phage_lambda",39733,39734,0,0,1,"CHH",1
"6290","phage_lambda",39741,39742,0,0,2,"CHH",2
"6291","phage_lambda",39742,39743,0,0,1,"CHH",1
"6292","phage_lambda",39746,39747,0,0,1,"CHH",1
"6293","phage_lambda",39747,39748,0,0,1,"CHH",1
"6294","phage_lambda",39755,39756,0,0,1,"CHH",1
"6295","phage_lambda",39757,39758,0,0,1,"CHH",1
"6296","phage_lambda",39767,39768,0,0,1,"CHH",1
"6297","phage_lambda",39769,39770,0,0,1,"CHH",1
"6298","phage_lambda",39784,39785,0,0,1,"CHH",1
"6299","phage_lambda",39789,39790,0,0,1,"CHH",1
"6300","phage_lambda",39790,39791,0,0,1,"CHH",1
"6301","phage_lambda",39791,39792,0,0,1,"CHH",1
"6302","phage_lambda",39797,39798,0,0,1,"CHH",1
"6303","phage_lambda",39798,39799,0,0,1,"CHH",1
"6304","phage_lambda",39806,39807,0,0,2,"CHH",2
"6305","phage_lambda",39814,39815,0,0,2,"CHH",2
"6306","phage_lambda",39817,39818,0,0,1,"CHH",1
"6307","phage_lambda",39819,39820,0,0,1,"CHH",1
"6308","phage_lambda",39820,39821,0,0,1,"CHH",1
"6309","phage_lambda",39826,39827,0,0,2,"CHH",2
"6310","phage_lambda",39827,39828,0,0,2,"CHH",2
"6311","phage_lambda",39833,39834,0,0,2,"CHH",2
"6312","phage_lambda",39843,39844,0,0,2,"CHH",2
"6313","phage_lambda",39847,39848,0,0,2,"CHH",2
"6314","phage_lambda",39854,39855,0,0,2,"CHH",2
"6315","phage_lambda",39855,39856,0,0,1,"CHH",1
"6316","phage_lambda",39872,39873,0,0,1,"CHH",1
"6317","phage_lambda",39873,39874,0,0,1,"CHH",1
"6318","phage_lambda",39881,39882,0,0,1,"CHH",1
"6319","phage_lambda",39882,39883,0,0,1,"CHH",1
"6320","phage_lambda",39885,39886,0,0,1,"CHH",1
"6321","phage_lambda",39887,39888,0,0,1,"CHH",1
"6322","phage_lambda",39892,39893,0,0,2,"CHH",2
"6323","phage_lambda",39899,39900,0,0,2,"CHH",2
"6324","phage_lambda",39902,39903,0,0,2,"CHH",2
"6325","phage_lambda",39906,39907,0,0,2,"CHH",2
"6326","phage_lambda",39907,39908,0,0,2,"CHH",2
"6327","phage_lambda",39909,39910,0,0,2,"CHH",2
"6328","phage_lambda",39914,39915,0,0,2,"CHH",2
"6329","phage_lambda",39917,39918,0,0,2,"CHH",2
"6330","phage_lambda",39920,39921,0,0,2,"CHH",2
"6331","phage_lambda",39955,39956,0,0,1,"CHH",1
"6332","phage_lambda",39959,39960,0,0,1,"CHH",1
"6333","phage_lambda",39962,39963,0,0,1,"CHH",1
"6334","phage_lambda",39967,39968,0,0,1,"CHH",1
"6335","phage_lambda",39968,39969,0,0,1,"CHH",1
"6336","phage_lambda",39976,39977,0,0,1,"CHH",1
"6337","phage_lambda",39981,39982,0,0,1,"CHH",1
"6338","phage_lambda",39988,39989,0,0,1,"CHH",1
"6339","phage_lambda",39992,39993,0,0,1,"CHH",1
"6340","phage_lambda",39993,39994,0,0,1,"CHH",1
"6341","phage_lambda",40111,40112,0,0,1,"CHH",1
"6342","phage_lambda",40112,40113,0,0,1,"CHH",1
"6343","phage_lambda",40121,40122,0,0,1,"CHH",1
"6344","phage_lambda",40123,40124,0,0,1,"CHH",1
"6345","phage_lambda",40124,40125,0,0,1,"CHH",1
"6346","phage_lambda",40127,40128,0,0,1,"CHH",1
"6347","phage_lambda",40129,40130,0,0,1,"CHH",1
"6348","phage_lambda",40130,40131,0,0,1,"CHH",1
"6349","phage_lambda",40135,40136,0,0,1,"CHH",1
"6350","phage_lambda",40143,40144,0,0,1,"CHH",1
"6351","phage_lambda",40154,40155,0,0,1,"CHH",1
"6352","phage_lambda",40155,40156,0,0,1,"CHH",1
"6353","phage_lambda",40157,40158,0,0,1,"CHH",1
"6354","phage_lambda",40159,40160,0,0,1,"CHH",1
"6355","phage_lambda",40160,40161,0,0,1,"CHH",1
"6356","phage_lambda",40165,40166,0,0,1,"CHH",1
"6357","phage_lambda",40166,40167,0,0,1,"CHH",1
"6358","phage_lambda",40172,40173,0,0,1,"CHH",1
"6359","phage_lambda",40181,40182,0,0,1,"CHH",1
"6360","phage_lambda",40184,40185,0,0,1,"CHH",1
"6361","phage_lambda",40187,40188,0,0,1,"CHH",1
"6362","phage_lambda",40192,40193,0,0,1,"CHH",1
"6363","phage_lambda",40205,40206,0,0,1,"CHH",1
"6364","phage_lambda",40206,40207,0,0,1,"CHH",1
"6365","phage_lambda",40208,40209,0,0,1,"CHH",1
"6366","phage_lambda",40218,40219,0,0,1,"CHH",1
"6367","phage_lambda",40224,40225,0,0,1,"CHH",1
"6368","phage_lambda",40246,40247,0,0,1,"CHH",1
"6369","phage_lambda",40251,40252,0,0,1,"CHH",1
"6370","phage_lambda",40268,40269,0,0,1,"CHH",1
"6371","phage_lambda",40269,40270,0,0,1,"CHH",1
"6372","phage_lambda",40271,40272,0,0,1,"CHH",1
"6373","phage_lambda",40272,40273,0,0,1,"CHH",1
"6374","phage_lambda",40275,40276,0,0,1,"CHH",1
"6375","phage_lambda",40277,40278,0,0,1,"CHH",1
"6376","phage_lambda",40281,40282,0,0,1,"CHH",1
"6377","phage_lambda",40286,40287,0,0,1,"CHH",1
"6378","phage_lambda",40287,40288,0,0,1,"CHH",1
"6379","phage_lambda",40291,40292,0,0,1,"CHH",1
"6380","phage_lambda",40293,40294,0,0,1,"CHH",1
"6381","phage_lambda",40294,40295,0,0,1,"CHH",1
"6382","phage_lambda",40295,40296,0,0,1,"CHH",1
"6383","phage_lambda",40303,40304,0,0,1,"CHH",1
"6384","phage_lambda",40312,40313,0,0,1,"CHH",1
"6385","phage_lambda",40313,40314,0,0,1,"CHH",1
"6386","phage_lambda",40314,40315,0,0,1,"CHH",1
"6387","phage_lambda",40325,40326,0,0,1,"CHH",1
"6388","phage_lambda",40333,40334,0,0,1,"CHH",1
"6389","phage_lambda",40345,40346,0,0,1,"CHH",1
"6390","phage_lambda",40358,40359,0,0,1,"CHH",1
"6391","phage_lambda",40384,40385,0,0,1,"CHH",1
"6392","phage_lambda",40398,40399,0,0,1,"CHH",1
"6393","phage_lambda",40399,40400,0,0,1,"CHH",1
"6394","phage_lambda",40405,40406,0,0,1,"CHH",1
"6395","phage_lambda",40409,40410,0,0,1,"CHH",1
"6396","phage_lambda",40491,40492,0,0,1,"CHH",1
"6397","phage_lambda",40497,40498,0,0,1,"CHH",1
"6398","phage_lambda",40518,40519,0,0,1,"CHH",1
"6399","phage_lambda",40570,40571,0,0,1,"CHH",1
"6400","phage_lambda",40571,40572,0,0,1,"CHH",1
"6401","phage_lambda",40574,40575,0,0,1,"CHH",1
"6402","phage_lambda",40577,40578,0,0,1,"CHH",1
"6403","phage_lambda",40587,40588,0,0,1,"CHH",1
"6404","phage_lambda",40598,40599,100,1,0,"CHH",1
"6405","phage_lambda",40616,40617,100,1,0,"CHH",1
"6406","phage_lambda",40617,40618,0,0,1,"CHH",1
"6407","phage_lambda",40642,40643,0,0,1,"CHH",1
"6408","phage_lambda",40652,40653,100,1,0,"CHH",1
"6409","phage_lambda",40656,40657,100,1,0,"CHH",1
"6410","phage_lambda",40657,40658,0,0,1,"CHH",1
"6411","phage_lambda",40921,40922,0,0,1,"CHH",1
"6412","phage_lambda",40936,40937,0,0,1,"CHH",1
"6413","phage_lambda",40941,40942,0,0,1,"CHH",1
"6414","phage_lambda",40944,40945,0,0,1,"CHH",1
"6415","phage_lambda",40976,40977,0,0,1,"CHH",1
"6416","phage_lambda",40985,40986,0,0,1,"CHH",1
"6417","phage_lambda",40995,40996,0,0,1,"CHH",1
"6418","phage_lambda",41043,41044,0,0,1,"CHH",1
"6419","phage_lambda",41079,41080,50,1,1,"CHH",2
"6420","phage_lambda",41100,41101,50,1,1,"CHH",2
"6421","phage_lambda",41120,41121,50,1,1,"CHH",2
"6422","phage_lambda",41128,41129,50,1,1,"CHH",2
"6423","phage_lambda",41134,41135,50,1,1,"CHH",2
"6424","phage_lambda",41143,41144,50,1,1,"CHH",2
"6425","phage_lambda",41170,41171,50,1,1,"CHH",2
"6426","phage_lambda",41181,41182,50,1,1,"CHH",2
"6427","phage_lambda",41200,41201,100,1,0,"CHH",1
"6428","phage_lambda",41203,41204,100,1,0,"CHH",1
"6429","phage_lambda",41204,41205,100,1,0,"CHH",1
"6430","phage_lambda",41210,41211,100,1,0,"CHH",1
"6431","phage_lambda",41254,41255,0,0,1,"CHH",1
"6432","phage_lambda",41256,41257,0,0,1,"CHH",1
"6433","phage_lambda",41277,41278,0,0,1,"CHH",1
"6434","phage_lambda",41280,41281,0,0,1,"CHH",1
"6435","phage_lambda",41287,41288,0,0,1,"CHH",1
"6436","phage_lambda",41296,41297,50,1,1,"CHH",2
"6437","phage_lambda",41297,41298,50,1,1,"CHH",2
"6438","phage_lambda",41320,41321,0,0,1,"CHH",1
"6439","phage_lambda",41321,41322,50,1,1,"CHH",2
"6440","phage_lambda",41344,41345,50,1,1,"CHH",2
"6441","phage_lambda",41356,41357,50,1,1,"CHH",2
"6442","phage_lambda",41357,41358,50,1,1,"CHH",2
"6443","phage_lambda",41385,41386,50,1,1,"CHH",2
"6444","phage_lambda",41387,41388,50,1,1,"CHH",2
"6445","phage_lambda",41389,41390,50,1,1,"CHH",2
"6446","phage_lambda",41390,41391,50,1,1,"CHH",2
"6447","phage_lambda",41412,41413,50,1,1,"CHH",2
"6448","phage_lambda",41428,41429,100,1,0,"CHH",1
"6449","phage_lambda",41434,41435,100,1,0,"CHH",1
"6450","phage_lambda",41478,41479,0,0,1,"CHH",1
"6451","phage_lambda",41480,41481,0,0,1,"CHH",1
"6452","phage_lambda",41481,41482,0,0,1,"CHH",1
"6453","phage_lambda",41493,41494,0,0,2,"CHH",2
"6454","phage_lambda",41518,41519,0,0,2,"CHH",2
"6455","phage_lambda",41524,41525,0,0,2,"CHH",2
"6456","phage_lambda",41525,41526,0,0,2,"CHH",2
"6457","phage_lambda",41530,41531,0,0,2,"CHH",2
"6458","phage_lambda",41545,41546,0,0,2,"CHH",2
"6459","phage_lambda",41562,41563,0,0,2,"CHH",2
"6460","phage_lambda",41580,41581,0,0,3,"CHH",3
"6461","phage_lambda",41581,41582,0,0,3,"CHH",3
"6462","phage_lambda",41585,41586,0,0,3,"CHH",3
"6463","phage_lambda",41596,41597,0,0,3,"CHH",3
"6464","phage_lambda",41599,41600,0,0,3,"CHH",3
"6465","phage_lambda",41602,41603,0,0,3,"CHH",3
"6466","phage_lambda",41603,41604,0,0,3,"CHH",3
"6467","phage_lambda",41614,41615,0,0,2,"CHH",2
"6468","phage_lambda",41626,41627,0,0,2,"CHH",2
"6469","phage_lambda",41629,41630,0,0,2,"CHH",2
"6470","phage_lambda",41640,41641,0,0,2,"CHH",2
"6471","phage_lambda",41649,41650,0,0,2,"CHH",2
"6472","phage_lambda",41660,41661,0,0,2,"CHH",2
"6473","phage_lambda",41665,41666,0,0,2,"CHH",2
"6474","phage_lambda",41677,41678,0,0,2,"CHH",2
"6475","phage_lambda",41681,41682,0,0,2,"CHH",2
"6476","phage_lambda",41685,41686,0,0,1,"CHH",1
"6477","phage_lambda",42112,42113,0,0,1,"CHH",1
"6478","phage_lambda",42118,42119,0,0,1,"CHH",1
"6479","phage_lambda",42136,42137,0,0,1,"CHH",1
"6480","phage_lambda",42142,42143,0,0,1,"CHH",1
"6481","phage_lambda",42143,42144,0,0,1,"CHH",1
"6482","phage_lambda",42146,42147,0,0,1,"CHH",1
"6483","phage_lambda",42147,42148,0,0,1,"CHH",1
"6484","phage_lambda",42157,42158,0,0,1,"CHH",1
"6485","phage_lambda",42159,42160,0,0,1,"CHH",1
"6486","phage_lambda",42170,42171,100,1,0,"CHH",1
"6487","phage_lambda",42171,42172,0,0,1,"CHH",1
"6488","phage_lambda",42172,42173,0,0,1,"CHH",1
"6489","phage_lambda",42176,42177,100,1,0,"CHH",1
"6490","phage_lambda",42177,42178,0,0,1,"CHH",1
"6491","phage_lambda",42181,42182,0,0,1,"CHH",1
"6492","phage_lambda",42182,42183,0,0,1,"CHH",1
"6493","phage_lambda",42183,42184,0,0,1,"CHH",1
"6494","phage_lambda",42204,42205,0,0,1,"CHH",1
"6495","phage_lambda",42205,42206,0,0,1,"CHH",1
"6496","phage_lambda",42208,42209,0,0,1,"CHH",1
"6497","phage_lambda",42211,42212,0,0,1,"CHH",1
"6498","phage_lambda",42765,42766,0,0,1,"CHH",1
"6499","phage_lambda",42766,42767,0,0,1,"CHH",1
"6500","phage_lambda",42767,42768,0,0,1,"CHH",1
"6501","phage_lambda",42770,42771,0,0,1,"CHH",1
"6502","phage_lambda",42818,42819,0,0,1,"CHH",1
"6503","phage_lambda",42835,42836,0,0,1,"CHH",1
"6504","phage_lambda",42840,42841,0,0,1,"CHH",1
"6505","phage_lambda",42844,42845,0,0,1,"CHH",1
"6506","phage_lambda",42845,42846,0,0,1,"CHH",1
"6507","phage_lambda",42847,42848,0,0,1,"CHH",1
"6508","phage_lambda",42849,42850,0,0,1,"CHH",1
"6509","phage_lambda",42864,42865,0,0,1,"CHH",1
"6510","phage_lambda",42900,42901,0,0,1,"CHH",1
"6511","phage_lambda",42910,42911,0,0,1,"CHH",1
"6512","phage_lambda",42914,42915,0,0,1,"CHH",1
"6513","phage_lambda",42917,42918,0,0,1,"CHH",1
"6514","phage_lambda",42923,42924,0,0,1,"CHH",1
"6515","phage_lambda",43106,43107,0,0,1,"CHH",1
"6516","phage_lambda",43171,43172,0,0,1,"CHH",1
"6517","phage_lambda",43175,43176,0,0,1,"CHH",1
"6518","phage_lambda",43176,43177,0,0,1,"CHH",1
"6519","phage_lambda",43182,43183,0,0,1,"CHH",1
"6520","phage_lambda",43192,43193,0,0,1,"CHH",1
"6521","phage_lambda",43194,43195,0,0,1,"CHH",1
"6522","phage_lambda",43197,43198,0,0,1,"CHH",1
"6523","phage_lambda",43198,43199,0,0,1,"CHH",1
"6524","phage_lambda",43201,43202,0,0,1,"CHH",1
"6525","phage_lambda",43211,43212,0,0,1,"CHH",1
"6526","phage_lambda",43212,43213,0,0,1,"CHH",1
"6527","phage_lambda",43214,43215,0,0,1,"CHH",1
"6528","phage_lambda",43216,43217,0,0,1,"CHH",1
"6529","phage_lambda",43220,43221,0,0,1,"CHH",1
"6530","phage_lambda",43222,43223,0,0,1,"CHH",1
"6531","phage_lambda",43225,43226,0,0,1,"CHH",1
"6532","phage_lambda",43228,43229,0,0,1,"CHH",1
"6533","phage_lambda",43244,43245,0,0,1,"CHH",1
"6534","phage_lambda",43247,43248,0,0,1,"CHH",1
"6535","phage_lambda",43248,43249,0,0,1,"CHH",1
"6536","phage_lambda",43269,43270,0,0,1,"CHH",1
"6537","phage_lambda",43270,43271,0,0,1,"CHH",1
"6538","phage_lambda",43271,43272,0,0,1,"CHH",1
"6539","phage_lambda",43274,43275,0,0,1,"CHH",1
"6540","phage_lambda",43277,43278,0,0,1,"CHH",1
"6541","phage_lambda",43278,43279,0,0,1,"CHH",1
"6542","phage_lambda",43293,43294,0,0,1,"CHH",1
"6543","phage_lambda",43309,43310,0,0,1,"CHH",1
"6544","phage_lambda",43312,43313,0,0,1,"CHH",1
"6545","phage_lambda",43319,43320,0,0,1,"CHH",1
"6546","phage_lambda",43328,43329,0,0,1,"CHH",1
"6547","phage_lambda",43329,43330,0,0,1,"CHH",1
"6548","phage_lambda",43336,43337,0,0,1,"CHH",1
"6549","phage_lambda",43339,43340,0,0,1,"CHH",1
"6550","phage_lambda",43346,43347,0,0,1,"CHH",1
"6551","phage_lambda",43348,43349,0,0,1,"CHH",1
"6552","phage_lambda",43352,43353,0,0,1,"CHH",1
"6553","phage_lambda",43357,43358,0,0,1,"CHH",1
"6554","phage_lambda",43402,43403,0,0,1,"CHH",1
"6555","phage_lambda",43414,43415,0,0,1,"CHH",1
"6556","phage_lambda",43416,43417,0,0,1,"CHH",1
"6557","phage_lambda",43420,43421,0,0,1,"CHH",1
"6558","phage_lambda",43421,43422,0,0,1,"CHH",1
"6559","phage_lambda",43422,43423,0,0,1,"CHH",1
"6560","phage_lambda",43447,43448,0,0,1,"CHH",1
"6561","phage_lambda",43448,43449,0,0,1,"CHH",1
"6562","phage_lambda",43454,43455,0,0,1,"CHH",1
"6563","phage_lambda",43840,43841,0,0,1,"CHH",1
"6564","phage_lambda",43852,43853,100,1,0,"CHH",1
"6565","phage_lambda",43853,43854,0,0,1,"CHH",1
"6566","phage_lambda",43857,43858,0,0,1,"CHH",1
"6567","phage_lambda",43861,43862,0,0,1,"CHH",1
"6568","phage_lambda",43868,43869,0,0,1,"CHH",1
"6569","phage_lambda",43874,43875,0,0,1,"CHH",1
"6570","phage_lambda",43875,43876,0,0,1,"CHH",1
"6571","phage_lambda",43877,43878,0,0,1,"CHH",1
"6572","phage_lambda",43880,43881,0,0,1,"CHH",1
"6573","phage_lambda",43881,43882,0,0,1,"CHH",1
"6574","phage_lambda",43884,43885,0,0,1,"CHH",1
"6575","phage_lambda",43887,43888,0,0,1,"CHH",1
"6576","phage_lambda",43889,43890,0,0,1,"CHH",1
"6577","phage_lambda",43891,43892,100,1,0,"CHH",1
"6578","phage_lambda",43898,43899,0,0,1,"CHH",1
"6579","phage_lambda",43903,43904,0,0,1,"CHH",1
"6580","phage_lambda",43904,43905,0,0,1,"CHH",1
"6581","phage_lambda",43912,43913,0,0,1,"CHH",1
"6582","phage_lambda",43918,43919,0,0,1,"CHH",1
"6583","phage_lambda",43919,43920,0,0,1,"CHH",1
"6584","phage_lambda",43925,43926,0,0,1,"CHH",1
"6585","phage_lambda",43926,43927,0,0,1,"CHH",1
"6586","phage_lambda",43932,43933,0,0,1,"CHH",1
"6587","phage_lambda",43935,43936,0,0,1,"CHH",1
"6588","phage_lambda",43937,43938,0,0,1,"CHH",1
"6589","phage_lambda",43941,43942,0,0,1,"CHH",1
"6590","phage_lambda",43943,43944,0,0,1,"CHH",1
"6591","phage_lambda",43945,43946,0,0,1,"CHH",1
"6592","phage_lambda",43946,43947,0,0,1,"CHH",1
"6593","phage_lambda",43951,43952,0,0,1,"CHH",1
"6594","phage_lambda",43952,43953,0,0,1,"CHH",1
"6595","phage_lambda",43953,43954,0,0,1,"CHH",1
"6596","phage_lambda",43958,43959,0,0,1,"CHH",1
"6597","phage_lambda",43965,43966,0,0,1,"CHH",1
"6598","phage_lambda",43967,43968,0,0,1,"CHH",1
"6599","phage_lambda",43969,43970,0,0,1,"CHH",1
"6600","phage_lambda",43984,43985,0,0,1,"CHH",1
"6601","phage_lambda",43986,43987,0,0,1,"CHH",1
"6602","phage_lambda",43989,43990,0,0,1,"CHH",1
"6603","phage_lambda",43990,43991,0,0,1,"CHH",1
"6604","phage_lambda",43998,43999,0,0,1,"CHH",1
"6605","phage_lambda",43999,44000,0,0,1,"CHH",1
"6606","phage_lambda",44000,44001,0,0,1,"CHH",1
"6607","phage_lambda",44001,44002,0,0,1,"CHH",1
"6608","phage_lambda",44004,44005,0,0,1,"CHH",1
"6609","phage_lambda",44005,44006,0,0,1,"CHH",1
"6610","phage_lambda",44017,44018,0,0,1,"CHH",1
"6611","phage_lambda",44031,44032,0,0,1,"CHH",1
"6612","phage_lambda",44032,44033,0,0,1,"CHH",1
"6613","phage_lambda",44036,44037,0,0,1,"CHH",1
"6614","phage_lambda",44049,44050,0,0,1,"CHH",1
"6615","phage_lambda",44050,44051,0,0,1,"CHH",1
"6616","phage_lambda",44056,44057,0,0,1,"CHH",1
"6617","phage_lambda",44061,44062,0,0,1,"CHH",1
"6618","phage_lambda",44070,44071,100,1,0,"CHH",1
"6619","phage_lambda",44074,44075,100,1,0,"CHH",1
"6620","phage_lambda",44081,44082,0,0,1,"CHH",1
"6621","phage_lambda",44085,44086,0,0,1,"CHH",1
"6622","phage_lambda",44088,44089,0,0,1,"CHH",1
"6623","phage_lambda",44098,44099,0,0,1,"CHH",1
"6624","phage_lambda",44105,44106,0,0,1,"CHH",1
"6625","phage_lambda",44107,44108,0,0,1,"CHH",1
"6626","phage_lambda",44109,44110,0,0,1,"CHH",1
"6627","phage_lambda",44138,44139,0,0,1,"CHH",1
"6628","phage_lambda",44143,44144,0,0,1,"CHH",1
"6629","phage_lambda",44156,44157,0,0,2,"CHH",2
"6630","phage_lambda",44162,44163,0,0,2,"CHH",2
"6631","phage_lambda",44173,44174,0,0,2,"CHH",2
"6632","phage_lambda",44179,44180,0,0,1,"CHH",1
"6633","phage_lambda",44183,44184,0,0,1,"CHH",1
"6634","phage_lambda",44186,44187,0,0,1,"CHH",1
"6635","phage_lambda",44192,44193,0,0,1,"CHH",1
"6636","phage_lambda",44231,44232,0,0,1,"CHH",1
"6637","phage_lambda",44247,44248,0,0,1,"CHH",1
"6638","phage_lambda",44248,44249,0,0,1,"CHH",1
"6639","phage_lambda",44276,44277,0,0,1,"CHH",1
"6640","phage_lambda",44277,44278,0,0,1,"CHH",1
"6641","phage_lambda",44325,44326,0,0,1,"CHH",1
"6642","phage_lambda",44337,44338,0,0,1,"CHH",1
"6643","phage_lambda",44342,44343,0,0,1,"CHH",1
"6644","phage_lambda",44350,44351,0,0,1,"CHH",1
"6645","phage_lambda",44354,44355,0,0,1,"CHH",1
"6646","phage_lambda",44363,44364,0,0,1,"CHH",1
"6647","phage_lambda",44383,44384,0,0,1,"CHH",1
"6648","phage_lambda",44388,44389,0,0,1,"CHH",1
"6649","phage_lambda",44389,44390,0,0,1,"CHH",1
"6650","phage_lambda",44390,44391,0,0,1,"CHH",1
"6651","phage_lambda",44394,44395,0,0,1,"CHH",1
"6652","phage_lambda",44512,44513,0,0,1,"CHH",1
"6653","phage_lambda",44520,44521,0,0,1,"CHH",1
"6654","phage_lambda",44521,44522,0,0,1,"CHH",1
"6655","phage_lambda",44530,44531,0,0,1,"CHH",1
"6656","phage_lambda",44533,44534,0,0,1,"CHH",1
"6657","phage_lambda",44544,44545,0,0,1,"CHH",1
"6658","phage_lambda",44547,44548,0,0,1,"CHH",1
"6659","phage_lambda",44553,44554,0,0,1,"CHH",1
"6660","phage_lambda",44555,44556,0,0,1,"CHH",1
"6661","phage_lambda",44561,44562,0,0,1,"CHH",1
"6662","phage_lambda",44571,44572,0,0,1,"CHH",1
"6663","phage_lambda",44572,44573,0,0,1,"CHH",1
"6664","phage_lambda",44573,44574,0,0,1,"CHH",1
"6665","phage_lambda",44581,44582,0,0,1,"CHH",1
"6666","phage_lambda",44583,44584,0,0,1,"CHH",1
"6667","phage_lambda",44585,44586,0,0,1,"CHH",1
"6668","phage_lambda",44592,44593,0,0,1,"CHH",1
"6669","phage_lambda",44593,44594,0,0,1,"CHH",1
"6670","phage_lambda",44594,44595,0,0,1,"CHH",1
"6671","phage_lambda",44603,44604,0,0,1,"CHH",1
"6672","phage_lambda",44609,44610,0,0,1,"CHH",1
"6673","phage_lambda",44611,44612,0,0,1,"CHH",1
"6674","phage_lambda",44612,44613,0,0,1,"CHH",1
"6675","phage_lambda",44615,44616,0,0,1,"CHH",1
"6676","phage_lambda",44617,44618,0,0,1,"CHH",1
"6677","phage_lambda",44619,44620,0,0,1,"CHH",1
"6678","phage_lambda",44622,44623,0,0,1,"CHH",1
"6679","phage_lambda",44627,44628,0,0,1,"CHH",1
"6680","phage_lambda",44629,44630,0,0,1,"CHH",1
"6681","phage_lambda",44630,44631,0,0,1,"CHH",1
"6682","phage_lambda",45048,45049,0,0,1,"CHH",1
"6683","phage_lambda",45051,45052,0,0,1,"CHH",1
"6684","phage_lambda",45052,45053,0,0,1,"CHH",1
"6685","phage_lambda",45054,45055,0,0,1,"CHH",1
"6686","phage_lambda",45066,45067,0,0,1,"CHH",1
"6687","phage_lambda",45072,45073,0,0,1,"CHH",1
"6688","phage_lambda",45081,45082,0,0,1,"CHH",1
"6689","phage_lambda",45087,45088,0,0,1,"CHH",1
"6690","phage_lambda",45099,45100,0,0,1,"CHH",1
"6691","phage_lambda",45104,45105,0,0,1,"CHH",1
"6692","phage_lambda",45112,45113,0,0,1,"CHH",1
"6693","phage_lambda",45124,45125,0,0,1,"CHH",1
"6694","phage_lambda",45138,45139,0,0,1,"CHH",1
"6695","phage_lambda",45139,45140,0,0,1,"CHH",1
"6696","phage_lambda",45145,45146,0,0,1,"CHH",1
"6697","phage_lambda",45146,45147,0,0,1,"CHH",1
"6698","phage_lambda",45157,45158,0,0,1,"CHH",1
"6699","phage_lambda",45159,45160,0,0,1,"CHH",1
"6700","phage_lambda",45160,45161,0,0,1,"CHH",1
"6701","phage_lambda",45165,45166,0,0,1,"CHH",1
"6702","phage_lambda",45166,45167,0,0,1,"CHH",1
"6703","phage_lambda",45167,45168,0,0,1,"CHH",1
"6704","phage_lambda",45168,45169,0,0,1,"CHH",1
"6705","phage_lambda",45174,45175,0,0,1,"CHH",1
"6706","phage_lambda",45175,45176,0,0,1,"CHH",1
"6707","phage_lambda",45176,45177,0,0,1,"CHH",1
"6708","phage_lambda",45177,45178,0,0,1,"CHH",1
"6709","phage_lambda",45178,45179,0,0,1,"CHH",1
"6710","phage_lambda",45182,45183,0,0,1,"CHH",1
"6711","phage_lambda",45184,45185,0,0,1,"CHH",1
"6712","phage_lambda",45187,45188,0,0,1,"CHH",1
"6713","phage_lambda",45190,45191,0,0,1,"CHH",1
"6714","phage_lambda",45193,45194,0,0,1,"CHH",1
"6715","phage_lambda",45194,45195,0,0,1,"CHH",1
"6716","phage_lambda",45203,45204,0,0,1,"CHH",1
"6717","phage_lambda",45206,45207,0,0,1,"CHH",1
"6718","phage_lambda",45208,45209,0,0,1,"CHH",1
"6719","phage_lambda",45214,45215,0,0,1,"CHH",1
"6720","phage_lambda",45215,45216,100,1,0,"CHH",1
"6721","phage_lambda",45235,45236,0,0,1,"CHH",1
"6722","phage_lambda",45236,45237,0,0,1,"CHH",1
"6723","phage_lambda",45242,45243,0,0,1,"CHH",1
"6724","phage_lambda",45243,45244,0,0,1,"CHH",1
"6725","phage_lambda",45387,45388,0,0,1,"CHH",1
"6726","phage_lambda",45390,45391,0,0,1,"CHH",1
"6727","phage_lambda",45411,45412,0,0,1,"CHH",1
"6728","phage_lambda",45415,45416,0,0,1,"CHH",1
"6729","phage_lambda",45446,45447,0,0,1,"CHH",1
"6730","phage_lambda",45447,45448,0,0,1,"CHH",1
"6731","phage_lambda",46297,46298,0,0,1,"CHH",1
"6732","phage_lambda",46298,46299,0,0,1,"CHH",1
"6733","phage_lambda",46304,46305,0,0,1,"CHH",1
"6734","phage_lambda",46322,46323,0,0,1,"CHH",1
"6735","phage_lambda",46340,46341,0,0,1,"CHH",1
"6736","phage_lambda",46358,46359,0,0,1,"CHH",1
"6737","phage_lambda",46360,46361,0,0,1,"CHH",1
"6738","phage_lambda",46362,46363,0,0,1,"CHH",1
"6739","phage_lambda",46363,46364,100,1,0,"CHH",1
"6740","phage_lambda",46375,46376,0,0,1,"CHH",1
"6741","phage_lambda",46388,46389,0,0,1,"CHH",1
"6742","phage_lambda",46391,46392,0,0,1,"CHH",1
"6743","phage_lambda",46392,46393,0,0,1,"CHH",1
"6744","phage_lambda",46402,46403,0,0,1,"CHH",1
"6745","phage_lambda",46412,46413,0,0,1,"CHH",1
"6746","phage_lambda",46414,46415,0,0,1,"CHH",1
"6747","phage_lambda",46419,46420,0,0,1,"CHH",1
"6748","phage_lambda",46426,46427,0,0,1,"CHH",1
"6749","phage_lambda",46428,46429,100,1,0,"CHH",1
"6750","phage_lambda",46431,46432,100,1,0,"CHH",1
"6751","phage_lambda",46576,46577,0,0,1,"CHH",1
"6752","phage_lambda",46577,46578,0,0,1,"CHH",1
"6753","phage_lambda",46579,46580,0,0,1,"CHH",1
"6754","phage_lambda",46592,46593,0,0,1,"CHH",1
"6755","phage_lambda",46605,46606,0,0,1,"CHH",1
"6756","phage_lambda",46611,46612,0,0,1,"CHH",1
"6757","phage_lambda",46612,46613,0,0,1,"CHH",1
"6758","phage_lambda",46613,46614,0,0,1,"CHH",1
"6759","phage_lambda",46618,46619,0,0,1,"CHH",1
"6760","phage_lambda",46629,46630,0,0,1,"CHH",1
"6761","phage_lambda",46634,46635,0,0,1,"CHH",1
"6762","phage_lambda",46637,46638,0,0,1,"CHH",1
"6763","phage_lambda",46638,46639,0,0,1,"CHH",1
"6764","phage_lambda",46639,46640,0,0,1,"CHH",1
"6765","phage_lambda",46641,46642,0,0,1,"CHH",1
"6766","phage_lambda",46644,46645,0,0,1,"CHH",1
"6767","phage_lambda",46645,46646,100,1,0,"CHH",1
"6768","phage_lambda",46649,46650,0,0,1,"CHH",1
"6769","phage_lambda",46650,46651,0,0,1,"CHH",1
"6770","phage_lambda",46654,46655,0,0,1,"CHH",1
"6771","phage_lambda",46655,46656,0,0,1,"CHH",1
"6772","phage_lambda",46657,46658,0,0,1,"CHH",1
"6773","phage_lambda",46658,46659,0,0,1,"CHH",1
"6774","phage_lambda",46674,46675,0,0,1,"CHH",1
"6775","phage_lambda",46679,46680,0,0,1,"CHH",1
"6776","phage_lambda",46697,46698,0,0,1,"CHH",1
"6777","phage_lambda",46699,46700,0,0,1,"CHH",1
"6778","phage_lambda",46700,46701,0,0,1,"CHH",1
"6779","phage_lambda",46702,46703,0,0,1,"CHH",1
"6780","phage_lambda",46705,46706,0,0,1,"CHH",1
"6781","phage_lambda",46715,46716,0,0,1,"CHH",1
"6782","phage_lambda",46719,46720,0,0,1,"CHH",1
"6783","phage_lambda",46720,46721,0,0,1,"CHH",1
"6784","phage_lambda",46721,46722,0,0,1,"CHH",1
"6785","phage_lambda",46732,46733,0,0,1,"CHH",1
"6786","phage_lambda",46736,46737,0,0,1,"CHH",1
"6787","phage_lambda",46739,46740,0,0,1,"CHH",1
"6788","phage_lambda",46740,46741,0,0,1,"CHH",1
"6789","phage_lambda",46749,46750,0,0,1,"CHH",1
"6790","phage_lambda",46752,46753,0,0,1,"CHH",1
"6791","phage_lambda",46761,46762,0,0,1,"CHH",1
"6792","phage_lambda",46768,46769,0,0,1,"CHH",1
"6793","phage_lambda",47100,47101,0,0,1,"CHH",1
"6794","phage_lambda",47117,47118,0,0,1,"CHH",1
"6795","phage_lambda",47127,47128,0,0,1,"CHH",1
"6796","phage_lambda",47142,47143,0,0,1,"CHH",1
"6797","phage_lambda",47143,47144,0,0,1,"CHH",1
"6798","phage_lambda",47144,47145,0,0,1,"CHH",1
"6799","phage_lambda",47154,47155,0,0,1,"CHH",1
"6800","phage_lambda",47156,47157,0,0,1,"CHH",1
"6801","phage_lambda",47160,47161,0,0,1,"CHH",1
"6802","phage_lambda",47166,47167,0,0,1,"CHH",1
"6803","phage_lambda",47175,47176,0,0,1,"CHH",1
"6804","phage_lambda",47176,47177,0,0,1,"CHH",1
"6805","phage_lambda",47192,47193,0,0,1,"CHH",1
"6806","phage_lambda",47194,47195,0,0,1,"CHH",1
"6807","phage_lambda",47199,47200,0,0,1,"CHH",1
"6808","phage_lambda",47201,47202,0,0,1,"CHH",1
"6809","phage_lambda",47204,47205,0,0,1,"CHH",1
"6810","phage_lambda",47209,47210,0,0,1,"CHH",1
"6811","phage_lambda",47212,47213,0,0,1,"CHH",1
"6812","phage_lambda",47213,47214,0,0,1,"CHH",1
"6813","phage_lambda",47217,47218,0,0,1,"CHH",1
"6814","phage_lambda",47221,47222,0,0,1,"CHH",1
"6815","phage_lambda",47222,47223,0,0,1,"CHH",1
"6816","phage_lambda",47229,47230,0,0,1,"CHH",1
"6817","phage_lambda",47235,47236,0,0,1,"CHH",1
"6818","phage_lambda",47238,47239,0,0,1,"CHH",1
"6819","phage_lambda",47242,47243,0,0,1,"CHH",1
"6820","phage_lambda",47249,47250,0,0,1,"CHH",1
"6821","phage_lambda",47251,47252,0,0,1,"CHH",1
"6822","phage_lambda",47277,47278,0,0,1,"CHH",1
"6823","phage_lambda",47296,47297,0,0,1,"CHH",1
"6824","phage_lambda",47317,47318,0,0,1,"CHH",1
"6825","phage_lambda",47319,47320,0,0,1,"CHH",1
"6826","phage_lambda",47661,47662,0,0,1,"CHH",1
"6827","phage_lambda",47682,47683,0,0,1,"CHH",1
"6828","phage_lambda",47687,47688,0,0,1,"CHH",1
"6829","phage_lambda",47690,47691,0,0,1,"CHH",1
"6830","phage_lambda",47708,47709,0,0,1,"CHH",1
"6831","phage_lambda",47711,47712,0,0,1,"CHH",1
"6832","phage_lambda",47714,47715,0,0,1,"CHH",1
"6833","phage_lambda",47716,47717,0,0,1,"CHH",1
"6834","phage_lambda",47720,47721,0,0,1,"CHH",1
"6835","phage_lambda",47726,47727,0,0,1,"CHH",1
"6836","phage_lambda",47727,47728,0,0,1,"CHH",1
"6837","phage_lambda",47729,47730,0,0,1,"CHH",1
"6838","phage_lambda",47739,47740,0,0,1,"CHH",1
"6839","phage_lambda",47746,47747,0,0,1,"CHH",1
"6840","phage_lambda",47859,47860,0,0,1,"CHH",1
"6841","phage_lambda",47866,47867,0,0,1,"CHH",1
"6842","phage_lambda",47869,47870,0,0,1,"CHH",1
"6843","phage_lambda",47878,47879,0,0,1,"CHH",1
"6844","phage_lambda",47884,47885,0,0,1,"CHH",1
"6845","phage_lambda",47886,47887,0,0,1,"CHH",1
"6846","phage_lambda",47887,47888,0,0,1,"CHH",1
"6847","phage_lambda",47895,47896,0,0,1,"CHH",1
"6848","phage_lambda",47896,47897,0,0,1,"CHH",1
"6849","phage_lambda",47898,47899,0,0,1,"CHH",1
"6850","phage_lambda",47901,47902,0,0,1,"CHH",1
"6851","phage_lambda",47916,47917,0,0,1,"CHH",1
"6852","phage_lambda",47919,47920,0,0,1,"CHH",1
"6853","phage_lambda",47920,47921,0,0,1,"CHH",1
"6854","phage_lambda",47932,47933,0,0,1,"CHH",1
"6855","phage_lambda",47934,47935,0,0,1,"CHH",1
"6856","phage_lambda",47935,47936,100,1,0,"CHH",1
"6857","phage_lambda",47938,47939,0,0,1,"CHH",1
"6858","phage_lambda",47989,47990,0,0,1,"CHH",1
"6859","phage_lambda",47990,47991,0,0,1,"CHH",1
"6860","phage_lambda",47993,47994,0,0,1,"CHH",1
"6861","phage_lambda",48005,48006,0,0,1,"CHH",1
"6862","phage_lambda",48030,48031,0,0,1,"CHH",1
"6863","phage_lambda",48033,48034,0,0,1,"CHH",1
"6864","phage_lambda",48035,48036,0,0,1,"CHH",1
"6865","phage_lambda",48044,48045,0,0,1,"CHH",1
"6866","phage_lambda",48048,48049,0,0,1,"CHH",1
"6867","phage_lambda",48049,48050,0,0,1,"CHH",1
"6868","phage_lambda",48050,48051,0,0,1,"CHH",1
"6869","phage_lambda",48051,48052,0,0,1,"CHH",1
"6870","phage_lambda",48062,48063,0,0,1,"CHH",1
"6871","phage_lambda",48064,48065,0,0,1,"CHH",1
"6872","phage_lambda",48071,48072,0,0,1,"CHH",1
"6873","phage_lambda",48080,48081,0,0,1,"CHH",1
"6874","phage_lambda",48090,48091,0,0,1,"CHH",1
"6875","phage_lambda",48091,48092,0,0,1,"CHH",1
"6876","phage_lambda",48092,48093,0,0,1,"CHH",1
"6877","phage_lambda",48095,48096,0,0,1,"CHH",1
"6878","phage_lambda",48103,48104,0,0,1,"CHH",1
"6879","phage_lambda",48106,48107,0,0,1,"CHH",1
"6880","phage_lambda",48109,48110,0,0,2,"CHH",2
"6881","phage_lambda",48113,48114,0,0,2,"CHH",2
"6882","phage_lambda",48116,48117,0,0,2,"CHH",2
"6883","phage_lambda",48119,48120,0,0,3,"CHH",3
"6884","phage_lambda",48121,48122,0,0,3,"CHH",3
"6885","phage_lambda",48130,48131,0,0,1,"CHH",1
"6886","phage_lambda",48133,48134,0,0,1,"CHH",1
"6887","phage_lambda",48139,48140,0,0,1,"CHH",1
"6888","phage_lambda",48140,48141,0,0,3,"CHH",3
"6889","phage_lambda",48142,48143,0,0,3,"CHH",3
"6890","phage_lambda",48144,48145,0,0,3,"CHH",3
"6891","phage_lambda",48158,48159,0,0,1,"CHH",1
"6892","phage_lambda",48160,48161,0,0,3,"CHH",3
"6893","phage_lambda",48172,48173,0,0,1,"CHH",1
"6894","phage_lambda",48173,48174,0,0,3,"CHH",3
"6895","phage_lambda",48176,48177,0,0,3,"CHH",3
"6896","phage_lambda",48180,48181,0,0,1,"CHH",1
"6897","phage_lambda",48182,48183,0,0,3,"CHH",3
"6898","phage_lambda",48183,48184,0,0,3,"CHH",3
"6899","phage_lambda",48187,48188,0,0,1,"CHH",1
"6900","phage_lambda",48192,48193,0,0,1,"CHH",1
"6901","phage_lambda",48198,48199,0,0,3,"CHH",3
"6902","phage_lambda",48204,48205,0,0,3,"CHH",3
"6903","phage_lambda",48205,48206,0,0,3,"CHH",3
"6904","phage_lambda",48206,48207,0,0,3,"CHH",3
"6905","phage_lambda",48213,48214,0,0,3,"CHH",3
"6906","phage_lambda",48215,48216,0,0,3,"CHH",3
"6907","phage_lambda",48236,48237,0,0,2,"CHH",2
"6908","phage_lambda",48240,48241,0,0,2,"CHH",2
"6909","phage_lambda",48291,48292,0,0,1,"CHH",1
"6910","phage_lambda",48300,48301,0,0,1,"CHH",1
"6911","phage_lambda",48365,48366,0,0,1,"CHH",1
"6912","phage_lambda",48368,48369,0,0,1,"CHH",1
"6913","phage_lambda",48402,48403,0,0,1,"CHH",1
"6914","phage_lambda",48410,48411,0,0,1,"CHH",1
"6915","phage_lambda",48415,48416,0,0,1,"CHH",1
"6916","phage_lambda",48416,48417,0,0,1,"CHH",1
"6917","phage_lambda",48420,48421,0,0,1,"CHH",1
"6918","phage_lambda",48423,48424,0,0,1,"CHH",1
"6919","phage_lambda",48424,48425,0,0,1,"CHH",1
"6920","phage_lambda",48439,48440,0,0,1,"CHH",1
"6921","phage_lambda",48441,48442,0,0,1,"CHH",1
"6922","phage_lambda",48446,48447,0,0,1,"CHH",1
"6923","phage_lambda",48449,48450,0,0,1,"CHH",1
"6924","phage_lambda",48452,48453,0,0,1,"CHH",1
"6925","phage_lambda",48474,48475,0,0,1,"CHH",1
"6926","phage_lambda",48486,48487,0,0,1,"CHH",1
"6927","phage_lambda",48496,48497,0,0,1,"CHH",1
